order_item_id,order_id,product_id,quantity,unit_price
1,1,120,1,707670.83
2,1,146,5,2540340.64
3,1,179,4,3106501.19
4,2,30,1,2787006.61
5,3,187,2,3468801.92
6,3,23,3,4164412.78
7,4,197,2,538853.4
8,5,56,3,2673072.13
9,6,21,2,3840987.19
10,6,186,2,3202933.03
11,6,64,3,2714371.08
12,6,79,1,586613.11
13,7,181,2,3547673.65
14,7,74,5,4308953.98
15,7,46,3,3883277.72
16,7,72,4,508883.41
17,8,49,2,1953251.37
18,8,70,2,415764.4
19,9,67,3,2146667.08
20,9,179,1,3106501.19
21,9,113,4,3320875.61
22,10,149,5,3713610.1
23,10,94,4,901465.66
24,10,90,2,2734021.23
25,11,150,4,4552904.16
26,12,138,2,2575498.97
27,12,146,4,2540340.64
28,13,166,2,3400504.69
29,13,175,3,4162655.26
30,13,74,5,4308953.98
31,14,24,2,4173280.87
32,14,132,3,2338058.23
33,14,198,2,2867439.19
34,15,67,2,2146667.08
35,15,9,4,2638821.35
36,15,30,2,2787006.61
37,15,133,4,4452329.5
38,16,96,5,1653856.01
39,16,145,1,1451907.88
40,16,97,3,475401.7
41,17,162,3,1187465.03
42,18,41,4,1886723.06
43,19,86,2,3113852.32
44,19,87,3,4870111.36
45,19,166,3,3400504.69
46,19,26,2,2420440.23
47,20,140,4,858353.11
48,20,48,5,1045805.87
49,20,193,4,3061251.88
50,20,6,5,568778.62
51,21,188,3,1305249.56
52,21,103,3,4594545.57
53,21,122,5,3125661.2
54,21,63,3,877093.0
55,22,174,2,1583517.39
56,22,103,5,4594545.57
57,22,77,1,3949174.06
58,22,11,4,2610536.36
59,23,199,5,118354.85
60,23,69,1,4091773.85
61,23,148,2,1394205.15
62,23,103,5,4594545.57
63,24,77,5,3949174.06
64,24,153,2,2437469.61
65,25,34,3,3141891.47
66,25,170,1,1295336.0
67,26,80,2,4232687.16
68,27,118,4,741379.54
69,27,102,1,2862125.13
70,27,43,2,149050.5
71,28,45,3,3668894.31
72,28,78,1,2450345.99
73,29,61,4,2758094.14
74,29,53,1,136839.3
75,30,40,5,2637374.59
76,30,176,3,511051.33
77,31,123,2,2135020.31
78,32,26,4,2420440.23
79,32,121,2,4470572.78
80,32,141,4,3641684.28
81,33,119,1,4875500.76
82,33,181,4,3547673.65
83,33,63,2,877093.0
84,33,196,3,4565230.88
85,34,103,3,4594545.57
86,34,198,3,2867439.19
87,35,153,3,2437469.61
88,35,101,4,1048166.87
89,35,137,5,3898172.49
90,35,19,1,1290727.17
91,36,156,2,3769987.45
92,36,46,3,3883277.72
93,37,88,5,1720052.94
94,37,129,5,3531790.65
95,37,1,4,4105817.09
96,38,166,2,3400504.69
97,39,128,1,191472.83
98,39,49,2,1953251.37
99,40,112,4,2045012.46
100,40,24,2,4173280.87
101,40,87,4,4870111.36
102,41,73,4,2365965.73
103,41,80,4,4232687.16
104,42,67,4,2146667.08
105,43,42,5,4568935.38
106,43,102,1,2862125.13
107,44,22,1,1723273.89
108,44,89,4,3926962.03
109,44,176,1,511051.33
110,44,188,2,1305249.56
111,45,33,4,4207677.29
112,45,148,4,1394205.15
113,45,130,1,4809645.3
114,46,168,1,4782013.69
115,46,172,3,3678209.44
116,46,103,4,4594545.57
117,46,109,3,570749.13
118,47,155,4,2987831.86
119,48,200,3,3273005.03
120,48,122,5,3125661.2
121,48,183,3,3290563.28
122,49,46,4,3883277.72
123,50,173,3,2611762.8
124,50,21,5,3840987.19
125,50,39,3,4151550.91
126,50,2,2,4220465.41
127,51,112,1,2045012.46
128,51,13,1,3550220.66
129,51,119,4,4875500.76
130,51,73,4,2365965.73
131,52,13,3,3550220.66
132,52,154,3,1730668.78
133,52,176,4,511051.33
134,53,173,1,2611762.8
135,53,76,5,3505582.74
136,53,197,3,538853.4
137,54,76,4,3505582.74
138,54,92,1,593756.23
139,55,84,5,3967343.92
140,55,77,1,3949174.06
141,55,163,3,2386083.16
142,55,10,1,4637349.21
143,56,64,1,2714371.08
144,56,45,2,3668894.31
145,56,22,2,1723273.89
146,56,137,4,3898172.49
147,57,71,5,2849751.78
148,57,89,2,3926962.03
149,57,118,5,741379.54
150,57,177,5,1773794.19
151,58,11,1,2610536.36
152,58,20,2,1518912.87
153,58,84,5,3967343.92
154,58,96,1,1653856.01
155,59,132,3,2338058.23
156,59,186,4,3202933.03
157,59,21,4,3840987.19
158,59,87,1,4870111.36
159,60,192,1,2216859.79
160,60,66,4,551986.42
161,61,50,5,45446.6
162,62,78,5,2450345.99
163,62,158,2,1074012.32
164,62,132,1,2338058.23
165,63,147,4,1278953.6
166,63,122,3,3125661.2
167,63,56,2,2673072.13
168,64,129,5,3531790.65
169,64,172,4,3678209.44
170,64,12,2,2475209.66
171,65,70,2,415764.4
172,65,2,1,4220465.41
173,65,105,4,3067166.51
174,66,71,4,2849751.78
175,66,69,5,4091773.85
176,67,25,1,4582911.19
177,67,57,3,3363842.11
178,67,58,2,808542.67
179,68,157,3,1208788.51
180,69,151,3,3304299.31
181,69,108,5,29195.49
182,69,163,4,2386083.16
183,69,153,4,2437469.61
184,70,88,3,1720052.94
185,71,89,4,3926962.03
186,71,114,4,961428.52
187,71,39,2,4151550.91
188,72,173,3,2611762.8
189,72,100,4,3087471.53
190,73,170,5,1295336.0
191,74,162,4,1187465.03
192,75,22,5,1723273.89
193,75,54,3,3203282.99
194,75,192,3,2216859.79
195,76,193,4,3061251.88
196,76,81,1,3032090.15
197,76,116,2,4987343.81
198,77,160,5,286302.91
199,77,91,4,3321495.98
200,78,196,5,4565230.88
201,78,6,4,568778.62
202,78,193,2,3061251.88
203,78,73,4,2365965.73
204,79,97,1,475401.7
205,79,156,1,3769987.45
206,80,56,3,2673072.13
207,80,55,2,1022763.67
208,80,29,2,4179651.04
209,80,147,4,1278953.6
210,81,91,5,3321495.98
211,81,193,3,3061251.88
212,81,56,3,2673072.13
213,81,108,3,29195.49
214,82,171,3,2319015.25
215,83,58,4,808542.67
216,83,104,3,4951689.05
217,83,127,4,1364520.98
218,83,194,2,564441.58
219,84,103,1,4594545.57
220,84,74,5,4308953.98
221,85,196,2,4565230.88
222,85,119,1,4875500.76
223,85,168,4,4782013.69
224,86,108,1,29195.49
225,86,106,5,4241992.81
226,86,49,2,1953251.37
227,86,163,2,2386083.16
228,87,154,5,1730668.78
229,88,6,2,568778.62
230,88,84,5,3967343.92
231,88,157,4,1208788.51
232,88,64,1,2714371.08
233,89,6,4,568778.62
234,89,191,5,4779138.35
235,89,154,5,1730668.78
236,90,42,3,4568935.38
237,90,118,2,741379.54
238,91,121,2,4470572.78
239,91,183,3,3290563.28
240,92,76,1,3505582.74
241,92,17,2,2813067.14
242,93,118,4,741379.54
243,93,63,2,877093.0
244,93,176,2,511051.33
245,93,155,4,2987831.86
246,94,155,3,2987831.86
247,95,63,1,877093.0
248,95,119,1,4875500.76
249,96,175,4,4162655.26
250,97,99,5,2278547.74
251,97,19,1,1290727.17
252,97,107,5,1861883.9
253,97,67,5,2146667.08
254,98,113,4,3320875.61
255,99,75,4,4566486.51
256,100,94,4,901465.66
257,101,110,3,1195324.82
258,101,32,5,354409.88
259,101,27,1,4462990.18
260,101,38,2,4388317.44
261,102,106,2,4241992.81
262,102,169,2,1691462.85
263,102,87,4,4870111.36
264,103,68,3,3091168.8
265,103,25,1,4582911.19
266,104,182,3,4285793.1
267,104,126,3,4237849.34
268,104,193,3,3061251.88
269,104,63,4,877093.0
270,105,116,5,4987343.81
271,105,180,3,4753682.57
272,105,67,5,2146667.08
273,106,195,2,1111472.83
274,107,134,1,2375446.57
275,107,74,2,4308953.98
276,108,145,3,1451907.88
277,108,93,3,1643756.02
278,108,183,2,3290563.28
279,109,122,3,3125661.2
280,109,183,2,3290563.28
281,109,113,2,3320875.61
282,110,156,4,3769987.45
283,110,75,3,4566486.51
284,111,8,5,2149591.69
285,111,55,3,1022763.67
286,112,150,3,4552904.16
287,112,4,3,1662812.42
288,113,123,2,2135020.31
289,113,159,5,295270.79
290,113,44,5,791536.94
291,113,89,3,3926962.03
292,114,97,2,475401.7
293,114,125,5,3032751.96
294,114,166,4,3400504.69
295,115,124,1,1792653.47
296,115,98,1,3791461.64
297,116,58,2,808542.67
298,116,80,2,4232687.16
299,116,53,3,136839.3
300,117,167,2,509387.5
301,118,128,1,191472.83
302,118,118,5,741379.54
303,118,146,2,2540340.64
304,119,94,1,901465.66
305,119,171,4,2319015.25
306,120,85,5,2019061.96
307,121,70,5,415764.4
308,122,15,4,3693905.17
309,123,63,2,877093.0
310,123,66,2,551986.42
311,124,177,4,1773794.19
312,124,184,2,4482608.11
313,125,156,3,3769987.45
314,126,24,1,4173280.87
315,126,191,2,4779138.35
316,126,49,5,1953251.37
317,127,16,2,2084854.67
318,127,54,5,3203282.99
319,127,59,5,4792532.82
320,128,119,3,4875500.76
321,128,26,1,2420440.23
322,128,138,2,2575498.97
323,128,14,4,613080.49
324,129,114,1,961428.52
325,130,51,2,1683116.52
326,130,26,5,2420440.23
327,130,139,4,2119555.13
328,130,151,3,3304299.31
329,131,149,4,3713610.1
330,132,185,4,1285345.3
331,133,151,5,3304299.31
332,133,163,4,2386083.16
333,134,65,4,169238.61
334,135,127,3,1364520.98
335,135,162,5,1187465.03
336,135,46,4,3883277.72
337,136,166,5,3400504.69
338,136,77,2,3949174.06
339,136,68,3,3091168.8
340,137,174,3,1583517.39
341,137,144,4,4049256.5
342,137,129,1,3531790.65
343,138,125,3,3032751.96
344,138,2,5,4220465.41
345,139,127,4,1364520.98
346,139,42,3,4568935.38
347,139,46,1,3883277.72
348,139,17,4,2813067.14
349,140,164,2,4354631.74
350,140,176,2,511051.33
351,140,138,1,2575498.97
352,141,55,5,1022763.67
353,141,79,3,586613.11
354,142,197,1,538853.4
355,142,136,3,3074869.59
356,142,121,5,4470572.78
357,143,147,2,1278953.6
358,143,173,3,2611762.8
359,144,50,4,45446.6
360,144,197,2,538853.4
361,145,157,2,1208788.51
362,145,170,3,1295336.0
363,146,168,3,4782013.69
364,146,153,2,2437469.61
365,146,107,3,1861883.9
366,146,200,4,3273005.03
367,147,95,3,3001339.43
368,147,38,3,4388317.44
369,147,79,3,586613.11
370,148,79,4,586613.11
371,148,109,1,570749.13
372,148,145,4,1451907.88
373,148,101,1,1048166.87
374,149,91,3,3321495.98
375,149,166,1,3400504.69
376,149,36,2,3533699.27
377,149,117,2,693030.3
378,150,76,3,3505582.74
379,150,96,4,1653856.01
380,150,7,4,4936266.59
381,151,143,2,2874978.48
382,151,144,2,4049256.5
383,151,190,5,1958237.38
384,152,71,2,2849751.78
385,152,28,3,2325788.62
386,152,20,4,1518912.87
387,152,63,5,877093.0
388,153,12,4,2475209.66
389,153,200,2,3273005.03
390,153,169,3,1691462.85
391,153,100,5,3087471.53
392,154,16,3,2084854.67
393,154,26,3,2420440.23
394,154,15,5,3693905.17
395,154,164,3,4354631.74
396,155,73,1,2365965.73
397,155,29,3,4179651.04
398,155,121,4,4470572.78
399,155,35,2,957210.08
400,156,151,5,3304299.31
401,156,77,2,3949174.06
402,157,113,2,3320875.61
403,158,147,3,1278953.6
404,158,140,5,858353.11
405,158,196,5,4565230.88
406,159,177,1,1773794.19
407,159,6,3,568778.62
408,159,36,3,3533699.27
409,160,192,4,2216859.79
410,160,55,2,1022763.67
411,160,48,4,1045805.87
412,160,83,3,1646201.9
413,161,51,3,1683116.52
414,161,174,3,1583517.39
415,161,181,5,3547673.65
416,162,36,1,3533699.27
417,163,110,5,1195324.82
418,163,102,1,2862125.13
419,163,125,5,3032751.96
420,163,13,3,3550220.66
421,164,145,4,1451907.88
422,165,130,3,4809645.3
423,166,73,1,2365965.73
424,166,148,1,1394205.15
425,166,86,5,3113852.32
426,166,163,1,2386083.16
427,167,137,2,3898172.49
428,168,147,4,1278953.6
429,169,193,4,3061251.88
430,169,19,3,1290727.17
431,170,116,3,4987343.81
432,170,190,1,1958237.38
433,170,39,2,4151550.91
434,170,167,5,509387.5
435,171,117,4,693030.3
436,171,136,1,3074869.59
437,171,200,4,3273005.03
438,172,2,1,4220465.41
439,172,160,1,286302.91
440,172,100,2,3087471.53
441,173,110,2,1195324.82
442,173,39,5,4151550.91
443,173,67,3,2146667.08
444,174,168,5,4782013.69
445,174,171,3,2319015.25
446,174,52,5,2614874.12
447,174,198,2,2867439.19
448,175,198,2,2867439.19
449,175,38,3,4388317.44
450,176,26,5,2420440.23
451,176,7,5,4936266.59
452,177,200,2,3273005.03
453,178,18,2,81203.91
454,178,84,2,3967343.92
455,178,81,2,3032090.15
456,179,42,2,4568935.38
457,179,109,2,570749.13
458,179,70,3,415764.4
459,180,36,4,3533699.27
460,181,97,1,475401.7
461,182,191,1,4779138.35
462,182,190,4,1958237.38
463,182,54,4,3203282.99
464,182,98,4,3791461.64
465,183,53,4,136839.3
466,183,198,5,2867439.19
467,184,24,2,4173280.87
468,185,42,2,4568935.38
469,186,126,5,4237849.34
470,187,192,2,2216859.79
471,187,82,2,537087.75
472,187,107,1,1861883.9
473,188,123,1,2135020.31
474,188,66,4,551986.42
475,188,131,1,3657672.71
476,189,98,4,3791461.64
477,190,26,1,2420440.23
478,190,91,4,3321495.98
479,190,93,3,1643756.02
480,190,80,2,4232687.16
481,191,167,4,509387.5
482,192,5,3,1068980.71
483,192,71,1,2849751.78
484,192,187,2,3468801.92
485,192,166,2,3400504.69
486,193,145,2,1451907.88
487,193,3,5,2367313.8
488,194,36,4,3533699.27
489,194,178,1,1278183.13
490,195,153,2,2437469.61
491,196,96,2,1653856.01
492,196,159,4,295270.79
493,196,107,2,1861883.9
494,197,133,2,4452329.5
495,197,39,3,4151550.91
496,198,42,1,4568935.38
497,199,53,3,136839.3
498,199,79,3,586613.11
499,199,104,5,4951689.05
500,199,161,3,2394253.91
501,200,7,3,4936266.59
502,201,121,1,4470572.78
503,202,105,5,3067166.51
504,202,12,4,2475209.66
505,203,41,1,1886723.06
506,203,26,3,2420440.23
507,204,24,1,4173280.87
508,204,108,1,29195.49
509,205,119,2,4875500.76
510,205,107,5,1861883.9
511,205,138,1,2575498.97
512,205,113,3,3320875.61
513,206,121,5,4470572.78
514,206,66,3,551986.42
515,206,33,5,4207677.29
516,206,83,1,1646201.9
517,207,127,2,1364520.98
518,207,192,2,2216859.79
519,207,147,5,1278953.6
520,207,51,2,1683116.52
521,208,58,1,808542.67
522,208,169,1,1691462.85
523,209,73,2,2365965.73
524,209,158,3,1074012.32
525,209,27,2,4462990.18
526,209,64,3,2714371.08
527,210,182,5,4285793.1
528,210,119,5,4875500.76
529,210,172,5,3678209.44
530,211,195,4,1111472.83
531,211,34,3,3141891.47
532,211,84,2,3967343.92
533,212,192,4,2216859.79
534,213,51,2,1683116.52
535,214,37,1,1375699.65
536,215,42,3,4568935.38
537,215,102,1,2862125.13
538,216,124,5,1792653.47
539,216,89,4,3926962.03
540,216,49,4,1953251.37
541,216,161,2,2394253.91
542,217,160,1,286302.91
543,217,68,3,3091168.8
544,217,140,5,858353.11
545,217,113,3,3320875.61
546,218,48,4,1045805.87
547,218,66,5,551986.42
548,218,88,4,1720052.94
549,219,172,3,3678209.44
550,220,17,1,2813067.14
551,220,94,5,901465.66
552,220,110,2,1195324.82
553,221,59,4,4792532.82
554,222,31,5,2897553.27
555,223,33,4,4207677.29
556,223,89,4,3926962.03
557,223,79,5,586613.11
558,224,130,2,4809645.3
559,225,131,2,3657672.71
560,225,50,1,45446.6
561,225,37,2,1375699.65
562,225,175,3,4162655.26
563,226,145,5,1451907.88
564,226,136,1,3074869.59
565,227,139,5,2119555.13
566,227,59,2,4792532.82
567,227,178,3,1278183.13
568,228,26,2,2420440.23
569,228,175,5,4162655.26
570,229,193,2,3061251.88
571,229,184,5,4482608.11
572,230,52,3,2614874.12
573,230,72,4,508883.41
574,230,13,5,3550220.66
575,230,103,4,4594545.57
576,231,120,3,707670.83
577,231,83,1,1646201.9
578,231,35,1,957210.08
579,231,185,3,1285345.3
580,232,54,5,3203282.99
581,232,188,1,1305249.56
582,232,157,1,1208788.51
583,233,36,2,3533699.27
584,233,37,4,1375699.65
585,233,124,2,1792653.47
586,233,42,4,4568935.38
587,234,152,1,1324731.62
588,234,50,2,45446.6
589,234,64,3,2714371.08
590,234,90,2,2734021.23
591,235,32,2,354409.88
592,235,186,2,3202933.03
593,235,190,4,1958237.38
594,235,150,2,4552904.16
595,236,195,1,1111472.83
596,236,84,5,3967343.92
597,236,3,3,2367313.8
598,237,198,5,2867439.19
599,238,60,1,534317.08
600,238,170,5,1295336.0
601,238,113,5,3320875.61
602,238,77,4,3949174.06
603,239,19,3,1290727.17
604,239,194,3,564441.58
605,240,98,3,3791461.64
606,241,161,4,2394253.91
607,242,150,4,4552904.16
608,242,44,3,791536.94
609,242,182,2,4285793.1
610,242,178,5,1278183.13
611,243,23,5,4164412.78
612,244,62,4,4717807.15
613,244,171,4,2319015.25
614,244,127,1,1364520.98
615,245,198,3,2867439.19
616,246,65,3,169238.61
617,246,164,4,4354631.74
618,246,131,3,3657672.71
619,247,22,4,1723273.89
620,247,4,2,1662812.42
621,247,26,5,2420440.23
622,248,57,3,3363842.11
623,248,152,1,1324731.62
624,248,112,4,2045012.46
625,248,171,5,2319015.25
626,249,156,1,3769987.45
627,249,133,5,4452329.5
628,249,171,1,2319015.25
629,249,98,5,3791461.64
630,250,148,1,1394205.15
631,251,196,2,4565230.88
632,252,149,5,3713610.1
633,252,173,4,2611762.8
634,252,182,4,4285793.1
635,253,89,4,3926962.03
636,254,147,4,1278953.6
637,254,134,1,2375446.57
638,254,10,2,4637349.21
639,254,103,5,4594545.57
640,255,7,3,4936266.59
641,255,162,1,1187465.03
642,256,106,4,4241992.81
643,256,8,3,2149591.69
644,256,187,3,3468801.92
645,257,91,4,3321495.98
646,257,64,1,2714371.08
647,257,71,3,2849751.78
648,258,179,2,3106501.19
649,258,163,2,2386083.16
650,258,68,5,3091168.8
651,258,197,5,538853.4
652,259,190,3,1958237.38
653,259,103,2,4594545.57
654,259,193,4,3061251.88
655,260,86,3,3113852.32
656,261,82,1,537087.75
657,261,79,1,586613.11
658,262,81,2,3032090.15
659,262,160,4,286302.91
660,262,128,2,191472.83
661,262,164,3,4354631.74
662,263,90,2,2734021.23
663,263,87,2,4870111.36
664,263,113,3,3320875.61
665,263,93,1,1643756.02
666,264,49,5,1953251.37
667,265,130,5,4809645.3
668,265,180,3,4753682.57
669,265,165,5,4637932.07
670,266,102,1,2862125.13
671,266,159,2,295270.79
672,267,24,5,4173280.87
673,268,68,5,3091168.8
674,268,38,3,4388317.44
675,268,184,4,4482608.11
676,268,88,2,1720052.94
677,269,27,5,4462990.18
678,269,189,1,1404505.22
679,269,76,3,3505582.74
680,269,158,2,1074012.32
681,270,11,3,2610536.36
682,270,63,1,877093.0
683,270,141,4,3641684.28
684,270,40,2,2637374.59
685,271,63,4,877093.0
686,271,58,2,808542.67
687,272,4,2,1662812.42
688,272,76,1,3505582.74
689,273,113,5,3320875.61
690,273,107,2,1861883.9
691,273,143,4,2874978.48
692,273,142,2,330553.37
693,274,161,3,2394253.91
694,274,148,3,1394205.15
695,274,100,3,3087471.53
696,274,192,4,2216859.79
697,275,94,5,901465.66
698,275,61,3,2758094.14
699,275,82,1,537087.75
700,276,83,2,1646201.9
701,276,180,5,4753682.57
702,277,25,4,4582911.19
703,277,130,5,4809645.3
704,278,27,3,4462990.18
705,278,155,5,2987831.86
706,278,59,2,4792532.82
707,279,69,5,4091773.85
708,279,148,4,1394205.15
709,279,14,4,613080.49
710,279,118,5,741379.54
711,280,17,4,2813067.14
712,280,44,5,791536.94
713,280,6,1,568778.62
714,280,144,3,4049256.5
715,281,181,3,3547673.65
716,281,38,1,4388317.44
717,281,17,3,2813067.14
718,281,175,5,4162655.26
719,282,187,5,3468801.92
720,282,8,4,2149591.69
721,282,183,4,3290563.28
722,283,102,4,2862125.13
723,283,56,3,2673072.13
724,284,85,5,2019061.96
725,284,60,4,534317.08
726,284,146,2,2540340.64
727,285,2,3,4220465.41
728,285,157,5,1208788.51
729,285,14,1,613080.49
730,286,158,1,1074012.32
731,287,187,2,3468801.92
732,287,42,5,4568935.38
733,287,188,2,1305249.56
734,287,50,2,45446.6
735,288,167,4,509387.5
736,289,85,1,2019061.96
737,290,104,5,4951689.05
738,291,105,2,3067166.51
739,291,98,3,3791461.64
740,291,179,2,3106501.19
741,291,122,1,3125661.2
742,292,91,4,3321495.98
743,292,46,3,3883277.72
744,292,182,4,4285793.1
745,293,48,3,1045805.87
746,294,52,1,2614874.12
747,294,59,3,4792532.82
748,294,90,4,2734021.23
749,294,166,1,3400504.69
750,295,6,5,568778.62
751,295,156,1,3769987.45
752,295,16,3,2084854.67
753,296,44,1,791536.94
754,297,2,3,4220465.41
755,298,79,3,586613.11
756,298,8,1,2149591.69
757,298,146,2,2540340.64
758,298,145,2,1451907.88
759,299,47,1,4115139.13
760,299,138,2,2575498.97
761,299,56,5,2673072.13
762,299,89,3,3926962.03
763,300,113,2,3320875.61
764,300,181,5,3547673.65
765,301,114,5,961428.52
766,301,8,1,2149591.69
767,302,80,3,4232687.16
768,303,90,2,2734021.23
769,304,26,2,2420440.23
770,304,128,5,191472.83
771,305,157,4,1208788.51
772,305,87,5,4870111.36
773,306,115,1,4203814.37
774,306,30,3,2787006.61
775,306,172,2,3678209.44
776,306,142,3,330553.37
777,307,62,2,4717807.15
778,307,126,4,4237849.34
779,308,92,1,593756.23
780,309,169,1,1691462.85
781,309,182,5,4285793.1
782,309,194,1,564441.58
783,309,152,3,1324731.62
784,310,194,3,564441.58
785,310,140,3,858353.11
786,310,165,2,4637932.07
787,310,52,4,2614874.12
788,311,75,4,4566486.51
789,311,161,4,2394253.91
790,312,97,4,475401.7
791,312,22,1,1723273.89
792,312,126,3,4237849.34
793,312,7,5,4936266.59
794,313,157,3,1208788.51
795,313,100,1,3087471.53
796,313,79,5,586613.11
797,313,128,1,191472.83
798,314,23,5,4164412.78
799,314,79,5,586613.11
800,315,165,1,4637932.07
801,315,81,5,3032090.15
802,316,13,3,3550220.66
803,317,49,4,1953251.37
804,317,91,5,3321495.98
805,317,138,5,2575498.97
806,317,14,2,613080.49
807,318,175,2,4162655.26
808,318,179,1,3106501.19
809,318,12,4,2475209.66
810,319,57,3,3363842.11
811,319,183,1,3290563.28
812,320,127,5,1364520.98
813,320,53,5,136839.3
814,321,12,4,2475209.66
815,322,177,3,1773794.19
816,322,30,1,2787006.61
817,323,169,2,1691462.85
818,323,85,4,2019061.96
819,324,96,1,1653856.01
820,324,103,2,4594545.57
821,325,154,5,1730668.78
822,325,64,3,2714371.08
823,326,175,3,4162655.26
824,326,147,2,1278953.6
825,326,182,3,4285793.1
826,326,161,4,2394253.91
827,327,107,4,1861883.9
828,328,72,3,508883.41
829,328,49,5,1953251.37
830,328,200,1,3273005.03
831,328,125,4,3032751.96
832,329,179,4,3106501.19
833,330,170,2,1295336.0
834,330,177,1,1773794.19
835,331,30,2,2787006.61
836,332,18,2,81203.91
837,332,47,3,4115139.13
838,332,138,4,2575498.97
839,332,84,3,3967343.92
840,333,73,1,2365965.73
841,333,146,1,2540340.64
842,333,67,4,2146667.08
843,334,23,4,4164412.78
844,334,143,2,2874978.48
845,335,133,4,4452329.5
846,335,10,4,4637349.21
847,336,29,2,4179651.04
848,337,100,2,3087471.53
849,338,196,1,4565230.88
850,339,112,3,2045012.46
851,339,158,4,1074012.32
852,340,114,1,961428.52
853,340,153,5,2437469.61
854,341,197,3,538853.4
855,341,54,1,3203282.99
856,342,40,3,2637374.59
857,343,45,2,3668894.31
858,343,90,1,2734021.23
859,343,119,4,4875500.76
860,344,40,2,2637374.59
861,344,75,2,4566486.51
862,344,130,2,4809645.3
863,344,17,3,2813067.14
864,345,7,5,4936266.59
865,345,113,5,3320875.61
866,345,18,3,81203.91
867,345,63,5,877093.0
868,346,37,3,1375699.65
869,346,141,1,3641684.28
870,347,176,1,511051.33
871,348,133,2,4452329.5
872,348,137,3,3898172.49
873,348,5,3,1068980.71
874,348,159,1,295270.79
875,349,27,2,4462990.18
876,349,176,1,511051.33
877,350,1,5,4105817.09
878,350,145,1,1451907.88
879,350,15,2,3693905.17
880,350,100,1,3087471.53
881,351,6,4,568778.62
882,352,73,4,2365965.73
883,352,176,2,511051.33
884,352,158,4,1074012.32
885,352,100,5,3087471.53
886,353,89,4,3926962.03
887,353,163,2,2386083.16
888,353,117,4,693030.3
889,354,58,2,808542.67
890,354,37,4,1375699.65
891,354,74,3,4308953.98
892,355,95,1,3001339.43
893,355,190,4,1958237.38
894,356,37,4,1375699.65
895,356,11,5,2610536.36
896,356,118,2,741379.54
897,357,33,4,4207677.29
898,357,161,4,2394253.91
899,357,91,4,3321495.98
900,357,54,4,3203282.99
901,358,114,3,961428.52
902,358,100,3,3087471.53
903,358,119,4,4875500.76
904,358,94,2,901465.66
905,359,63,2,877093.0
906,359,56,5,2673072.13
907,360,187,5,3468801.92
908,360,169,3,1691462.85
909,361,141,3,3641684.28
910,361,196,2,4565230.88
911,361,105,4,3067166.51
912,361,96,2,1653856.01
913,362,28,3,2325788.62
914,362,139,5,2119555.13
915,362,167,4,509387.5
916,362,116,1,4987343.81
917,363,56,5,2673072.13
918,363,87,2,4870111.36
919,364,133,1,4452329.5
920,364,111,2,3135441.16
921,364,47,4,4115139.13
922,364,114,5,961428.52
923,365,70,5,415764.4
924,365,191,2,4779138.35
925,366,148,3,1394205.15
926,366,51,4,1683116.52
927,366,39,2,4151550.91
928,366,106,2,4241992.81
929,367,81,1,3032090.15
930,367,157,1,1208788.51
931,367,196,1,4565230.88
932,367,136,1,3074869.59
933,368,3,1,2367313.8
934,369,24,2,4173280.87
935,369,81,2,3032090.15
936,369,92,2,593756.23
937,370,17,3,2813067.14
938,370,93,5,1643756.02
939,370,160,4,286302.91
940,371,87,3,4870111.36
941,371,181,1,3547673.65
942,371,45,5,3668894.31
943,371,75,2,4566486.51
944,372,42,1,4568935.38
945,372,107,5,1861883.9
946,373,41,4,1886723.06
947,373,144,3,4049256.5
948,373,142,2,330553.37
949,373,161,1,2394253.91
950,374,114,1,961428.52
951,374,25,2,4582911.19
952,375,122,1,3125661.2
953,375,98,5,3791461.64
954,375,123,3,2135020.31
955,375,44,4,791536.94
956,376,115,4,4203814.37
957,376,6,5,568778.62
958,377,87,1,4870111.36
959,377,22,2,1723273.89
960,377,95,2,3001339.43
961,378,174,1,1583517.39
962,378,101,2,1048166.87
963,378,39,3,4151550.91
964,379,183,5,3290563.28
965,379,22,4,1723273.89
966,379,91,1,3321495.98
967,380,44,5,791536.94
968,380,94,3,901465.66
969,380,65,5,169238.61
970,380,50,1,45446.6
971,381,82,2,537087.75
972,381,43,3,149050.5
973,381,14,3,613080.49
974,381,167,4,509387.5
975,382,87,4,4870111.36
976,382,11,1,2610536.36
977,382,70,3,415764.4
978,382,192,5,2216859.79
979,383,34,5,3141891.47
980,384,189,5,1404505.22
981,385,78,4,2450345.99
982,386,121,4,4470572.78
983,386,98,1,3791461.64
984,387,179,3,3106501.19
985,387,97,5,475401.7
986,387,86,4,3113852.32
987,388,182,3,4285793.1
988,388,88,5,1720052.94
989,388,34,2,3141891.47
990,388,89,4,3926962.03
991,389,69,1,4091773.85
992,389,22,3,1723273.89
993,389,116,5,4987343.81
994,390,6,2,568778.62
995,391,63,1,877093.0
996,392,96,2,1653856.01
997,392,17,5,2813067.14
998,393,200,1,3273005.03
999,393,23,1,4164412.78
1000,394,189,3,1404505.22
1001,395,40,5,2637374.59
1002,396,162,5,1187465.03
1003,396,85,1,2019061.96
1004,396,171,1,2319015.25
1005,396,28,2,2325788.62
1006,397,191,2,4779138.35
1007,397,21,1,3840987.19
1008,398,1,4,4105817.09
1009,399,54,1,3203282.99
1010,399,13,4,3550220.66
1011,400,161,4,2394253.91
1012,400,136,2,3074869.59
1013,400,50,4,45446.6
1014,401,121,5,4470572.78
1015,401,74,1,4308953.98
1016,402,48,2,1045805.87
1017,402,130,2,4809645.3
1018,402,2,3,4220465.41
1019,402,21,2,3840987.19
1020,403,180,1,4753682.57
1021,403,32,2,354409.88
1022,404,83,2,1646201.9
1023,404,194,2,564441.58
1024,405,163,4,2386083.16
1025,405,152,5,1324731.62
1026,405,76,3,3505582.74
1027,405,154,2,1730668.78
1028,406,65,5,169238.61
1029,406,89,1,3926962.03
1030,406,189,3,1404505.22
1031,406,62,3,4717807.15
1032,407,17,1,2813067.14
1033,407,16,4,2084854.67
1034,408,188,4,1305249.56
1035,408,16,1,2084854.67
1036,408,159,4,295270.79
1037,409,191,1,4779138.35
1038,410,151,5,3304299.31
1039,410,198,1,2867439.19
1040,410,93,5,1643756.02
1041,411,187,3,3468801.92
1042,411,82,4,537087.75
1043,411,116,3,4987343.81
1044,412,77,5,3949174.06
1045,412,196,2,4565230.88
1046,412,126,2,4237849.34
1047,412,81,5,3032090.15
1048,413,11,3,2610536.36
1049,413,177,4,1773794.19
1050,414,119,2,4875500.76
1051,414,84,2,3967343.92
1052,414,104,4,4951689.05
1053,414,116,4,4987343.81
1054,415,36,3,3533699.27
1055,416,162,1,1187465.03
1056,416,39,4,4151550.91
1057,416,103,2,4594545.57
1058,416,94,2,901465.66
1059,417,56,1,2673072.13
1060,417,25,4,4582911.19
1061,418,39,1,4151550.91
1062,418,70,4,415764.4
1063,418,87,4,4870111.36
1064,418,51,2,1683116.52
1065,419,141,2,3641684.28
1066,419,72,4,508883.41
1067,419,59,5,4792532.82
1068,420,111,1,3135441.16
1069,420,112,3,2045012.46
1070,420,41,1,1886723.06
1071,420,125,1,3032751.96
1072,421,181,3,3547673.65
1073,421,123,2,2135020.31
1074,421,156,2,3769987.45
1075,422,56,3,2673072.13
1076,422,107,2,1861883.9
1077,422,126,3,4237849.34
1078,422,4,3,1662812.42
1079,423,157,5,1208788.51
1080,423,32,3,354409.88
1081,423,154,3,1730668.78
1082,423,34,3,3141891.47
1083,424,95,4,3001339.43
1084,424,145,1,1451907.88
1085,425,115,3,4203814.37
1086,426,64,2,2714371.08
1087,426,54,3,3203282.99
1088,426,84,4,3967343.92
1089,426,177,3,1773794.19
1090,427,148,2,1394205.15
1091,427,85,2,2019061.96
1092,427,179,3,3106501.19
1093,428,182,5,4285793.1
1094,428,152,2,1324731.62
1095,429,126,4,4237849.34
1096,429,145,1,1451907.88
1097,430,131,2,3657672.71
1098,430,25,5,4582911.19
1099,430,99,3,2278547.74
1100,431,136,4,3074869.59
1101,432,155,4,2987831.86
1102,432,187,4,3468801.92
1103,432,69,2,4091773.85
1104,432,18,3,81203.91
1105,433,94,1,901465.66
1106,433,200,4,3273005.03
1107,434,58,1,808542.67
1108,434,163,3,2386083.16
1109,435,159,2,295270.79
1110,435,124,3,1792653.47
1111,435,144,3,4049256.5
1112,436,81,2,3032090.15
1113,436,155,5,2987831.86
1114,436,138,5,2575498.97
1115,436,52,1,2614874.12
1116,437,188,2,1305249.56
1117,437,16,5,2084854.67
1118,437,189,5,1404505.22
1119,438,64,1,2714371.08
1120,438,97,3,475401.7
1121,438,109,3,570749.13
1122,439,37,1,1375699.65
1123,439,76,1,3505582.74
1124,440,21,2,3840987.19
1125,440,95,4,3001339.43
1126,440,120,4,707670.83
1127,440,199,5,118354.85
1128,441,153,3,2437469.61
1129,441,114,1,961428.52
1130,442,117,5,693030.3
1131,442,71,4,2849751.78
1132,442,51,3,1683116.52
1133,443,151,3,3304299.31
1134,443,33,1,4207677.29
1135,444,14,3,613080.49
1136,445,95,4,3001339.43
1137,445,37,5,1375699.65
1138,445,81,1,3032090.15
1139,445,185,4,1285345.3
1140,446,102,5,2862125.13
1141,446,46,1,3883277.72
1142,446,84,3,3967343.92
1143,447,145,1,1451907.88
1144,447,194,5,564441.58
1145,447,146,1,2540340.64
1146,448,128,1,191472.83
1147,448,17,2,2813067.14
1148,449,27,2,4462990.18
1149,449,134,2,2375446.57
1150,450,194,3,564441.58
1151,451,87,3,4870111.36
1152,451,21,1,3840987.19
1153,451,106,4,4241992.81
1154,452,140,4,858353.11
1155,452,16,2,2084854.67
1156,452,135,5,3428268.25
1157,452,107,1,1861883.9
1158,453,115,1,4203814.37
1159,453,41,3,1886723.06
1160,454,62,5,4717807.15
1161,454,15,1,3693905.17
1162,455,165,2,4637932.07
1163,456,11,2,2610536.36
1164,456,57,2,3363842.11
1165,456,195,5,1111472.83
1166,456,60,3,534317.08
1167,457,100,4,3087471.53
1168,457,194,1,564441.58
1169,457,163,5,2386083.16
1170,458,127,4,1364520.98
1171,458,7,5,4936266.59
1172,458,172,1,3678209.44
1173,459,52,5,2614874.12
1174,460,54,2,3203282.99
1175,461,2,5,4220465.41
1176,461,90,3,2734021.23
1177,461,180,5,4753682.57
1178,461,21,2,3840987.19
1179,462,55,5,1022763.67
1180,462,39,3,4151550.91
1181,462,138,3,2575498.97
1182,462,2,5,4220465.41
1183,463,131,2,3657672.71
1184,463,100,5,3087471.53
1185,463,41,3,1886723.06
1186,464,51,4,1683116.52
1187,464,84,1,3967343.92
1188,464,67,3,2146667.08
1189,465,8,5,2149591.69
1190,465,115,4,4203814.37
1191,465,155,2,2987831.86
1192,465,167,2,509387.5
1193,466,11,4,2610536.36
1194,467,191,2,4779138.35
1195,468,195,3,1111472.83
1196,468,146,2,2540340.64
1197,469,93,2,1643756.02
1198,469,119,5,4875500.76
1199,469,14,3,613080.49
1200,470,131,3,3657672.71
1201,470,7,1,4936266.59
1202,471,47,2,4115139.13
1203,471,86,4,3113852.32
1204,472,185,5,1285345.3
1205,472,84,2,3967343.92
1206,472,118,4,741379.54
1207,472,101,4,1048166.87
1208,473,171,5,2319015.25
1209,473,64,1,2714371.08
1210,473,20,1,1518912.87
1211,474,159,1,295270.79
1212,475,71,1,2849751.78
1213,476,114,5,961428.52
1214,476,98,2,3791461.64
1215,476,187,1,3468801.92
1216,477,95,2,3001339.43
1217,478,109,3,570749.13
1218,478,190,1,1958237.38
1219,479,107,3,1861883.9
1220,479,168,1,4782013.69
1221,479,6,1,568778.62
1222,480,37,2,1375699.65
1223,480,68,1,3091168.8
1224,480,117,1,693030.3
1225,481,45,2,3668894.31
1226,481,4,4,1662812.42
1227,481,29,5,4179651.04
1228,481,23,5,4164412.78
1229,482,70,5,415764.4
1230,482,6,4,568778.62
1231,482,180,1,4753682.57
1232,483,56,4,2673072.13
1233,483,17,4,2813067.14
1234,484,10,4,4637349.21
1235,485,120,5,707670.83
1236,485,106,1,4241992.81
1237,485,45,1,3668894.31
1238,485,4,3,1662812.42
1239,486,185,3,1285345.3
1240,486,123,1,2135020.31
1241,486,52,3,2614874.12
1242,487,61,4,2758094.14
1243,487,177,1,1773794.19
1244,488,145,4,1451907.88
1245,489,60,3,534317.08
1246,489,184,3,4482608.11
1247,489,191,1,4779138.35
1248,489,13,5,3550220.66
1249,490,117,2,693030.3
1250,490,121,3,4470572.78
1251,490,140,3,858353.11
1252,491,83,3,1646201.9
1253,491,189,4,1404505.22
1254,492,149,3,3713610.1
1255,492,103,4,4594545.57
1256,493,197,4,538853.4
1257,493,75,5,4566486.51
1258,493,38,4,4388317.44
1259,494,111,3,3135441.16
1260,494,23,2,4164412.78
1261,494,155,3,2987831.86
1262,495,166,5,3400504.69
1263,495,120,2,707670.83
1264,495,116,1,4987343.81
1265,496,130,5,4809645.3
1266,496,161,3,2394253.91
1267,496,38,5,4388317.44
1268,497,147,2,1278953.6
1269,497,36,4,3533699.27
1270,498,108,1,29195.49
1271,499,134,1,2375446.57
1272,500,66,5,551986.42
1273,501,190,3,1958237.38
1274,501,59,4,4792532.82
1275,502,84,3,3967343.92
1276,503,134,5,2375446.57
1277,503,169,3,1691462.85
1278,503,101,4,1048166.87
1279,503,57,1,3363842.11
1280,504,164,4,4354631.74
1281,504,165,2,4637932.07
1282,505,184,5,4482608.11
1283,505,1,1,4105817.09
1284,506,37,2,1375699.65
1285,506,19,4,1290727.17
1286,506,178,3,1278183.13
1287,506,79,2,586613.11
1288,507,49,1,1953251.37
1289,508,8,3,2149591.69
1290,509,54,2,3203282.99
1291,510,18,3,81203.91
1292,511,31,4,2897553.27
1293,511,109,1,570749.13
1294,511,92,5,593756.23
1295,511,170,3,1295336.0
1296,512,100,3,3087471.53
1297,512,96,4,1653856.01
1298,512,54,5,3203282.99
1299,513,163,4,2386083.16
1300,513,158,1,1074012.32
1301,513,152,4,1324731.62
1302,513,11,3,2610536.36
1303,514,8,4,2149591.69
1304,514,66,4,551986.42
1305,514,180,5,4753682.57
1306,515,109,5,570749.13
1307,516,176,4,511051.33
1308,516,126,1,4237849.34
1309,516,7,4,4936266.59
1310,517,122,3,3125661.2
1311,518,22,2,1723273.89
1312,519,117,4,693030.3
1313,520,62,1,4717807.15
1314,520,155,3,2987831.86
1315,520,121,3,4470572.78
1316,521,56,1,2673072.13
1317,521,158,2,1074012.32
1318,521,106,5,4241992.81
1319,521,25,1,4582911.19
1320,522,18,3,81203.91
1321,522,129,5,3531790.65
1322,522,47,4,4115139.13
1323,522,119,5,4875500.76
1324,523,65,5,169238.61
1325,524,179,5,3106501.19
1326,525,45,1,3668894.31
1327,525,116,3,4987343.81
1328,525,76,5,3505582.74
1329,525,42,3,4568935.38
1330,526,29,2,4179651.04
1331,526,176,4,511051.33
1332,526,40,4,2637374.59
1333,526,20,2,1518912.87
1334,527,100,2,3087471.53
1335,528,12,3,2475209.66
1336,528,78,5,2450345.99
1337,528,47,4,4115139.13
1338,528,58,2,808542.67
1339,529,180,2,4753682.57
1340,529,30,2,2787006.61
1341,529,26,5,2420440.23
1342,529,43,5,149050.5
1343,530,113,4,3320875.61
1344,531,179,5,3106501.19
1345,531,111,3,3135441.16
1346,531,6,5,568778.62
1347,532,108,4,29195.49
1348,533,72,4,508883.41
1349,534,18,3,81203.91
1350,534,17,4,2813067.14
1351,534,23,4,4164412.78
1352,534,68,5,3091168.8
1353,535,36,1,3533699.27
1354,535,31,2,2897553.27
1355,536,147,2,1278953.6
1356,537,115,5,4203814.37
1357,537,169,3,1691462.85
1358,538,123,2,2135020.31
1359,538,18,5,81203.91
1360,538,169,4,1691462.85
1361,539,144,1,4049256.5
1362,540,52,3,2614874.12
1363,540,38,2,4388317.44
1364,541,3,1,2367313.8
1365,541,96,1,1653856.01
1366,541,16,5,2084854.67
1367,541,131,3,3657672.71
1368,542,78,2,2450345.99
1369,543,63,2,877093.0
1370,543,123,4,2135020.31
1371,543,55,4,1022763.67
1372,544,55,5,1022763.67
1373,544,26,5,2420440.23
1374,544,45,1,3668894.31
1375,544,100,2,3087471.53
1376,545,131,1,3657672.71
1377,545,38,4,4388317.44
1378,546,145,2,1451907.88
1379,547,161,4,2394253.91
1380,547,193,3,3061251.88
1381,548,68,1,3091168.8
1382,548,105,4,3067166.51
1383,549,83,4,1646201.9
1384,550,50,3,45446.6
1385,551,116,2,4987343.81
1386,551,156,4,3769987.45
1387,551,58,5,808542.67
1388,551,192,5,2216859.79
1389,552,166,2,3400504.69
1390,552,194,5,564441.58
1391,552,163,5,2386083.16
1392,552,41,3,1886723.06
1393,553,198,1,2867439.19
1394,553,20,4,1518912.87
1395,553,111,1,3135441.16
1396,553,154,5,1730668.78
1397,554,181,2,3547673.65
1398,555,95,3,3001339.43
1399,556,72,3,508883.41
1400,556,119,5,4875500.76
1401,556,167,5,509387.5
1402,556,88,3,1720052.94
1403,557,121,4,4470572.78
1404,557,131,5,3657672.71
1405,557,125,5,3032751.96
1406,558,121,1,4470572.78
1407,558,87,4,4870111.36
1408,559,137,1,3898172.49
1409,559,133,3,4452329.5
1410,559,158,3,1074012.32
1411,560,74,2,4308953.98
1412,560,153,3,2437469.61
1413,560,132,3,2338058.23
1414,561,145,3,1451907.88
1415,561,49,3,1953251.37
1416,562,86,4,3113852.32
1417,562,133,3,4452329.5
1418,563,154,2,1730668.78
1419,563,109,5,570749.13
1420,563,172,2,3678209.44
1421,564,49,5,1953251.37
1422,564,176,5,511051.33
1423,564,93,3,1643756.02
1424,565,119,5,4875500.76
1425,565,149,2,3713610.1
1426,566,186,3,3202933.03
1427,567,53,3,136839.3
1428,567,154,2,1730668.78
1429,568,96,3,1653856.01
1430,568,63,5,877093.0
1431,568,101,4,1048166.87
1432,568,124,5,1792653.47
1433,569,38,1,4388317.44
1434,569,66,3,551986.42
1435,569,156,1,3769987.45
1436,570,141,2,3641684.28
1437,570,101,3,1048166.87
1438,570,1,4,4105817.09
1439,570,18,4,81203.91
1440,571,131,2,3657672.71
1441,571,146,3,2540340.64
1442,571,108,1,29195.49
1443,572,161,4,2394253.91
1444,572,126,4,4237849.34
1445,572,153,4,2437469.61
1446,572,28,3,2325788.62
1447,573,36,2,3533699.27
1448,574,93,1,1643756.02
1449,575,18,3,81203.91
1450,576,141,5,3641684.28
1451,577,33,4,4207677.29
1452,577,25,2,4582911.19
1453,577,191,1,4779138.35
1454,578,3,1,2367313.8
1455,579,160,3,286302.91
1456,579,185,4,1285345.3
1457,579,71,2,2849751.78
1458,580,57,5,3363842.11
1459,580,159,5,295270.79
1460,581,142,2,330553.37
1461,581,91,1,3321495.98
1462,581,61,5,2758094.14
1463,582,196,4,4565230.88
1464,582,57,2,3363842.11
1465,582,44,5,791536.94
1466,583,42,1,4568935.38
1467,584,125,2,3032751.96
1468,584,32,4,354409.88
1469,584,25,2,4582911.19
1470,585,118,2,741379.54
1471,585,157,2,1208788.51
1472,586,72,1,508883.41
1473,586,28,2,2325788.62
1474,587,112,4,2045012.46
1475,587,149,4,3713610.1
1476,587,154,2,1730668.78
1477,588,26,4,2420440.23
1478,588,21,4,3840987.19
1479,589,39,4,4151550.91
1480,589,190,1,1958237.38
1481,589,99,5,2278547.74
1482,589,158,3,1074012.32
1483,590,173,4,2611762.8
1484,590,126,5,4237849.34
1485,591,83,5,1646201.9
1486,591,6,5,568778.62
1487,591,128,4,191472.83
1488,592,156,1,3769987.45
1489,592,53,5,136839.3
1490,592,96,4,1653856.01
1491,592,37,2,1375699.65
1492,593,54,4,3203282.99
1493,593,56,3,2673072.13
1494,593,81,2,3032090.15
1495,593,91,3,3321495.98
1496,594,98,4,3791461.64
1497,594,154,1,1730668.78
1498,595,166,1,3400504.69
1499,595,179,4,3106501.19
1500,596,100,5,3087471.53
1501,597,93,4,1643756.02
1502,597,98,4,3791461.64
1503,597,6,4,568778.62
1504,598,23,2,4164412.78
1505,598,112,3,2045012.46
1506,598,66,3,551986.42
1507,598,90,3,2734021.23
1508,599,41,5,1886723.06
1509,599,44,5,791536.94
1510,599,57,5,3363842.11
1511,599,150,2,4552904.16
1512,600,98,3,3791461.64
1513,601,195,2,1111472.83
1514,602,182,2,4285793.1
1515,603,158,5,1074012.32
1516,604,65,1,169238.61
1517,605,116,2,4987343.81
1518,605,39,4,4151550.91
1519,605,76,3,3505582.74
1520,606,59,3,4792532.82
1521,606,105,2,3067166.51
1522,607,60,1,534317.08
1523,608,147,2,1278953.6
1524,609,141,2,3641684.28
1525,609,121,2,4470572.78
1526,609,109,1,570749.13
1527,610,155,1,2987831.86
1528,610,183,1,3290563.28
1529,611,69,2,4091773.85
1530,612,200,4,3273005.03
1531,613,186,5,3202933.03
1532,613,46,2,3883277.72
1533,613,40,2,2637374.59
1534,614,84,2,3967343.92
1535,615,132,5,2338058.23
1536,615,6,1,568778.62
1537,615,129,4,3531790.65
1538,616,43,4,149050.5
1539,616,13,2,3550220.66
1540,617,62,3,4717807.15
1541,617,156,5,3769987.45
1542,618,119,2,4875500.76
1543,618,63,1,877093.0
1544,618,117,2,693030.3
1545,619,164,1,4354631.74
1546,619,156,1,3769987.45
1547,620,35,5,957210.08
1548,620,1,4,4105817.09
1549,620,74,4,4308953.98
1550,620,118,5,741379.54
1551,621,135,3,3428268.25
1552,621,120,5,707670.83
1553,621,166,5,3400504.69
1554,621,134,4,2375446.57
1555,622,135,5,3428268.25
1556,622,105,4,3067166.51
1557,622,43,2,149050.5
1558,623,53,1,136839.3
1559,624,77,4,3949174.06
1560,624,30,4,2787006.61
1561,624,155,4,2987831.86
1562,625,96,4,1653856.01
1563,625,7,2,4936266.59
1564,625,81,1,3032090.15
1565,626,112,2,2045012.46
1566,626,199,4,118354.85
1567,627,167,4,509387.5
1568,627,78,2,2450345.99
1569,628,5,4,1068980.71
1570,628,59,3,4792532.82
1571,629,103,2,4594545.57
1572,629,120,4,707670.83
1573,629,183,2,3290563.28
1574,629,96,4,1653856.01
1575,630,63,2,877093.0
1576,631,76,3,3505582.74
1577,632,90,4,2734021.23
1578,633,168,3,4782013.69
1579,633,111,3,3135441.16
1580,633,20,5,1518912.87
1581,633,154,5,1730668.78
1582,634,11,3,2610536.36
1583,634,123,2,2135020.31
1584,634,18,3,81203.91
1585,634,91,5,3321495.98
1586,635,3,2,2367313.8
1587,635,26,5,2420440.23
1588,636,16,2,2084854.67
1589,636,7,5,4936266.59
1590,636,131,3,3657672.71
1591,637,115,4,4203814.37
1592,638,157,5,1208788.51
1593,638,118,3,741379.54
1594,638,89,3,3926962.03
1595,639,14,1,613080.49
1596,639,133,4,4452329.5
1597,639,150,4,4552904.16
1598,640,196,5,4565230.88
1599,640,132,5,2338058.23
1600,640,10,5,4637349.21
1601,640,171,1,2319015.25
1602,641,97,4,475401.7
1603,641,85,3,2019061.96
1604,642,37,2,1375699.65
1605,642,196,1,4565230.88
1606,643,71,1,2849751.78
1607,643,101,3,1048166.87
1608,643,57,1,3363842.11
1609,643,11,2,2610536.36
1610,644,108,2,29195.49
1611,644,146,4,2540340.64
1612,645,110,5,1195324.82
1613,645,141,3,3641684.28
1614,646,1,2,4105817.09
1615,646,17,1,2813067.14
1616,647,187,2,3468801.92
1617,647,124,4,1792653.47
1618,647,17,2,2813067.14
1619,648,30,3,2787006.61
1620,648,21,5,3840987.19
1621,648,172,3,3678209.44
1622,648,118,4,741379.54
1623,649,148,3,1394205.15
1624,649,143,3,2874978.48
1625,649,141,5,3641684.28
1626,650,171,5,2319015.25
1627,650,175,5,4162655.26
1628,651,153,2,2437469.61
1629,651,200,1,3273005.03
1630,651,63,4,877093.0
1631,652,70,4,415764.4
1632,652,85,4,2019061.96
1633,652,131,1,3657672.71
1634,652,77,5,3949174.06
1635,653,66,5,551986.42
1636,653,28,2,2325788.62
1637,653,38,2,4388317.44
1638,654,119,1,4875500.76
1639,654,40,5,2637374.59
1640,655,106,4,4241992.81
1641,655,191,5,4779138.35
1642,655,103,3,4594545.57
1643,656,21,5,3840987.19
1644,656,63,4,877093.0
1645,656,42,1,4568935.38
1646,657,15,4,3693905.17
1647,657,112,2,2045012.46
1648,657,104,4,4951689.05
1649,658,8,3,2149591.69
1650,658,86,2,3113852.32
1651,658,95,4,3001339.43
1652,658,31,4,2897553.27
1653,659,151,2,3304299.31
1654,659,55,3,1022763.67
1655,659,104,2,4951689.05
1656,659,111,5,3135441.16
1657,660,87,5,4870111.36
1658,660,41,3,1886723.06
1659,661,22,2,1723273.89
1660,661,26,5,2420440.23
1661,661,189,4,1404505.22
1662,661,3,4,2367313.8
1663,662,179,2,3106501.19
1664,663,1,4,4105817.09
1665,664,9,3,2638821.35
1666,664,35,3,957210.08
1667,665,171,1,2319015.25
1668,665,147,2,1278953.6
1669,665,23,3,4164412.78
1670,666,26,1,2420440.23
1671,666,10,1,4637349.21
1672,666,150,5,4552904.16
1673,667,50,2,45446.6
1674,668,126,3,4237849.34
1675,668,28,5,2325788.62
1676,668,69,5,4091773.85
1677,668,152,1,1324731.62
1678,669,36,5,3533699.27
1679,669,17,3,2813067.14
1680,669,119,2,4875500.76
1681,670,128,5,191472.83
1682,671,177,1,1773794.19
1683,671,73,4,2365965.73
1684,672,171,4,2319015.25
1685,672,42,4,4568935.38
1686,672,178,3,1278183.13
1687,673,76,4,3505582.74
1688,673,168,4,4782013.69
1689,673,181,2,3547673.65
1690,674,171,2,2319015.25
1691,674,84,4,3967343.92
1692,674,54,2,3203282.99
1693,675,10,1,4637349.21
1694,675,21,5,3840987.19
1695,676,38,1,4388317.44
1696,677,33,3,4207677.29
1697,677,39,3,4151550.91
1698,677,186,3,3202933.03
1699,677,19,5,1290727.17
1700,678,184,4,4482608.11
1701,678,124,4,1792653.47
1702,679,165,5,4637932.07
1703,680,182,1,4285793.1
1704,680,54,3,3203282.99
1705,680,122,2,3125661.2
1706,681,50,1,45446.6
1707,681,89,3,3926962.03
1708,681,17,4,2813067.14
1709,681,13,2,3550220.66
1710,682,119,3,4875500.76
1711,682,169,4,1691462.85
1712,682,102,2,2862125.13
1713,682,182,3,4285793.1
1714,683,169,2,1691462.85
1715,683,81,1,3032090.15
1716,683,193,2,3061251.88
1717,683,146,3,2540340.64
1718,684,24,1,4173280.87
1719,684,125,2,3032751.96
1720,684,86,2,3113852.32
1721,684,38,5,4388317.44
1722,685,72,4,508883.41
1723,685,52,1,2614874.12
1724,685,185,1,1285345.3
1725,685,47,3,4115139.13
1726,686,158,1,1074012.32
1727,686,96,1,1653856.01
1728,686,87,4,4870111.36
1729,687,55,3,1022763.67
1730,687,38,5,4388317.44
1731,688,136,5,3074869.59
1732,688,101,5,1048166.87
1733,688,152,2,1324731.62
1734,689,198,5,2867439.19
1735,689,188,5,1305249.56
1736,689,11,3,2610536.36
1737,689,117,5,693030.3
1738,690,12,4,2475209.66
1739,690,73,5,2365965.73
1740,690,86,1,3113852.32
1741,690,5,4,1068980.71
1742,691,119,3,4875500.76
1743,691,156,5,3769987.45
1744,691,147,2,1278953.6
1745,691,60,4,534317.08
1746,692,77,2,3949174.06
1747,692,167,5,509387.5
1748,692,10,3,4637349.21
1749,693,68,1,3091168.8
1750,693,2,2,4220465.41
1751,693,136,4,3074869.59
1752,693,59,2,4792532.82
1753,694,1,3,4105817.09
1754,694,111,5,3135441.16
1755,694,13,5,3550220.66
1756,694,20,4,1518912.87
1757,695,129,3,3531790.65
1758,696,128,5,191472.83
1759,697,137,5,3898172.49
1760,697,170,3,1295336.0
1761,698,61,4,2758094.14
1762,699,46,2,3883277.72
1763,699,140,1,858353.11
1764,699,168,4,4782013.69
1765,700,85,2,2019061.96
1766,701,6,3,568778.62
1767,701,26,2,2420440.23
1768,701,34,3,3141891.47
1769,701,192,3,2216859.79
1770,702,42,2,4568935.38
1771,702,110,3,1195324.82
1772,702,53,1,136839.3
1773,702,187,3,3468801.92
1774,703,139,1,2119555.13
1775,703,178,1,1278183.13
1776,703,141,2,3641684.28
1777,704,1,2,4105817.09
1778,705,200,3,3273005.03
1779,706,30,4,2787006.61
1780,706,196,3,4565230.88
1781,707,129,5,3531790.65
1782,708,131,5,3657672.71
1783,708,32,3,354409.88
1784,708,124,1,1792653.47
1785,708,172,3,3678209.44
1786,709,91,2,3321495.98
1787,710,49,1,1953251.37
1788,710,140,5,858353.11
1789,710,65,1,169238.61
1790,710,186,1,3202933.03
1791,711,38,2,4388317.44
1792,711,88,5,1720052.94
1793,712,123,3,2135020.31
1794,712,194,1,564441.58
1795,713,100,1,3087471.53
1796,713,194,5,564441.58
1797,713,111,4,3135441.16
1798,714,43,5,149050.5
1799,714,49,4,1953251.37
1800,715,191,2,4779138.35
1801,716,143,3,2874978.48
1802,716,198,3,2867439.19
1803,716,118,2,741379.54
1804,716,100,1,3087471.53
1805,717,116,2,4987343.81
1806,718,147,3,1278953.6
1807,719,171,3,2319015.25
1808,720,107,3,1861883.9
1809,720,192,4,2216859.79
1810,720,2,1,4220465.41
1811,721,25,5,4582911.19
1812,721,153,5,2437469.61
1813,722,152,2,1324731.62
1814,723,127,3,1364520.98
1815,723,142,1,330553.37
1816,723,186,5,3202933.03
1817,723,195,1,1111472.83
1818,724,63,4,877093.0
1819,724,80,3,4232687.16
1820,724,138,1,2575498.97
1821,725,15,3,3693905.17
1822,726,179,4,3106501.19
1823,726,67,2,2146667.08
1824,727,88,5,1720052.94
1825,727,106,3,4241992.81
1826,727,20,1,1518912.87
1827,728,79,1,586613.11
1828,728,190,1,1958237.38
1829,728,77,3,3949174.06
1830,728,105,3,3067166.51
1831,729,183,2,3290563.28
1832,729,24,5,4173280.87
1833,730,93,1,1643756.02
1834,731,68,3,3091168.8
1835,732,32,2,354409.88
1836,732,47,5,4115139.13
1837,732,148,1,1394205.15
1838,733,13,3,3550220.66
1839,733,71,5,2849751.78
1840,734,183,5,3290563.28
1841,735,142,1,330553.37
1842,735,169,4,1691462.85
1843,735,77,1,3949174.06
1844,736,108,3,29195.49
1845,736,24,3,4173280.87
1846,736,169,1,1691462.85
1847,737,18,5,81203.91
1848,737,25,1,4582911.19
1849,738,123,1,2135020.31
1850,739,93,3,1643756.02
1851,739,104,2,4951689.05
1852,739,139,5,2119555.13
1853,739,28,5,2325788.62
1854,740,21,2,3840987.19
1855,740,86,2,3113852.32
1856,741,162,1,1187465.03
1857,742,56,2,2673072.13
1858,742,187,5,3468801.92
1859,742,182,2,4285793.1
1860,742,33,4,4207677.29
1861,743,175,5,4162655.26
1862,744,148,2,1394205.15
1863,744,187,4,3468801.92
1864,744,199,5,118354.85
1865,745,16,2,2084854.67
1866,745,111,5,3135441.16
1867,746,50,2,45446.6
1868,746,136,4,3074869.59
1869,746,75,5,4566486.51
1870,746,89,4,3926962.03
1871,747,69,1,4091773.85
1872,747,64,4,2714371.08
1873,747,158,3,1074012.32
1874,748,1,2,4105817.09
1875,748,30,3,2787006.61
1876,748,104,2,4951689.05
1877,748,152,5,1324731.62
1878,749,165,1,4637932.07
1879,749,149,2,3713610.1
1880,750,183,2,3290563.28
1881,750,11,2,2610536.36
1882,751,188,1,1305249.56
1883,752,35,5,957210.08
1884,752,56,1,2673072.13
1885,752,71,2,2849751.78
1886,752,29,1,4179651.04
1887,753,106,1,4241992.81
1888,754,53,2,136839.3
1889,754,115,1,4203814.37
1890,754,37,3,1375699.65
1891,755,106,5,4241992.81
1892,755,97,3,475401.7
1893,755,169,4,1691462.85
1894,756,163,2,2386083.16
1895,756,38,4,4388317.44
1896,757,49,2,1953251.37
1897,757,171,4,2319015.25
1898,757,170,4,1295336.0
1899,758,112,1,2045012.46
1900,758,13,4,3550220.66
1901,758,65,4,169238.61
1902,759,16,4,2084854.67
1903,759,192,5,2216859.79
1904,760,53,3,136839.3
1905,760,106,2,4241992.81
1906,760,29,3,4179651.04
1907,761,46,1,3883277.72
1908,761,110,4,1195324.82
1909,761,197,5,538853.4
1910,762,151,4,3304299.31
1911,763,78,4,2450345.99
1912,763,165,2,4637932.07
1913,763,58,3,808542.67
1914,764,100,2,3087471.53
1915,764,70,4,415764.4
1916,764,42,2,4568935.38
1917,764,123,1,2135020.31
1918,765,166,4,3400504.69
1919,765,125,2,3032751.96
1920,766,29,3,4179651.04
1921,766,69,5,4091773.85
1922,767,177,5,1773794.19
1923,767,26,3,2420440.23
1924,767,70,4,415764.4
1925,768,17,5,2813067.14
1926,769,62,3,4717807.15
1927,770,63,5,877093.0
1928,770,194,5,564441.58
1929,770,172,5,3678209.44
1930,771,161,5,2394253.91
1931,771,128,1,191472.83
1932,772,6,5,568778.62
1933,772,84,4,3967343.92
1934,773,1,2,4105817.09
1935,773,124,1,1792653.47
1936,773,50,3,45446.6
1937,774,65,2,169238.61
1938,774,179,4,3106501.19
1939,774,70,5,415764.4
1940,774,151,5,3304299.31
1941,775,25,5,4582911.19
1942,775,98,2,3791461.64
1943,775,121,2,4470572.78
1944,776,12,4,2475209.66
1945,776,87,2,4870111.36
1946,776,92,5,593756.23
1947,777,127,5,1364520.98
1948,777,59,1,4792532.82
1949,777,111,1,3135441.16
1950,778,145,2,1451907.88
1951,779,106,2,4241992.81
1952,779,12,4,2475209.66
1953,780,137,5,3898172.49
1954,780,190,4,1958237.38
1955,780,19,2,1290727.17
1956,780,27,2,4462990.18
1957,781,56,1,2673072.13
1958,781,95,1,3001339.43
1959,782,3,1,2367313.8
1960,782,151,3,3304299.31
1961,782,105,5,3067166.51
1962,783,54,5,3203282.99
1963,783,24,1,4173280.87
1964,783,88,1,1720052.94
1965,783,61,3,2758094.14
1966,784,12,3,2475209.66
1967,784,122,5,3125661.2
1968,785,169,1,1691462.85
1969,785,194,4,564441.58
1970,786,106,1,4241992.81
1971,786,85,1,2019061.96
1972,787,148,1,1394205.15
1973,787,72,4,508883.41
1974,788,92,5,593756.23
1975,788,193,2,3061251.88
1976,788,116,1,4987343.81
1977,789,161,5,2394253.91
1978,790,171,3,2319015.25
1979,791,45,2,3668894.31
1980,791,41,1,1886723.06
1981,792,51,2,1683116.52
1982,792,54,2,3203282.99
1983,793,118,4,741379.54
1984,793,16,2,2084854.67
1985,793,170,5,1295336.0
1986,794,9,2,2638821.35
1987,794,31,3,2897553.27
1988,795,176,1,511051.33
1989,795,111,2,3135441.16
1990,795,40,4,2637374.59
1991,796,2,5,4220465.41
1992,796,44,2,791536.94
1993,796,96,4,1653856.01
1994,796,9,1,2638821.35
1995,797,196,2,4565230.88
1996,798,19,4,1290727.17
1997,798,40,1,2637374.59
1998,799,59,5,4792532.82
1999,799,180,5,4753682.57
2000,799,43,5,149050.5
2001,799,69,5,4091773.85
2002,800,116,5,4987343.81
2003,800,41,5,1886723.06
2004,800,153,2,2437469.61
2005,801,109,3,570749.13
2006,801,45,3,3668894.31
2007,801,157,3,1208788.51
2008,801,114,5,961428.52
2009,802,188,1,1305249.56
2010,802,198,2,2867439.19
2011,803,76,4,3505582.74
2012,803,97,1,475401.7
2013,803,198,5,2867439.19
2014,803,138,1,2575498.97
2015,804,14,5,613080.49
2016,804,59,1,4792532.82
2017,805,102,2,2862125.13
2018,805,167,1,509387.5
2019,805,149,5,3713610.1
2020,805,183,2,3290563.28
2021,806,33,1,4207677.29
2022,806,62,5,4717807.15
2023,807,62,5,4717807.15
2024,808,87,5,4870111.36
2025,809,67,3,2146667.08
2026,810,141,1,3641684.28
2027,810,35,4,957210.08
2028,810,46,4,3883277.72
2029,811,36,1,3533699.27
2030,811,57,5,3363842.11
2031,812,160,1,286302.91
2032,812,114,4,961428.52
2033,813,189,3,1404505.22
2034,814,43,1,149050.5
2035,814,175,1,4162655.26
2036,814,71,1,2849751.78
2037,814,87,1,4870111.36
2038,815,186,1,3202933.03
2039,816,83,2,1646201.9
2040,817,22,2,1723273.89
2041,818,26,3,2420440.23
2042,818,113,1,3320875.61
2043,818,138,5,2575498.97
2044,818,166,1,3400504.69
2045,819,91,4,3321495.98
2046,819,81,1,3032090.15
2047,820,193,2,3061251.88
2048,820,75,1,4566486.51
2049,820,67,5,2146667.08
2050,821,154,5,1730668.78
2051,821,172,5,3678209.44
2052,822,74,1,4308953.98
2053,822,126,2,4237849.34
2054,822,134,2,2375446.57
2055,822,197,3,538853.4
2056,823,81,4,3032090.15
2057,824,11,1,2610536.36
2058,824,130,1,4809645.3
2059,824,112,5,2045012.46
2060,824,120,1,707670.83
2061,825,170,3,1295336.0
2062,826,97,3,475401.7
2063,826,89,1,3926962.03
2064,827,186,5,3202933.03
2065,827,133,2,4452329.5
2066,827,71,4,2849751.78
2067,828,145,2,1451907.88
2068,828,32,3,354409.88
2069,828,61,5,2758094.14
2070,828,106,2,4241992.81
2071,829,95,3,3001339.43
2072,829,170,3,1295336.0
2073,829,13,2,3550220.66
2074,830,187,1,3468801.92
2075,830,11,4,2610536.36
2076,830,142,1,330553.37
2077,830,183,4,3290563.28
2078,831,62,5,4717807.15
2079,831,106,5,4241992.81
2080,832,159,5,295270.79
2081,832,91,5,3321495.98
2082,832,5,2,1068980.71
2083,832,198,2,2867439.19
2084,833,16,3,2084854.67
2085,834,32,4,354409.88
2086,835,136,5,3074869.59
2087,835,32,1,354409.88
2088,835,143,3,2874978.48
2089,836,165,4,4637932.07
2090,836,46,4,3883277.72
2091,836,141,2,3641684.28
2092,837,97,2,475401.7
2093,837,184,5,4482608.11
2094,838,103,3,4594545.57
2095,839,40,1,2637374.59
2096,839,173,2,2611762.8
2097,840,159,2,295270.79
2098,840,174,5,1583517.39
2099,840,76,5,3505582.74
2100,840,186,3,3202933.03
2101,841,77,4,3949174.06
2102,841,41,2,1886723.06
2103,841,6,3,568778.62
2104,841,63,5,877093.0
2105,842,55,3,1022763.67
2106,842,27,1,4462990.18
2107,842,80,4,4232687.16
2108,842,200,1,3273005.03
2109,843,75,3,4566486.51
2110,843,162,3,1187465.03
2111,843,100,3,3087471.53
2112,843,41,1,1886723.06
2113,844,104,3,4951689.05
2114,844,59,3,4792532.82
2115,845,76,1,3505582.74
2116,845,50,1,45446.6
2117,846,97,3,475401.7
2118,846,79,5,586613.11
2119,846,106,5,4241992.81
2120,846,72,5,508883.41
2121,847,198,2,2867439.19
2122,848,95,2,3001339.43
2123,849,71,2,2849751.78
2124,849,85,4,2019061.96
2125,850,173,3,2611762.8
2126,851,75,1,4566486.51
2127,852,62,2,4717807.15
2128,852,53,3,136839.3
2129,852,56,2,2673072.13
2130,853,151,1,3304299.31
2131,853,81,4,3032090.15
2132,853,182,2,4285793.1
2133,854,27,1,4462990.18
2134,854,24,5,4173280.87
2135,855,135,5,3428268.25
2136,855,120,1,707670.83
2137,855,185,5,1285345.3
2138,855,32,2,354409.88
2139,856,152,2,1324731.62
2140,856,24,4,4173280.87
2141,857,35,3,957210.08
2142,857,104,2,4951689.05
2143,858,105,1,3067166.51
2144,859,22,5,1723273.89
2145,860,195,4,1111472.83
2146,860,84,5,3967343.92
2147,860,100,4,3087471.53
2148,860,25,5,4582911.19
2149,861,3,2,2367313.8
2150,862,7,5,4936266.59
2151,862,8,1,2149591.69
2152,863,200,5,3273005.03
2153,863,107,2,1861883.9
2154,863,29,5,4179651.04
2155,864,63,4,877093.0
2156,865,121,4,4470572.78
2157,865,164,3,4354631.74
2158,865,180,3,4753682.57
2159,866,186,4,3202933.03
2160,867,159,2,295270.79
2161,868,95,1,3001339.43
2162,868,157,1,1208788.51
2163,868,89,3,3926962.03
2164,868,35,5,957210.08
2165,869,32,5,354409.88
2166,870,28,2,2325788.62
2167,870,139,2,2119555.13
2168,870,75,4,4566486.51
2169,871,88,4,1720052.94
2170,871,7,2,4936266.59
2171,871,151,2,3304299.31
2172,871,36,2,3533699.27
2173,872,156,5,3769987.45
2174,872,155,2,2987831.86
2175,873,62,4,4717807.15
2176,874,86,1,3113852.32
2177,874,87,1,4870111.36
2178,874,108,3,29195.49
2179,875,179,3,3106501.19
2180,876,134,4,2375446.57
2181,876,138,1,2575498.97
2182,877,162,3,1187465.03
2183,877,6,2,568778.62
2184,877,200,4,3273005.03
2185,878,110,5,1195324.82
2186,878,112,1,2045012.46
2187,878,191,1,4779138.35
2188,878,12,2,2475209.66
2189,879,200,1,3273005.03
2190,879,5,5,1068980.71
2191,879,11,2,2610536.36
2192,879,50,3,45446.6
2193,880,102,1,2862125.13
2194,880,156,4,3769987.45
2195,880,23,2,4164412.78
2196,880,196,4,4565230.88
2197,881,83,2,1646201.9
2198,882,45,2,3668894.31
2199,883,88,4,1720052.94
2200,883,92,5,593756.23
2201,883,14,5,613080.49
2202,884,112,1,2045012.46
2203,884,147,4,1278953.6
2204,885,109,2,570749.13
2205,885,196,5,4565230.88
2206,885,144,2,4049256.5
2207,885,165,5,4637932.07
2208,886,75,1,4566486.51
2209,886,192,2,2216859.79
2210,886,11,3,2610536.36
2211,887,136,4,3074869.59
2212,888,88,2,1720052.94
2213,888,77,4,3949174.06
2214,889,105,2,3067166.51
2215,889,12,2,2475209.66
2216,890,158,1,1074012.32
2217,890,186,1,3202933.03
2218,890,32,3,354409.88
2219,891,177,1,1773794.19
2220,891,178,5,1278183.13
2221,891,5,3,1068980.71
2222,891,156,5,3769987.45
2223,892,75,3,4566486.51
2224,893,5,4,1068980.71
2225,893,183,3,3290563.28
2226,894,104,5,4951689.05
2227,894,194,5,564441.58
2228,895,197,3,538853.4
2229,895,160,5,286302.91
2230,895,147,5,1278953.6
2231,895,97,5,475401.7
2232,896,23,5,4164412.78
2233,896,134,3,2375446.57
2234,896,76,5,3505582.74
2235,896,38,4,4388317.44
2236,897,38,5,4388317.44
2237,897,85,1,2019061.96
2238,898,6,3,568778.62
2239,898,198,5,2867439.19
2240,898,129,5,3531790.65
2241,899,45,1,3668894.31
2242,899,49,2,1953251.37
2243,900,76,2,3505582.74
2244,900,200,4,3273005.03
2245,901,145,5,1451907.88
2246,901,144,1,4049256.5
2247,901,15,5,3693905.17
2248,901,105,4,3067166.51
2249,902,102,1,2862125.13
2250,902,164,4,4354631.74
2251,903,8,2,2149591.69
2252,903,165,3,4637932.07
2253,903,114,5,961428.52
2254,903,45,2,3668894.31
2255,904,84,5,3967343.92
2256,904,172,3,3678209.44
2257,905,134,5,2375446.57
2258,905,36,1,3533699.27
2259,906,1,1,4105817.09
2260,906,89,2,3926962.03
2261,906,105,5,3067166.51
2262,907,88,4,1720052.94
2263,907,8,5,2149591.69
2264,907,141,3,3641684.28
2265,907,38,5,4388317.44
2266,908,112,3,2045012.46
2267,908,170,1,1295336.0
2268,909,147,1,1278953.6
2269,909,97,2,475401.7
2270,909,89,1,3926962.03
2271,909,105,5,3067166.51
2272,910,110,2,1195324.82
2273,910,26,2,2420440.23
2274,910,173,5,2611762.8
2275,910,176,3,511051.33
2276,911,193,2,3061251.88
2277,911,31,3,2897553.27
2278,911,65,4,169238.61
2279,912,62,3,4717807.15
2280,912,151,5,3304299.31
2281,913,161,2,2394253.91
2282,913,11,4,2610536.36
2283,913,8,2,2149591.69
2284,914,2,5,4220465.41
2285,915,154,1,1730668.78
2286,915,101,1,1048166.87
2287,915,100,4,3087471.53
2288,915,17,5,2813067.14
2289,916,20,2,1518912.87
2290,916,21,5,3840987.19
2291,917,7,4,4936266.59
2292,917,13,5,3550220.66
2293,917,17,1,2813067.14
2294,918,21,5,3840987.19
2295,918,76,1,3505582.74
2296,918,162,3,1187465.03
2297,919,117,4,693030.3
2298,920,162,2,1187465.03
2299,920,134,5,2375446.57
2300,921,165,1,4637932.07
2301,921,106,3,4241992.81
2302,921,161,2,2394253.91
2303,921,37,3,1375699.65
2304,922,5,4,1068980.71
2305,922,127,5,1364520.98
2306,922,113,3,3320875.61
2307,923,42,2,4568935.38
2308,923,15,4,3693905.17
2309,923,183,4,3290563.28
2310,923,115,2,4203814.37
2311,924,89,5,3926962.03
2312,924,5,1,1068980.71
2313,925,186,1,3202933.03
2314,925,161,2,2394253.91
2315,925,122,5,3125661.2
2316,925,99,5,2278547.74
2317,926,197,3,538853.4
2318,927,102,5,2862125.13
2319,928,18,2,81203.91
2320,928,50,4,45446.6
2321,928,51,2,1683116.52
2322,929,34,3,3141891.47
2323,930,184,3,4482608.11
2324,930,44,4,791536.94
2325,930,52,1,2614874.12
2326,931,140,2,858353.11
2327,931,21,2,3840987.19
2328,931,119,1,4875500.76
2329,931,3,1,2367313.8
2330,932,1,1,4105817.09
2331,932,98,2,3791461.64
2332,933,61,2,2758094.14
2333,933,132,4,2338058.23
2334,933,172,4,3678209.44
2335,933,82,5,537087.75
2336,934,97,2,475401.7
2337,934,32,4,354409.88
2338,934,49,1,1953251.37
2339,935,79,1,586613.11
2340,935,68,2,3091168.8
2341,935,152,5,1324731.62
2342,936,13,3,3550220.66
2343,936,37,5,1375699.65
2344,936,102,1,2862125.13
2345,937,111,3,3135441.16
2346,938,14,2,613080.49
2347,938,61,3,2758094.14
2348,938,116,1,4987343.81
2349,939,121,4,4470572.78
2350,939,137,4,3898172.49
2351,939,28,5,2325788.62
2352,939,37,2,1375699.65
2353,940,20,2,1518912.87
2354,940,4,1,1662812.42
2355,941,151,2,3304299.31
2356,941,138,3,2575498.97
2357,941,47,5,4115139.13
2358,941,27,4,4462990.18
2359,942,147,3,1278953.6
2360,942,140,4,858353.11
2361,943,60,2,534317.08
2362,943,195,1,1111472.83
2363,943,110,5,1195324.82
2364,943,139,2,2119555.13
2365,944,105,2,3067166.51
2366,944,8,5,2149591.69
2367,944,87,4,4870111.36
2368,945,127,5,1364520.98
2369,946,104,4,4951689.05
2370,946,175,1,4162655.26
2371,946,31,4,2897553.27
2372,946,117,4,693030.3
2373,947,104,2,4951689.05
2374,947,133,1,4452329.5
2375,948,196,5,4565230.88
2376,948,1,2,4105817.09
2377,948,97,1,475401.7
2378,949,47,3,4115139.13
2379,949,58,3,808542.67
2380,950,23,3,4164412.78
2381,950,101,1,1048166.87
2382,951,139,3,2119555.13
2383,951,115,4,4203814.37
2384,951,27,5,4462990.18
2385,952,188,5,1305249.56
2386,952,19,2,1290727.17
2387,953,147,2,1278953.6
2388,954,146,5,2540340.64
2389,954,102,1,2862125.13
2390,954,117,5,693030.3
2391,955,61,5,2758094.14
2392,955,111,5,3135441.16
2393,955,160,3,286302.91
2394,956,41,2,1886723.06
2395,957,85,1,2019061.96
2396,958,170,4,1295336.0
2397,958,139,5,2119555.13
2398,959,130,2,4809645.3
2399,959,75,3,4566486.51
2400,959,166,5,3400504.69
2401,960,189,5,1404505.22
2402,960,157,1,1208788.51
2403,960,132,1,2338058.23
2404,961,89,5,3926962.03
2405,961,116,5,4987343.81
2406,961,161,4,2394253.91
2407,962,178,4,1278183.13
2408,963,92,2,593756.23
2409,964,140,4,858353.11
2410,964,103,4,4594545.57
2411,965,51,2,1683116.52
2412,965,139,1,2119555.13
2413,965,197,5,538853.4
2414,965,169,4,1691462.85
2415,966,98,5,3791461.64
2416,966,200,1,3273005.03
2417,966,20,4,1518912.87
2418,967,157,5,1208788.51
2419,967,137,2,3898172.49
2420,967,127,5,1364520.98
2421,967,99,5,2278547.74
2422,968,130,2,4809645.3
2423,968,128,3,191472.83
2424,968,184,5,4482608.11
2425,968,40,5,2637374.59
2426,969,127,1,1364520.98
2427,969,192,5,2216859.79
2428,970,175,4,4162655.26
2429,970,135,2,3428268.25
2430,970,1,2,4105817.09
2431,971,14,1,613080.49
2432,971,179,3,3106501.19
2433,971,69,4,4091773.85
2434,972,187,4,3468801.92
2435,972,159,5,295270.79
2436,972,85,1,2019061.96
2437,972,176,1,511051.33
2438,973,43,3,149050.5
2439,974,200,3,3273005.03
2440,974,192,3,2216859.79
2441,975,65,4,169238.61
2442,975,47,4,4115139.13
2443,975,135,5,3428268.25
2444,976,51,3,1683116.52
2445,976,36,2,3533699.27
2446,976,91,2,3321495.98
2447,976,157,2,1208788.51
2448,977,101,5,1048166.87
2449,977,57,5,3363842.11
2450,977,50,1,45446.6
2451,978,104,1,4951689.05
2452,978,43,3,149050.5
2453,978,67,2,2146667.08
2454,979,185,3,1285345.3
2455,979,124,4,1792653.47
2456,979,46,2,3883277.72
2457,980,104,2,4951689.05
2458,980,151,2,3304299.31
2459,981,136,3,3074869.59
2460,981,156,1,3769987.45
2461,981,176,2,511051.33
2462,982,144,4,4049256.5
2463,983,94,4,901465.66
2464,983,7,5,4936266.59
2465,983,166,3,3400504.69
2466,984,144,3,4049256.5
2467,984,84,4,3967343.92
2468,984,5,3,1068980.71
2469,984,157,3,1208788.51
2470,985,2,3,4220465.41
2471,985,50,5,45446.6
2472,986,173,5,2611762.8
2473,987,29,4,4179651.04
2474,988,43,3,149050.5
2475,988,13,5,3550220.66
2476,988,51,2,1683116.52
2477,988,134,3,2375446.57
2478,989,23,3,4164412.78
2479,990,101,1,1048166.87
2480,990,79,3,586613.11
2481,991,117,3,693030.3
2482,991,28,2,2325788.62
2483,991,84,1,3967343.92
2484,992,187,3,3468801.92
2485,992,45,5,3668894.31
2486,993,108,5,29195.49
2487,993,122,1,3125661.2
2488,994,110,3,1195324.82
2489,994,115,1,4203814.37
2490,995,159,3,295270.79
2491,996,179,1,3106501.19
2492,996,165,3,4637932.07
2493,997,10,3,4637349.21
2494,998,117,5,693030.3
2495,998,99,5,2278547.74
2496,999,179,5,3106501.19
2497,1000,144,2,4049256.5
2498,1000,16,4,2084854.67
2499,1000,155,1,2987831.86
2500,1000,188,3,1305249.56
2501,1001,34,5,3141891.47
2502,1001,61,5,2758094.14
2503,1001,132,3,2338058.23
2504,1002,42,4,4568935.38
2505,1002,36,4,3533699.27
2506,1002,85,1,2019061.96
2507,1002,143,3,2874978.48
2508,1003,194,3,564441.58
2509,1003,116,3,4987343.81
2510,1003,138,2,2575498.97
2511,1003,114,2,961428.52
2512,1004,181,3,3547673.65
2513,1004,87,5,4870111.36
2514,1004,131,3,3657672.71
2515,1004,190,5,1958237.38
2516,1005,94,3,901465.66
2517,1005,82,2,537087.75
2518,1005,183,5,3290563.28
2519,1005,158,2,1074012.32
2520,1006,158,4,1074012.32
2521,1006,31,3,2897553.27
2522,1006,22,1,1723273.89
2523,1007,2,1,4220465.41
2524,1007,11,2,2610536.36
2525,1008,96,5,1653856.01
2526,1008,164,2,4354631.74
2527,1008,59,1,4792532.82
2528,1009,34,1,3141891.47
2529,1009,165,3,4637932.07
2530,1010,18,3,81203.91
2531,1010,54,3,3203282.99
2532,1010,2,4,4220465.41
2533,1011,134,2,2375446.57
2534,1012,143,1,2874978.48
2535,1012,189,3,1404505.22
2536,1012,47,3,4115139.13
2537,1012,175,3,4162655.26
2538,1013,99,4,2278547.74
2539,1013,151,2,3304299.31
2540,1013,159,4,295270.79
2541,1013,184,2,4482608.11
2542,1014,115,3,4203814.37
2543,1014,164,4,4354631.74
2544,1014,113,2,3320875.61
2545,1014,185,1,1285345.3
2546,1015,94,2,901465.66
2547,1015,132,3,2338058.23
2548,1016,54,2,3203282.99
2549,1016,18,2,81203.91
2550,1016,135,5,3428268.25
2551,1017,189,2,1404505.22
2552,1018,17,2,2813067.14
2553,1018,33,5,4207677.29
2554,1019,166,3,3400504.69
2555,1019,2,5,4220465.41
2556,1020,16,4,2084854.67
2557,1021,24,5,4173280.87
2558,1022,107,4,1861883.9
2559,1022,68,2,3091168.8
2560,1023,184,4,4482608.11
2561,1023,142,3,330553.37
2562,1024,137,2,3898172.49
2563,1025,104,4,4951689.05
2564,1025,133,2,4452329.5
2565,1025,181,2,3547673.65
2566,1025,23,3,4164412.78
2567,1026,119,3,4875500.76
2568,1026,83,5,1646201.9
2569,1026,67,3,2146667.08
2570,1026,192,4,2216859.79
2571,1027,98,5,3791461.64
2572,1027,40,1,2637374.59
2573,1028,37,5,1375699.65
2574,1028,159,4,295270.79
2575,1028,24,4,4173280.87
2576,1029,187,4,3468801.92
2577,1029,27,1,4462990.18
2578,1030,184,1,4482608.11
2579,1030,113,4,3320875.61
2580,1031,17,2,2813067.14
2581,1031,118,2,741379.54
2582,1032,184,5,4482608.11
2583,1032,187,2,3468801.92
2584,1032,56,1,2673072.13
2585,1032,145,3,1451907.88
2586,1033,45,5,3668894.31
2587,1033,40,5,2637374.59
2588,1034,190,2,1958237.38
2589,1034,106,1,4241992.81
2590,1035,84,3,3967343.92
2591,1035,169,2,1691462.85
2592,1035,150,5,4552904.16
2593,1035,20,5,1518912.87
2594,1036,61,3,2758094.14
2595,1036,43,3,149050.5
2596,1037,148,2,1394205.15
2597,1037,139,3,2119555.13
2598,1038,69,4,4091773.85
2599,1038,107,4,1861883.9
2600,1038,32,4,354409.88
2601,1039,42,3,4568935.38
2602,1039,101,2,1048166.87
2603,1040,147,3,1278953.6
2604,1041,65,4,169238.61
2605,1041,148,5,1394205.15
2606,1041,199,1,118354.85
2607,1042,115,5,4203814.37
2608,1042,155,4,2987831.86
2609,1043,48,5,1045805.87
2610,1044,113,2,3320875.61
2611,1044,18,1,81203.91
2612,1045,64,4,2714371.08
2613,1045,171,5,2319015.25
2614,1045,153,4,2437469.61
2615,1046,55,4,1022763.67
2616,1047,36,5,3533699.27
2617,1047,149,2,3713610.1
2618,1047,143,2,2874978.48
2619,1048,8,1,2149591.69
2620,1048,173,2,2611762.8
2621,1049,102,1,2862125.13
2622,1049,187,5,3468801.92
2623,1049,186,2,3202933.03
2624,1050,10,3,4637349.21
2625,1050,12,5,2475209.66
2626,1051,156,5,3769987.45
2627,1051,176,5,511051.33
2628,1051,120,5,707670.83
2629,1051,133,4,4452329.5
2630,1052,176,3,511051.33
2631,1052,54,5,3203282.99
2632,1052,178,3,1278183.13
2633,1053,61,5,2758094.14
2634,1053,164,4,4354631.74
2635,1054,193,1,3061251.88
2636,1055,5,3,1068980.71
2637,1055,72,2,508883.41
2638,1056,166,1,3400504.69
2639,1056,21,4,3840987.19
2640,1056,147,1,1278953.6
2641,1056,83,3,1646201.9
2642,1057,54,5,3203282.99
2643,1057,187,1,3468801.92
2644,1058,200,2,3273005.03
2645,1059,200,5,3273005.03
2646,1059,187,3,3468801.92
2647,1060,24,3,4173280.87
2648,1061,123,5,2135020.31
2649,1061,71,2,2849751.78
2650,1062,157,2,1208788.51
2651,1063,148,4,1394205.15
2652,1064,22,4,1723273.89
2653,1064,54,1,3203282.99
2654,1064,176,5,511051.33
2655,1064,152,1,1324731.62
2656,1065,102,2,2862125.13
2657,1065,13,2,3550220.66
2658,1066,54,2,3203282.99
2659,1067,176,4,511051.33
2660,1068,120,1,707670.83
2661,1068,193,1,3061251.88
2662,1068,170,5,1295336.0
2663,1068,36,1,3533699.27
2664,1069,29,4,4179651.04
2665,1070,27,1,4462990.18
2666,1070,34,5,3141891.47
2667,1070,47,1,4115139.13
2668,1070,11,4,2610536.36
2669,1071,186,5,3202933.03
2670,1071,88,4,1720052.94
2671,1072,51,2,1683116.52
2672,1072,160,1,286302.91
2673,1073,147,4,1278953.6
2674,1073,50,3,45446.6
2675,1073,111,2,3135441.16
2676,1074,170,2,1295336.0
2677,1075,167,5,509387.5
2678,1075,171,1,2319015.25
2679,1075,78,2,2450345.99
2680,1075,199,3,118354.85
2681,1076,26,3,2420440.23
2682,1076,24,1,4173280.87
2683,1077,161,1,2394253.91
2684,1077,135,5,3428268.25
2685,1077,36,3,3533699.27
2686,1077,87,2,4870111.36
2687,1078,153,4,2437469.61
2688,1078,74,2,4308953.98
2689,1079,152,2,1324731.62
2690,1080,90,1,2734021.23
2691,1080,185,1,1285345.3
2692,1080,98,2,3791461.64
2693,1081,33,5,4207677.29
2694,1081,200,4,3273005.03
2695,1081,178,1,1278183.13
2696,1082,59,4,4792532.82
2697,1083,37,3,1375699.65
2698,1084,109,5,570749.13
2699,1084,92,3,593756.23
2700,1085,100,2,3087471.53
2701,1085,79,2,586613.11
2702,1085,196,1,4565230.88
2703,1086,20,2,1518912.87
2704,1086,191,1,4779138.35
2705,1086,200,2,3273005.03
2706,1087,14,5,613080.49
2707,1087,109,2,570749.13
2708,1087,32,4,354409.88
2709,1087,93,2,1643756.02
2710,1088,72,5,508883.41
2711,1088,16,1,2084854.67
2712,1088,43,4,149050.5
2713,1088,154,1,1730668.78
2714,1089,110,2,1195324.82
2715,1089,152,2,1324731.62
2716,1089,6,2,568778.62
2717,1089,106,3,4241992.81
2718,1090,88,3,1720052.94
2719,1091,41,1,1886723.06
2720,1091,176,2,511051.33
2721,1091,162,3,1187465.03
2722,1092,64,1,2714371.08
2723,1093,5,5,1068980.71
2724,1094,104,4,4951689.05
2725,1094,128,3,191472.83
2726,1094,145,4,1451907.88
2727,1095,160,4,286302.91
2728,1095,17,5,2813067.14
2729,1095,95,3,3001339.43
2730,1096,73,2,2365965.73
2731,1096,109,3,570749.13
2732,1096,45,4,3668894.31
2733,1097,36,3,3533699.27
2734,1098,112,5,2045012.46
2735,1098,1,1,4105817.09
2736,1098,29,1,4179651.04
2737,1098,12,5,2475209.66
2738,1099,10,2,4637349.21
2739,1100,189,4,1404505.22
2740,1101,26,4,2420440.23
2741,1101,116,3,4987343.81
2742,1102,126,2,4237849.34
2743,1103,133,5,4452329.5
2744,1103,11,1,2610536.36
2745,1103,140,3,858353.11
2746,1103,4,4,1662812.42
2747,1104,38,5,4388317.44
2748,1105,185,1,1285345.3
2749,1106,181,1,3547673.65
2750,1106,16,2,2084854.67
2751,1106,119,5,4875500.76
2752,1107,105,4,3067166.51
2753,1108,64,1,2714371.08
2754,1109,183,1,3290563.28
2755,1109,59,3,4792532.82
2756,1109,86,3,3113852.32
2757,1109,21,5,3840987.19
2758,1110,126,4,4237849.34
2759,1110,77,2,3949174.06
2760,1110,52,1,2614874.12
2761,1111,7,5,4936266.59
2762,1111,5,4,1068980.71
2763,1112,90,5,2734021.23
2764,1112,137,3,3898172.49
2765,1113,110,4,1195324.82
2766,1113,181,1,3547673.65
2767,1113,153,2,2437469.61
2768,1113,65,1,169238.61
2769,1114,86,2,3113852.32
2770,1115,156,2,3769987.45
2771,1115,104,4,4951689.05
2772,1116,112,1,2045012.46
2773,1116,101,3,1048166.87
2774,1116,39,5,4151550.91
2775,1117,135,2,3428268.25
2776,1118,180,1,4753682.57
2777,1118,122,1,3125661.2
2778,1119,69,4,4091773.85
2779,1120,109,5,570749.13
2780,1120,26,1,2420440.23
2781,1120,80,1,4232687.16
2782,1120,85,1,2019061.96
2783,1121,115,5,4203814.37
2784,1122,171,1,2319015.25
2785,1122,120,1,707670.83
2786,1122,32,3,354409.88
2787,1122,65,5,169238.61
2788,1123,140,5,858353.11
2789,1123,197,1,538853.4
2790,1124,147,2,1278953.6
2791,1124,1,1,4105817.09
2792,1124,81,3,3032090.15
2793,1125,11,5,2610536.36
2794,1125,66,5,551986.42
2795,1126,151,3,3304299.31
2796,1127,102,2,2862125.13
2797,1127,156,1,3769987.45
2798,1127,136,2,3074869.59
2799,1127,127,4,1364520.98
2800,1128,176,5,511051.33
2801,1128,31,5,2897553.27
2802,1128,107,3,1861883.9
2803,1128,98,1,3791461.64
2804,1129,98,4,3791461.64
2805,1129,26,3,2420440.23
2806,1129,39,1,4151550.91
2807,1129,56,4,2673072.13
2808,1130,147,2,1278953.6
2809,1130,69,3,4091773.85
2810,1130,64,4,2714371.08
2811,1130,60,2,534317.08
2812,1131,189,5,1404505.22
2813,1131,177,5,1773794.19
2814,1132,150,5,4552904.16
2815,1132,146,4,2540340.64
2816,1132,30,1,2787006.61
2817,1133,183,3,3290563.28
2818,1134,111,2,3135441.16
2819,1134,170,1,1295336.0
2820,1135,120,5,707670.83
2821,1135,14,4,613080.49
2822,1136,28,4,2325788.62
2823,1136,23,1,4164412.78
2824,1137,170,1,1295336.0
2825,1137,171,3,2319015.25
2826,1138,140,1,858353.11
2827,1139,95,5,3001339.43
2828,1139,176,5,511051.33
2829,1140,38,1,4388317.44
2830,1140,29,5,4179651.04
2831,1140,22,5,1723273.89
2832,1140,114,5,961428.52
2833,1141,170,1,1295336.0
2834,1141,131,5,3657672.71
2835,1141,8,4,2149591.69
2836,1142,78,2,2450345.99
2837,1142,137,1,3898172.49
2838,1142,36,4,3533699.27
2839,1143,134,2,2375446.57
2840,1143,132,5,2338058.23
2841,1143,189,4,1404505.22
2842,1144,113,2,3320875.61
2843,1144,3,1,2367313.8
2844,1144,139,1,2119555.13
2845,1145,139,4,2119555.13
2846,1145,12,3,2475209.66
2847,1145,108,4,29195.49
2848,1146,47,2,4115139.13
2849,1147,145,4,1451907.88
2850,1147,22,1,1723273.89
2851,1147,77,1,3949174.06
2852,1147,153,2,2437469.61
2853,1148,173,5,2611762.8
2854,1148,152,4,1324731.62
2855,1148,70,5,415764.4
2856,1148,43,5,149050.5
2857,1149,119,4,4875500.76
2858,1149,186,5,3202933.03
2859,1150,171,1,2319015.25
2860,1150,163,5,2386083.16
2861,1150,13,3,3550220.66
2862,1150,69,2,4091773.85
2863,1151,67,1,2146667.08
2864,1152,29,4,4179651.04
2865,1152,91,5,3321495.98
2866,1152,110,2,1195324.82
2867,1152,12,2,2475209.66
2868,1153,73,5,2365965.73
2869,1153,173,2,2611762.8
2870,1153,177,3,1773794.19
2871,1153,142,4,330553.37
2872,1154,28,5,2325788.62
2873,1154,200,4,3273005.03
2874,1154,118,2,741379.54
2875,1155,164,4,4354631.74
2876,1155,12,3,2475209.66
2877,1155,155,5,2987831.86
2878,1156,99,3,2278547.74
2879,1156,140,5,858353.11
2880,1156,64,4,2714371.08
2881,1156,185,1,1285345.3
2882,1157,116,2,4987343.81
2883,1157,131,1,3657672.71
2884,1157,80,4,4232687.16
2885,1158,40,5,2637374.59
2886,1159,27,2,4462990.18
2887,1159,99,3,2278547.74
2888,1159,37,5,1375699.65
2889,1160,162,3,1187465.03
2890,1160,105,5,3067166.51
2891,1161,1,5,4105817.09
2892,1161,129,2,3531790.65
2893,1162,137,5,3898172.49
2894,1162,103,2,4594545.57
2895,1162,179,5,3106501.19
2896,1163,112,2,2045012.46
2897,1164,102,5,2862125.13
2898,1164,123,4,2135020.31
2899,1164,39,5,4151550.91
2900,1165,109,1,570749.13
2901,1166,23,3,4164412.78
2902,1167,55,1,1022763.67
2903,1168,92,5,593756.23
2904,1168,170,2,1295336.0
2905,1169,183,1,3290563.28
2906,1169,105,2,3067166.51
2907,1170,122,4,3125661.2
2908,1170,185,1,1285345.3
2909,1171,48,3,1045805.87
2910,1171,64,3,2714371.08
2911,1171,12,5,2475209.66
2912,1172,103,3,4594545.57
2913,1173,43,3,149050.5
2914,1174,193,2,3061251.88
2915,1174,78,3,2450345.99
2916,1174,127,1,1364520.98
2917,1175,110,3,1195324.82
2918,1176,50,3,45446.6
2919,1177,8,4,2149591.69
2920,1177,146,1,2540340.64
2921,1177,107,4,1861883.9
2922,1178,192,2,2216859.79
2923,1178,17,3,2813067.14
2924,1178,198,5,2867439.19
2925,1178,133,5,4452329.5
2926,1179,140,5,858353.11
2927,1180,103,4,4594545.57
2928,1181,25,1,4582911.19
2929,1181,70,4,415764.4
2930,1182,106,2,4241992.81
2931,1182,133,3,4452329.5
2932,1182,27,5,4462990.18
2933,1183,101,4,1048166.87
2934,1183,161,3,2394253.91
2935,1184,158,2,1074012.32
2936,1184,170,5,1295336.0
2937,1184,138,4,2575498.97
2938,1184,159,5,295270.79
2939,1185,80,3,4232687.16
2940,1185,130,1,4809645.3
2941,1185,98,3,3791461.64
2942,1185,146,3,2540340.64
2943,1186,81,1,3032090.15
2944,1186,169,1,1691462.85
2945,1186,13,5,3550220.66
2946,1187,185,2,1285345.3
2947,1187,154,1,1730668.78
2948,1188,93,1,1643756.02
2949,1188,64,3,2714371.08
2950,1188,179,1,3106501.19
2951,1188,98,1,3791461.64
2952,1189,21,1,3840987.19
2953,1189,109,2,570749.13
2954,1189,175,5,4162655.26
2955,1189,187,5,3468801.92
2956,1190,54,4,3203282.99
2957,1190,108,2,29195.49
2958,1190,81,1,3032090.15
2959,1190,64,5,2714371.08
2960,1191,84,1,3967343.92
2961,1191,96,4,1653856.01
2962,1191,154,4,1730668.78
2963,1192,13,1,3550220.66
2964,1193,35,5,957210.08
2965,1193,77,3,3949174.06
2966,1193,136,2,3074869.59
2967,1194,76,4,3505582.74
2968,1195,175,5,4162655.26
2969,1195,71,4,2849751.78
2970,1195,190,4,1958237.38
2971,1195,143,4,2874978.48
2972,1196,13,2,3550220.66
2973,1196,84,1,3967343.92
2974,1196,112,3,2045012.46
2975,1196,68,3,3091168.8
2976,1197,94,3,901465.66
2977,1197,126,5,4237849.34
2978,1197,194,1,564441.58
2979,1197,114,5,961428.52
2980,1198,79,2,586613.11
2981,1198,197,5,538853.4
2982,1198,82,5,537087.75
2983,1198,57,1,3363842.11
2984,1199,34,4,3141891.47
2985,1199,63,4,877093.0
2986,1199,95,2,3001339.43
2987,1199,67,2,2146667.08
2988,1200,87,1,4870111.36
2989,1200,180,4,4753682.57
2990,1200,75,3,4566486.51
2991,1200,14,5,613080.49
2992,1201,59,4,4792532.82
2993,1201,14,2,613080.49
2994,1201,3,2,2367313.8
2995,1202,45,2,3668894.31
2996,1203,47,4,4115139.13
2997,1203,196,4,4565230.88
2998,1203,116,4,4987343.81
2999,1204,103,3,4594545.57
3000,1204,35,5,957210.08
3001,1204,196,1,4565230.88
3002,1205,8,3,2149591.69
3003,1205,27,1,4462990.18
3004,1205,21,1,3840987.19
3005,1205,46,3,3883277.72
3006,1206,137,4,3898172.49
3007,1206,133,1,4452329.5
3008,1206,164,1,4354631.74
3009,1207,28,4,2325788.62
3010,1208,124,2,1792653.47
3011,1208,183,2,3290563.28
3012,1208,127,1,1364520.98
3013,1208,144,2,4049256.5
3014,1209,114,4,961428.52
3015,1209,4,2,1662812.42
3016,1209,70,4,415764.4
3017,1210,43,1,149050.5
3018,1210,164,2,4354631.74
3019,1210,109,1,570749.13
3020,1211,14,5,613080.49
3021,1211,53,3,136839.3
3022,1212,189,4,1404505.22
3023,1212,195,3,1111472.83
3024,1213,111,5,3135441.16
3025,1213,89,4,3926962.03
3026,1214,119,5,4875500.76
3027,1215,163,3,2386083.16
3028,1215,44,5,791536.94
3029,1215,95,2,3001339.43
3030,1216,33,5,4207677.29
3031,1216,32,2,354409.88
3032,1216,172,5,3678209.44
3033,1217,65,3,169238.61
3034,1217,93,1,1643756.02
3035,1217,193,1,3061251.88
3036,1218,66,3,551986.42
3037,1218,79,4,586613.11
3038,1218,168,3,4782013.69
3039,1218,95,2,3001339.43
3040,1219,20,2,1518912.87
3041,1219,29,2,4179651.04
3042,1220,183,3,3290563.28
3043,1220,115,5,4203814.37
3044,1221,175,4,4162655.26
3045,1221,159,4,295270.79
3046,1221,188,4,1305249.56
3047,1221,22,2,1723273.89
3048,1222,171,2,2319015.25
3049,1222,76,4,3505582.74
3050,1223,8,5,2149591.69
3051,1223,50,5,45446.6
3052,1224,176,3,511051.33
3053,1224,44,1,791536.94
3054,1224,19,5,1290727.17
3055,1224,122,1,3125661.2
3056,1225,156,4,3769987.45
3057,1226,11,3,2610536.36
3058,1226,66,2,551986.42
3059,1227,99,5,2278547.74
3060,1228,84,5,3967343.92
3061,1228,185,5,1285345.3
3062,1229,69,2,4091773.85
3063,1229,160,3,286302.91
3064,1230,79,1,586613.11
3065,1230,4,1,1662812.42
3066,1231,184,4,4482608.11
3067,1232,122,1,3125661.2
3068,1232,130,4,4809645.3
3069,1232,74,3,4308953.98
3070,1232,132,2,2338058.23
3071,1233,66,3,551986.42
3072,1233,172,3,3678209.44
3073,1233,93,4,1643756.02
3074,1234,137,2,3898172.49
3075,1235,177,5,1773794.19
3076,1235,17,5,2813067.14
3077,1235,122,2,3125661.2
3078,1236,181,3,3547673.65
3079,1236,142,2,330553.37
3080,1236,28,5,2325788.62
3081,1236,4,1,1662812.42
3082,1237,138,5,2575498.97
3083,1237,117,5,693030.3
3084,1238,138,5,2575498.97
3085,1238,189,5,1404505.22
3086,1238,99,5,2278547.74
3087,1239,151,2,3304299.31
3088,1239,136,5,3074869.59
3089,1239,132,1,2338058.23
3090,1239,199,3,118354.85
3091,1240,124,2,1792653.47
3092,1240,149,4,3713610.1
3093,1240,180,1,4753682.57
3094,1241,116,3,4987343.81
3095,1241,175,4,4162655.26
3096,1241,36,2,3533699.27
3097,1242,23,5,4164412.78
3098,1243,182,2,4285793.1
3099,1243,65,2,169238.61
3100,1243,45,5,3668894.31
3101,1243,69,2,4091773.85
3102,1244,42,1,4568935.38
3103,1244,134,2,2375446.57
3104,1244,61,1,2758094.14
3105,1244,146,5,2540340.64
3106,1245,8,2,2149591.69
3107,1245,101,2,1048166.87
3108,1245,41,5,1886723.06
3109,1245,146,5,2540340.64
3110,1246,183,5,3290563.28
3111,1247,43,1,149050.5
3112,1247,38,1,4388317.44
3113,1248,4,2,1662812.42
3114,1249,45,1,3668894.31
3115,1249,1,1,4105817.09
3116,1250,119,1,4875500.76
3117,1250,112,1,2045012.46
3118,1250,98,5,3791461.64
3119,1250,30,5,2787006.61
3120,1251,184,5,4482608.11
3121,1251,99,1,2278547.74
3122,1251,32,3,354409.88
3123,1251,3,2,2367313.8
3124,1252,99,1,2278547.74
3125,1252,24,2,4173280.87
3126,1252,74,5,4308953.98
3127,1253,82,1,537087.75
3128,1253,167,5,509387.5
3129,1253,63,5,877093.0
3130,1254,124,3,1792653.47
3131,1255,193,2,3061251.88
3132,1255,197,2,538853.4
3133,1255,141,3,3641684.28
3134,1255,165,3,4637932.07
3135,1256,151,1,3304299.31
3136,1256,81,1,3032090.15
3137,1256,174,2,1583517.39
3138,1256,26,1,2420440.23
3139,1257,193,3,3061251.88
3140,1257,104,3,4951689.05
3141,1257,47,3,4115139.13
3142,1257,1,5,4105817.09
3143,1258,113,1,3320875.61
3144,1258,20,4,1518912.87
3145,1258,85,4,2019061.96
3146,1258,6,4,568778.62
3147,1259,69,4,4091773.85
3148,1259,24,3,4173280.87
3149,1259,19,3,1290727.17
3150,1259,4,1,1662812.42
3151,1260,181,2,3547673.65
3152,1261,1,3,4105817.09
3153,1261,115,1,4203814.37
3154,1261,139,4,2119555.13
3155,1262,198,1,2867439.19
3156,1262,159,5,295270.79
3157,1262,121,5,4470572.78
3158,1263,95,5,3001339.43
3159,1264,111,5,3135441.16
3160,1264,108,2,29195.49
3161,1265,142,5,330553.37
3162,1265,37,5,1375699.65
3163,1265,97,5,475401.7
3164,1266,41,1,1886723.06
3165,1266,100,5,3087471.53
3166,1266,156,2,3769987.45
3167,1266,118,5,741379.54
3168,1267,143,1,2874978.48
3169,1267,134,4,2375446.57
3170,1267,163,5,2386083.16
3171,1267,145,4,1451907.88
3172,1268,94,1,901465.66
3173,1269,152,3,1324731.62
3174,1269,110,4,1195324.82
3175,1269,47,1,4115139.13
3176,1270,97,2,475401.7
3177,1270,6,2,568778.62
3178,1270,178,1,1278183.13
3179,1270,153,1,2437469.61
3180,1271,111,3,3135441.16
3181,1271,180,4,4753682.57
3182,1272,98,3,3791461.64
3183,1272,4,1,1662812.42
3184,1273,195,5,1111472.83
3185,1274,36,3,3533699.27
3186,1274,19,3,1290727.17
3187,1274,119,5,4875500.76
3188,1275,31,4,2897553.27
3189,1275,118,3,741379.54
3190,1275,125,1,3032751.96
3191,1276,125,4,3032751.96
3192,1276,76,5,3505582.74
3193,1277,20,5,1518912.87
3194,1277,25,5,4582911.19
3195,1278,72,5,508883.41
3196,1278,24,5,4173280.87
3197,1279,36,2,3533699.27
3198,1279,112,2,2045012.46
3199,1279,69,5,4091773.85
3200,1279,46,4,3883277.72
3201,1280,132,4,2338058.23
3202,1280,151,1,3304299.31
3203,1280,20,3,1518912.87
3204,1281,69,5,4091773.85
3205,1281,34,3,3141891.47
3206,1281,27,3,4462990.18
3207,1282,125,4,3032751.96
3208,1282,12,5,2475209.66
3209,1282,82,2,537087.75
3210,1283,148,2,1394205.15
3211,1284,94,1,901465.66
3212,1284,128,5,191472.83
3213,1285,188,1,1305249.56
3214,1286,162,4,1187465.03
3215,1287,181,4,3547673.65
3216,1287,88,3,1720052.94
3217,1288,118,2,741379.54
3218,1289,35,4,957210.08
3219,1289,72,2,508883.41
3220,1290,144,3,4049256.5
3221,1290,157,3,1208788.51
3222,1291,15,1,3693905.17
3223,1292,134,2,2375446.57
3224,1292,167,3,509387.5
3225,1292,133,4,4452329.5
3226,1292,47,2,4115139.13
3227,1293,35,4,957210.08
3228,1294,100,5,3087471.53
3229,1295,2,1,4220465.41
3230,1295,124,3,1792653.47
3231,1295,17,5,2813067.14
3232,1296,24,1,4173280.87
3233,1297,1,4,4105817.09
3234,1297,157,1,1208788.51
3235,1297,46,1,3883277.72
3236,1298,48,1,1045805.87
3237,1298,110,3,1195324.82
3238,1298,21,2,3840987.19
3239,1299,14,1,613080.49
3240,1299,146,1,2540340.64
3241,1299,35,4,957210.08
3242,1299,52,1,2614874.12
3243,1300,152,1,1324731.62
3244,1300,81,4,3032090.15
3245,1300,175,3,4162655.26
3246,1300,4,1,1662812.42
3247,1301,144,3,4049256.5
3248,1301,183,2,3290563.28
3249,1301,84,2,3967343.92
3250,1302,106,2,4241992.81
3251,1302,152,4,1324731.62
3252,1302,143,3,2874978.48
3253,1302,147,2,1278953.6
3254,1303,72,1,508883.41
3255,1303,121,4,4470572.78
3256,1303,197,1,538853.4
3257,1304,122,3,3125661.2
3258,1304,52,5,2614874.12
3259,1305,55,1,1022763.67
3260,1306,67,3,2146667.08
3261,1307,40,3,2637374.59
3262,1308,57,4,3363842.11
3263,1308,176,3,511051.33
3264,1308,47,2,4115139.13
3265,1308,18,3,81203.91
3266,1309,66,3,551986.42
3267,1309,135,2,3428268.25
3268,1309,196,4,4565230.88
3269,1309,62,5,4717807.15
3270,1310,104,3,4951689.05
3271,1311,10,2,4637349.21
3272,1311,191,5,4779138.35
3273,1311,110,5,1195324.82
3274,1311,115,2,4203814.37
3275,1312,77,2,3949174.06
3276,1312,139,5,2119555.13
3277,1312,129,3,3531790.65
3278,1313,82,4,537087.75
3279,1313,59,3,4792532.82
3280,1314,36,3,3533699.27
3281,1314,139,1,2119555.13
3282,1314,13,4,3550220.66
3283,1314,85,4,2019061.96
3284,1315,181,3,3547673.65
3285,1315,13,4,3550220.66
3286,1315,101,5,1048166.87
3287,1316,91,4,3321495.98
3288,1316,21,2,3840987.19
3289,1316,94,2,901465.66
3290,1317,187,5,3468801.92
3291,1317,3,1,2367313.8
3292,1318,197,1,538853.4
3293,1318,84,4,3967343.92
3294,1318,28,3,2325788.62
3295,1319,171,5,2319015.25
3296,1320,60,1,534317.08
3297,1321,26,4,2420440.23
3298,1322,25,2,4582911.19
3299,1322,154,3,1730668.78
3300,1322,176,3,511051.33
3301,1322,5,4,1068980.71
3302,1323,14,2,613080.49
3303,1323,176,1,511051.33
3304,1323,180,4,4753682.57
3305,1323,46,5,3883277.72
3306,1324,60,1,534317.08
3307,1324,81,2,3032090.15
3308,1324,69,1,4091773.85
3309,1325,171,2,2319015.25
3310,1326,113,5,3320875.61
3311,1326,81,3,3032090.15
3312,1327,3,2,2367313.8
3313,1328,195,3,1111472.83
3314,1328,180,1,4753682.57
3315,1328,13,3,3550220.66
3316,1328,21,2,3840987.19
3317,1329,89,5,3926962.03
3318,1329,168,3,4782013.69
3319,1330,163,4,2386083.16
3320,1330,159,3,295270.79
3321,1330,87,1,4870111.36
3322,1330,9,4,2638821.35
3323,1331,196,4,4565230.88
3324,1332,34,5,3141891.47
3325,1332,119,5,4875500.76
3326,1333,91,5,3321495.98
3327,1334,165,1,4637932.07
3328,1334,8,1,2149591.69
3329,1334,60,1,534317.08
3330,1335,74,3,4308953.98
3331,1335,174,1,1583517.39
3332,1335,160,2,286302.91
3333,1335,56,5,2673072.13
3334,1336,1,3,4105817.09
3335,1337,33,4,4207677.29
3336,1337,9,1,2638821.35
3337,1337,55,5,1022763.67
3338,1338,17,3,2813067.14
3339,1338,19,5,1290727.17
3340,1338,139,1,2119555.13
3341,1339,168,5,4782013.69
3342,1339,87,5,4870111.36
3343,1340,140,3,858353.11
3344,1340,92,2,593756.23
3345,1341,176,2,511051.33
3346,1341,146,1,2540340.64
3347,1341,88,3,1720052.94
3348,1342,19,4,1290727.17
3349,1342,9,5,2638821.35
3350,1342,16,5,2084854.67
3351,1342,105,1,3067166.51
3352,1343,102,5,2862125.13
3353,1344,141,4,3641684.28
3354,1344,16,4,2084854.67
3355,1344,19,4,1290727.17
3356,1344,140,3,858353.11
3357,1345,200,2,3273005.03
3358,1346,129,2,3531790.65
3359,1346,69,2,4091773.85
3360,1346,178,2,1278183.13
3361,1346,175,5,4162655.26
3362,1347,79,3,586613.11
3363,1347,149,2,3713610.1
3364,1347,179,1,3106501.19
3365,1348,101,4,1048166.87
3366,1349,97,3,475401.7
3367,1349,195,1,1111472.83
3368,1349,41,2,1886723.06
3369,1349,86,2,3113852.32
3370,1350,3,2,2367313.8
3371,1350,19,4,1290727.17
3372,1350,127,3,1364520.98
3373,1351,34,3,3141891.47
3374,1351,101,1,1048166.87
3375,1351,48,4,1045805.87
3376,1352,48,2,1045805.87
3377,1352,150,5,4552904.16
3378,1352,16,2,2084854.67
3379,1353,57,3,3363842.11
3380,1353,79,1,586613.11
3381,1354,4,1,1662812.42
3382,1355,165,4,4637932.07
3383,1356,92,2,593756.23
3384,1357,164,5,4354631.74
3385,1358,131,2,3657672.71
3386,1358,65,1,169238.61
3387,1358,63,1,877093.0
3388,1358,4,4,1662812.42
3389,1359,114,1,961428.52
3390,1359,57,3,3363842.11
3391,1359,35,3,957210.08
3392,1359,158,4,1074012.32
3393,1360,194,5,564441.58
3394,1360,145,4,1451907.88
3395,1360,143,3,2874978.48
3396,1361,23,5,4164412.78
3397,1361,44,5,791536.94
3398,1362,80,2,4232687.16
3399,1362,43,2,149050.5
3400,1362,102,4,2862125.13
3401,1362,12,2,2475209.66
3402,1363,178,2,1278183.13
3403,1364,95,1,3001339.43
3404,1364,91,3,3321495.98
3405,1364,134,4,2375446.57
3406,1364,48,4,1045805.87
3407,1365,178,5,1278183.13
3408,1366,1,1,4105817.09
3409,1366,114,1,961428.52
3410,1367,42,5,4568935.38
3411,1367,58,1,808542.67
3412,1367,183,2,3290563.28
3413,1368,111,2,3135441.16
3414,1368,180,1,4753682.57
3415,1369,18,5,81203.91
3416,1369,91,1,3321495.98
3417,1370,186,5,3202933.03
3418,1370,2,1,4220465.41
3419,1370,176,4,511051.33
3420,1370,94,1,901465.66
3421,1371,129,4,3531790.65
3422,1372,138,3,2575498.97
3423,1372,96,5,1653856.01
3424,1373,187,5,3468801.92
3425,1374,146,4,2540340.64
3426,1374,192,2,2216859.79
3427,1374,119,1,4875500.76
3428,1375,143,1,2874978.48
3429,1375,133,3,4452329.5
3430,1375,12,2,2475209.66
3431,1375,182,4,4285793.1
3432,1376,18,4,81203.91
3433,1376,141,5,3641684.28
3434,1377,131,4,3657672.71
3435,1377,149,2,3713610.1
3436,1378,85,1,2019061.96
3437,1378,80,5,4232687.16
3438,1378,14,2,613080.49
3439,1379,185,4,1285345.3
3440,1379,194,2,564441.58
3441,1380,14,2,613080.49
3442,1381,158,5,1074012.32
3443,1381,76,2,3505582.74
3444,1382,35,2,957210.08
3445,1382,170,1,1295336.0
3446,1383,23,3,4164412.78
3447,1383,72,2,508883.41
3448,1383,125,2,3032751.96
3449,1384,17,4,2813067.14
3450,1385,148,2,1394205.15
3451,1385,155,1,2987831.86
3452,1385,182,2,4285793.1
3453,1386,33,1,4207677.29
3454,1387,13,2,3550220.66
3455,1387,71,2,2849751.78
3456,1388,34,4,3141891.47
3457,1388,184,4,4482608.11
3458,1389,33,2,4207677.29
3459,1389,179,3,3106501.19
3460,1389,27,2,4462990.18
3461,1390,199,2,118354.85
3462,1391,107,3,1861883.9
3463,1392,105,3,3067166.51
3464,1393,51,3,1683116.52
3465,1393,1,5,4105817.09
3466,1393,175,2,4162655.26
3467,1393,15,4,3693905.17
3468,1394,118,1,741379.54
3469,1394,92,5,593756.23
3470,1394,102,5,2862125.13
3471,1394,150,2,4552904.16
3472,1395,197,1,538853.4
3473,1395,19,2,1290727.17
3474,1396,107,1,1861883.9
3475,1397,77,2,3949174.06
3476,1397,97,5,475401.7
3477,1397,156,5,3769987.45
3478,1397,11,2,2610536.36
3479,1398,8,3,2149591.69
3480,1399,190,3,1958237.38
3481,1399,139,1,2119555.13
3482,1400,101,1,1048166.87
3483,1400,42,2,4568935.38
3484,1400,39,1,4151550.91
3485,1400,146,4,2540340.64
3486,1401,4,4,1662812.42
3487,1401,129,5,3531790.65
3488,1401,15,3,3693905.17
3489,1401,94,4,901465.66
3490,1402,118,2,741379.54
3491,1402,193,4,3061251.88
3492,1402,11,2,2610536.36
3493,1402,99,1,2278547.74
3494,1403,93,3,1643756.02
3495,1403,16,3,2084854.67
3496,1403,78,3,2450345.99
3497,1403,149,1,3713610.1
3498,1404,111,3,3135441.16
3499,1404,101,5,1048166.87
3500,1404,51,2,1683116.52
3501,1404,176,2,511051.33
3502,1405,89,5,3926962.03
3503,1405,3,4,2367313.8
3504,1405,78,2,2450345.99
3505,1405,166,4,3400504.69
3506,1406,34,4,3141891.47
3507,1406,44,2,791536.94
3508,1407,31,3,2897553.27
3509,1407,23,2,4164412.78
3510,1407,76,4,3505582.74
3511,1407,38,2,4388317.44
3512,1408,168,3,4782013.69
3513,1408,143,3,2874978.48
3514,1408,179,2,3106501.19
3515,1409,174,5,1583517.39
3516,1410,137,4,3898172.49
3517,1411,190,5,1958237.38
3518,1412,38,3,4388317.44
3519,1412,164,1,4354631.74
3520,1412,62,5,4717807.15
3521,1412,186,5,3202933.03
3522,1413,68,3,3091168.8
3523,1413,57,2,3363842.11
3524,1413,52,2,2614874.12
3525,1413,144,3,4049256.5
3526,1414,48,3,1045805.87
3527,1414,94,5,901465.66
3528,1414,171,2,2319015.25
3529,1414,15,2,3693905.17
3530,1415,67,1,2146667.08
3531,1415,52,2,2614874.12
3532,1416,21,3,3840987.19
3533,1417,104,3,4951689.05
3534,1417,8,3,2149591.69
3535,1417,96,4,1653856.01
3536,1417,185,4,1285345.3
3537,1418,128,4,191472.83
3538,1418,85,5,2019061.96
3539,1418,117,3,693030.3
3540,1419,52,4,2614874.12
3541,1419,93,3,1643756.02
3542,1419,62,5,4717807.15
3543,1420,70,5,415764.4
3544,1420,101,5,1048166.87
3545,1420,99,4,2278547.74
3546,1420,187,1,3468801.92
3547,1421,54,2,3203282.99
3548,1421,72,3,508883.41
3549,1421,33,3,4207677.29
3550,1421,21,3,3840987.19
3551,1422,138,1,2575498.97
3552,1423,159,1,295270.79
3553,1423,79,3,586613.11
3554,1423,131,2,3657672.71
3555,1424,153,5,2437469.61
3556,1424,37,4,1375699.65
3557,1424,83,4,1646201.9
3558,1424,96,3,1653856.01
3559,1425,47,4,4115139.13
3560,1425,29,3,4179651.04
3561,1425,62,2,4717807.15
3562,1425,4,2,1662812.42
3563,1426,199,1,118354.85
3564,1426,184,3,4482608.11
3565,1426,151,2,3304299.31
3566,1427,32,3,354409.88
3567,1427,74,5,4308953.98
3568,1427,14,5,613080.49
3569,1427,171,2,2319015.25
3570,1428,41,1,1886723.06
3571,1428,107,3,1861883.9
3572,1429,80,1,4232687.16
3573,1429,55,4,1022763.67
3574,1429,184,5,4482608.11
3575,1430,57,2,3363842.11
3576,1430,169,1,1691462.85
3577,1430,198,1,2867439.19
3578,1430,118,1,741379.54
3579,1431,127,5,1364520.98
3580,1432,43,1,149050.5
3581,1432,37,3,1375699.65
3582,1432,31,5,2897553.27
3583,1433,24,2,4173280.87
3584,1433,143,2,2874978.48
3585,1433,72,3,508883.41
3586,1433,82,3,537087.75
3587,1434,111,4,3135441.16
3588,1434,130,3,4809645.3
3589,1435,175,4,4162655.26
3590,1435,167,1,509387.5
3591,1435,174,1,1583517.39
3592,1436,50,1,45446.6
3593,1436,165,5,4637932.07
3594,1436,42,4,4568935.38
3595,1436,166,3,3400504.69
3596,1437,57,4,3363842.11
3597,1437,114,4,961428.52
3598,1438,148,4,1394205.15
3599,1438,111,3,3135441.16
3600,1439,49,1,1953251.37
3601,1439,50,3,45446.6
3602,1439,120,1,707670.83
3603,1439,1,1,4105817.09
3604,1440,40,1,2637374.59
3605,1440,113,1,3320875.61
3606,1440,138,3,2575498.97
3607,1441,167,1,509387.5
3608,1441,133,1,4452329.5
3609,1441,169,1,1691462.85
3610,1442,124,2,1792653.47
3611,1442,175,2,4162655.26
3612,1443,80,2,4232687.16
3613,1444,119,1,4875500.76
3614,1444,170,4,1295336.0
3615,1444,50,1,45446.6
3616,1445,59,1,4792532.82
3617,1445,147,2,1278953.6
3618,1445,178,4,1278183.13
3619,1446,127,2,1364520.98
3620,1447,51,1,1683116.52
3621,1448,97,3,475401.7
3622,1448,160,3,286302.91
3623,1449,133,4,4452329.5
3624,1449,199,2,118354.85
3625,1450,154,2,1730668.78
3626,1451,64,3,2714371.08
3627,1451,89,5,3926962.03
3628,1451,33,3,4207677.29
3629,1451,185,2,1285345.3
3630,1452,38,2,4388317.44
3631,1452,44,4,791536.94
3632,1453,180,2,4753682.57
3633,1453,158,5,1074012.32
3634,1454,1,3,4105817.09
3635,1454,74,4,4308953.98
3636,1455,91,2,3321495.98
3637,1455,58,2,808542.67
3638,1456,110,1,1195324.82
3639,1456,23,4,4164412.78
3640,1456,130,4,4809645.3
3641,1456,90,1,2734021.23
3642,1457,142,4,330553.37
3643,1458,131,2,3657672.71
3644,1459,156,5,3769987.45
3645,1459,128,2,191472.83
3646,1459,31,2,2897553.27
3647,1459,196,4,4565230.88
3648,1460,26,1,2420440.23
3649,1461,32,3,354409.88
3650,1461,40,5,2637374.59
3651,1461,102,2,2862125.13
3652,1461,26,5,2420440.23
3653,1462,181,4,3547673.65
3654,1462,23,4,4164412.78
3655,1463,137,4,3898172.49
3656,1463,67,4,2146667.08
3657,1463,200,2,3273005.03
3658,1464,114,2,961428.52
3659,1464,193,2,3061251.88
3660,1464,68,2,3091168.8
3661,1465,177,2,1773794.19
3662,1465,40,2,2637374.59
3663,1466,163,1,2386083.16
3664,1467,65,5,169238.61
3665,1467,40,5,2637374.59
3666,1467,89,2,3926962.03
3667,1468,46,3,3883277.72
3668,1468,188,4,1305249.56
3669,1469,97,2,475401.7
3670,1470,55,1,1022763.67
3671,1470,96,4,1653856.01
3672,1470,168,2,4782013.69
3673,1471,63,5,877093.0
3674,1471,18,1,81203.91
3675,1471,166,3,3400504.69
3676,1471,30,4,2787006.61
3677,1472,71,4,2849751.78
3678,1472,27,3,4462990.18
3679,1472,61,2,2758094.14
3680,1472,2,5,4220465.41
3681,1473,198,5,2867439.19
3682,1473,32,3,354409.88
3683,1473,168,2,4782013.69
3684,1474,169,1,1691462.85
3685,1475,199,2,118354.85
3686,1475,99,4,2278547.74
3687,1476,131,3,3657672.71
3688,1477,59,3,4792532.82
3689,1477,147,4,1278953.6
3690,1477,185,1,1285345.3
3691,1477,122,3,3125661.2
3692,1478,122,3,3125661.2
3693,1478,12,3,2475209.66
3694,1478,93,5,1643756.02
3695,1479,45,1,3668894.31
3696,1480,23,3,4164412.78
3697,1480,110,1,1195324.82
3698,1480,185,1,1285345.3
3699,1481,85,1,2019061.96
3700,1481,110,5,1195324.82
3701,1481,70,1,415764.4
3702,1482,152,5,1324731.62
3703,1482,55,4,1022763.67
3704,1482,83,3,1646201.9
3705,1482,116,2,4987343.81
3706,1483,123,1,2135020.31
3707,1484,5,2,1068980.71
3708,1484,65,4,169238.61
3709,1485,171,1,2319015.25
3710,1485,4,5,1662812.42
3711,1486,25,1,4582911.19
3712,1486,35,2,957210.08
3713,1486,187,3,3468801.92
3714,1486,170,1,1295336.0
3715,1487,147,4,1278953.6
3716,1487,63,5,877093.0
3717,1488,119,4,4875500.76
3718,1488,137,4,3898172.49
3719,1488,146,1,2540340.64
3720,1488,166,5,3400504.69
3721,1489,56,4,2673072.13
3722,1489,19,4,1290727.17
3723,1489,43,2,149050.5
3724,1489,110,1,1195324.82
3725,1490,34,4,3141891.47
3726,1490,113,1,3320875.61
3727,1491,87,5,4870111.36
3728,1491,179,5,3106501.19
3729,1491,148,4,1394205.15
3730,1491,136,5,3074869.59
3731,1492,91,5,3321495.98
3732,1492,61,3,2758094.14
3733,1492,164,2,4354631.74
3734,1492,54,1,3203282.99
3735,1493,162,4,1187465.03
3736,1494,80,5,4232687.16
3737,1494,49,5,1953251.37
3738,1494,8,3,2149591.69
3739,1495,60,2,534317.08
3740,1495,32,1,354409.88
3741,1496,31,1,2897553.27
3742,1496,151,3,3304299.31
3743,1497,199,3,118354.85
3744,1498,97,4,475401.7
3745,1498,70,3,415764.4
3746,1498,73,4,2365965.73
3747,1498,145,1,1451907.88
3748,1499,1,2,4105817.09
3749,1500,144,3,4049256.5
3750,1500,119,5,4875500.76
3751,1500,102,4,2862125.13
3752,1500,79,4,586613.11
3753,1501,77,4,3949174.06
3754,1501,147,3,1278953.6
3755,1501,115,1,4203814.37
3756,1501,152,4,1324731.62
3757,1502,99,4,2278547.74
3758,1502,89,1,3926962.03
3759,1503,85,4,2019061.96
3760,1503,9,2,2638821.35
3761,1503,6,3,568778.62
3762,1504,179,2,3106501.19
3763,1504,57,1,3363842.11
3764,1504,121,5,4470572.78
3765,1505,70,2,415764.4
3766,1505,145,4,1451907.88
3767,1505,110,4,1195324.82
3768,1505,158,1,1074012.32
3769,1506,163,5,2386083.16
3770,1507,36,4,3533699.27
3771,1507,146,2,2540340.64
3772,1507,179,3,3106501.19
3773,1508,13,3,3550220.66
3774,1508,178,5,1278183.13
3775,1509,185,3,1285345.3
3776,1509,3,1,2367313.8
3777,1509,46,2,3883277.72
3778,1509,95,5,3001339.43
3779,1510,119,2,4875500.76
3780,1510,106,4,4241992.81
3781,1511,61,5,2758094.14
3782,1511,21,3,3840987.19
3783,1511,81,5,3032090.15
3784,1512,157,3,1208788.51
3785,1512,101,4,1048166.87
3786,1512,90,4,2734021.23
3787,1513,77,3,3949174.06
3788,1513,85,3,2019061.96
3789,1514,79,3,586613.11
3790,1514,182,1,4285793.1
3791,1515,157,5,1208788.51
3792,1515,32,5,354409.88
3793,1515,102,5,2862125.13
3794,1516,193,2,3061251.88
3795,1516,156,3,3769987.45
3796,1517,149,2,3713610.1
3797,1517,116,5,4987343.81
3798,1517,73,3,2365965.73
3799,1518,68,5,3091168.8
3800,1518,5,2,1068980.71
3801,1518,135,2,3428268.25
3802,1518,195,2,1111472.83
3803,1519,152,3,1324731.62
3804,1520,33,2,4207677.29
3805,1520,155,5,2987831.86
3806,1520,186,5,3202933.03
3807,1520,123,5,2135020.31
3808,1521,26,1,2420440.23
3809,1521,64,1,2714371.08
3810,1521,41,5,1886723.06
3811,1522,34,1,3141891.47
3812,1522,16,4,2084854.67
3813,1522,177,1,1773794.19
3814,1522,45,4,3668894.31
3815,1523,78,2,2450345.99
3816,1523,133,3,4452329.5
3817,1523,90,4,2734021.23
3818,1524,87,2,4870111.36
3819,1524,121,2,4470572.78
3820,1524,150,1,4552904.16
3821,1525,3,3,2367313.8
3822,1525,11,3,2610536.36
3823,1526,78,5,2450345.99
3824,1526,98,2,3791461.64
3825,1526,17,5,2813067.14
3826,1526,38,1,4388317.44
3827,1527,37,3,1375699.65
3828,1528,35,1,957210.08
3829,1529,188,3,1305249.56
3830,1529,119,4,4875500.76
3831,1530,136,4,3074869.59
3832,1530,181,2,3547673.65
3833,1530,153,3,2437469.61
3834,1531,161,1,2394253.91
3835,1531,174,5,1583517.39
3836,1531,121,4,4470572.78
3837,1532,147,5,1278953.6
3838,1533,18,3,81203.91
3839,1533,67,5,2146667.08
3840,1534,49,3,1953251.37
3841,1534,67,4,2146667.08
3842,1534,179,4,3106501.19
3843,1535,22,2,1723273.89
3844,1535,19,5,1290727.17
3845,1536,13,2,3550220.66
3846,1536,53,2,136839.3
3847,1536,76,4,3505582.74
3848,1537,172,2,3678209.44
3849,1537,190,1,1958237.38
3850,1538,50,4,45446.6
3851,1538,80,3,4232687.16
3852,1539,68,2,3091168.8
3853,1539,105,1,3067166.51
3854,1540,78,2,2450345.99
3855,1541,183,4,3290563.28
3856,1541,149,5,3713610.1
3857,1541,107,1,1861883.9
3858,1541,130,1,4809645.3
3859,1542,182,3,4285793.1
3860,1542,37,4,1375699.65
3861,1542,146,5,2540340.64
3862,1543,40,1,2637374.59
3863,1544,113,3,3320875.61
3864,1544,74,2,4308953.98
3865,1544,17,1,2813067.14
3866,1544,120,3,707670.83
3867,1545,82,2,537087.75
3868,1545,15,2,3693905.17
3869,1546,13,5,3550220.66
3870,1546,42,3,4568935.38
3871,1546,144,4,4049256.5
3872,1547,87,3,4870111.36
3873,1547,47,2,4115139.13
3874,1547,115,2,4203814.37
3875,1547,193,2,3061251.88
3876,1548,134,5,2375446.57
3877,1548,40,2,2637374.59
3878,1549,35,1,957210.08
3879,1550,85,5,2019061.96
3880,1550,103,1,4594545.57
3881,1551,53,2,136839.3
3882,1551,3,1,2367313.8
3883,1552,51,4,1683116.52
3884,1552,65,4,169238.61
3885,1553,18,4,81203.91
3886,1553,188,4,1305249.56
3887,1553,178,3,1278183.13
3888,1553,32,1,354409.88
3889,1554,110,5,1195324.82
3890,1554,37,5,1375699.65
3891,1554,199,3,118354.85
3892,1554,123,3,2135020.31
3893,1555,192,2,2216859.79
3894,1555,15,3,3693905.17
3895,1556,54,2,3203282.99
3896,1556,15,2,3693905.17
3897,1556,21,5,3840987.19
3898,1557,125,1,3032751.96
3899,1557,44,2,791536.94
3900,1557,61,3,2758094.14
3901,1558,12,5,2475209.66
3902,1558,33,3,4207677.29
3903,1559,18,1,81203.91
3904,1559,149,1,3713610.1
3905,1559,190,4,1958237.38
3906,1559,198,2,2867439.19
3907,1560,170,3,1295336.0
3908,1560,34,1,3141891.47
3909,1561,15,4,3693905.17
3910,1561,113,3,3320875.61
3911,1561,185,5,1285345.3
3912,1562,187,4,3468801.92
3913,1562,199,3,118354.85
3914,1562,27,3,4462990.18
3915,1562,122,4,3125661.2
3916,1563,160,5,286302.91
3917,1564,68,4,3091168.8
3918,1564,13,3,3550220.66
3919,1565,138,2,2575498.97
3920,1565,113,4,3320875.61
3921,1566,87,1,4870111.36
3922,1566,130,2,4809645.3
3923,1567,82,1,537087.75
3924,1567,154,5,1730668.78
3925,1568,99,5,2278547.74
3926,1568,101,3,1048166.87
3927,1568,195,3,1111472.83
3928,1569,64,2,2714371.08
3929,1569,125,2,3032751.96
3930,1570,147,1,1278953.6
3931,1570,197,2,538853.4
3932,1570,20,1,1518912.87
3933,1570,48,1,1045805.87
3934,1571,31,5,2897553.27
3935,1572,132,3,2338058.23
3936,1572,11,5,2610536.36
3937,1572,61,4,2758094.14
3938,1572,179,5,3106501.19
3939,1573,172,1,3678209.44
3940,1574,13,1,3550220.66
3941,1574,125,2,3032751.96
3942,1574,75,5,4566486.51
3943,1574,178,2,1278183.13
3944,1575,27,5,4462990.18
3945,1575,151,3,3304299.31
3946,1575,159,3,295270.79
3947,1576,154,1,1730668.78
3948,1576,82,4,537087.75
3949,1577,45,2,3668894.31
3950,1578,127,3,1364520.98
3951,1578,100,2,3087471.53
3952,1579,143,2,2874978.48
3953,1579,117,2,693030.3
3954,1580,93,3,1643756.02
3955,1581,37,4,1375699.65
3956,1581,29,2,4179651.04
3957,1582,174,5,1583517.39
3958,1582,83,4,1646201.9
3959,1582,176,2,511051.33
3960,1582,67,2,2146667.08
3961,1583,178,5,1278183.13
3962,1584,52,3,2614874.12
3963,1584,75,3,4566486.51
3964,1585,5,4,1068980.71
3965,1585,79,5,586613.11
3966,1585,129,5,3531790.65
3967,1585,133,5,4452329.5
3968,1586,4,1,1662812.42
3969,1586,70,2,415764.4
3970,1586,119,1,4875500.76
3971,1587,158,5,1074012.32
3972,1587,175,3,4162655.26
3973,1587,97,1,475401.7
3974,1588,49,4,1953251.37
3975,1588,175,3,4162655.26
3976,1588,115,5,4203814.37
3977,1589,102,2,2862125.13
3978,1589,110,2,1195324.82
3979,1590,107,2,1861883.9
3980,1590,60,4,534317.08
3981,1590,69,4,4091773.85
3982,1591,82,5,537087.75
3983,1591,44,2,791536.94
3984,1591,41,1,1886723.06
3985,1591,92,4,593756.23
3986,1592,103,3,4594545.57
3987,1593,37,5,1375699.65
3988,1594,8,3,2149591.69
3989,1594,168,5,4782013.69
3990,1595,39,3,4151550.91
3991,1595,152,1,1324731.62
3992,1596,83,4,1646201.9
3993,1597,11,5,2610536.36
3994,1597,39,3,4151550.91
3995,1598,194,5,564441.58
3996,1598,171,4,2319015.25
3997,1598,180,2,4753682.57
3998,1599,63,2,877093.0
3999,1599,119,4,4875500.76
4000,1599,172,2,3678209.44
4001,1599,185,5,1285345.3
4002,1600,171,1,2319015.25
4003,1600,196,4,4565230.88
4004,1600,47,4,4115139.13
4005,1601,86,3,3113852.32
4006,1602,166,5,3400504.69
4007,1603,25,1,4582911.19
4008,1603,50,2,45446.6
4009,1603,53,5,136839.3
4010,1604,12,3,2475209.66
4011,1605,181,1,3547673.65
4012,1605,41,1,1886723.06
4013,1606,39,2,4151550.91
4014,1606,25,1,4582911.19
4015,1607,192,1,2216859.79
4016,1607,76,3,3505582.74
4017,1607,131,5,3657672.71
4018,1608,112,4,2045012.46
4019,1608,140,5,858353.11
4020,1609,103,5,4594545.57
4021,1609,77,1,3949174.06
4022,1609,3,5,2367313.8
4023,1609,27,3,4462990.18
4024,1610,143,4,2874978.48
4025,1610,138,3,2575498.97
4026,1610,15,3,3693905.17
4027,1611,173,1,2611762.8
4028,1611,1,4,4105817.09
4029,1612,146,4,2540340.64
4030,1612,129,4,3531790.65
4031,1613,63,4,877093.0
4032,1613,81,4,3032090.15
4033,1613,134,3,2375446.57
4034,1613,84,4,3967343.92
4035,1614,199,5,118354.85
4036,1614,191,4,4779138.35
4037,1614,31,2,2897553.27
4038,1615,76,2,3505582.74
4039,1615,169,1,1691462.85
4040,1616,184,2,4482608.11
4041,1616,112,2,2045012.46
4042,1617,50,2,45446.6
4043,1618,79,1,586613.11
4044,1619,73,2,2365965.73
4045,1620,137,3,3898172.49
4046,1620,56,4,2673072.13
4047,1620,29,5,4179651.04
4048,1621,24,4,4173280.87
4049,1622,40,5,2637374.59
4050,1622,195,5,1111472.83
4051,1622,105,5,3067166.51
4052,1622,151,3,3304299.31
4053,1623,167,2,509387.5
4054,1624,29,5,4179651.04
4055,1624,189,1,1404505.22
4056,1625,57,4,3363842.11
4057,1626,105,2,3067166.51
4058,1626,6,1,568778.62
4059,1626,189,1,1404505.22
4060,1626,177,1,1773794.19
4061,1627,51,5,1683116.52
4062,1627,192,3,2216859.79
4063,1627,42,2,4568935.38
4064,1628,49,1,1953251.37
4065,1628,25,3,4582911.19
4066,1628,1,2,4105817.09
4067,1628,83,3,1646201.9
4068,1629,136,5,3074869.59
4069,1629,61,1,2758094.14
4070,1630,142,4,330553.37
4071,1630,177,5,1773794.19
4072,1630,42,2,4568935.38
4073,1631,16,4,2084854.67
4074,1632,137,4,3898172.49
4075,1632,179,4,3106501.19
4076,1632,111,2,3135441.16
4077,1632,42,2,4568935.38
4078,1633,143,5,2874978.48
4079,1633,53,5,136839.3
4080,1634,173,4,2611762.8
4081,1634,53,1,136839.3
4082,1634,55,5,1022763.67
4083,1634,124,3,1792653.47
4084,1635,162,5,1187465.03
4085,1636,46,2,3883277.72
4086,1636,102,4,2862125.13
4087,1636,117,5,693030.3
4088,1636,27,3,4462990.18
4089,1637,1,1,4105817.09
4090,1638,40,5,2637374.59
4091,1638,170,2,1295336.0
4092,1639,58,5,808542.67
4093,1639,184,2,4482608.11
4094,1640,173,5,2611762.8
4095,1641,90,4,2734021.23
4096,1641,48,5,1045805.87
4097,1642,136,4,3074869.59
4098,1643,182,1,4285793.1
4099,1643,196,4,4565230.88
4100,1643,189,4,1404505.22
4101,1644,99,4,2278547.74
4102,1644,25,3,4582911.19
4103,1644,167,5,509387.5
4104,1644,12,2,2475209.66
4105,1645,163,5,2386083.16
4106,1646,168,3,4782013.69
4107,1647,198,5,2867439.19
4108,1647,20,2,1518912.87
4109,1648,156,4,3769987.45
4110,1648,114,5,961428.52
4111,1648,105,1,3067166.51
4112,1648,30,3,2787006.61
4113,1649,149,5,3713610.1
4114,1649,137,3,3898172.49
4115,1649,165,3,4637932.07
4116,1649,64,4,2714371.08
4117,1650,189,1,1404505.22
4118,1650,173,2,2611762.8
4119,1651,97,5,475401.7
4120,1651,95,4,3001339.43
4121,1651,179,2,3106501.19
4122,1651,103,5,4594545.57
4123,1652,148,3,1394205.15
4124,1652,25,4,4582911.19
4125,1652,36,2,3533699.27
4126,1653,158,5,1074012.32
4127,1653,130,2,4809645.3
4128,1653,152,3,1324731.62
4129,1654,58,4,808542.67
4130,1654,155,1,2987831.86
4131,1654,70,4,415764.4
4132,1655,35,1,957210.08
4133,1655,149,4,3713610.1
4134,1655,156,3,3769987.45
4135,1656,37,4,1375699.65
4136,1656,196,5,4565230.88
4137,1656,159,3,295270.79
4138,1656,106,1,4241992.81
4139,1657,147,1,1278953.6
4140,1657,159,5,295270.79
4141,1657,102,1,2862125.13
4142,1657,125,5,3032751.96
4143,1658,79,3,586613.11
4144,1658,176,5,511051.33
4145,1658,175,3,4162655.26
4146,1658,128,5,191472.83
4147,1659,104,5,4951689.05
4148,1659,71,2,2849751.78
4149,1659,20,5,1518912.87
4150,1660,29,2,4179651.04
4151,1660,106,3,4241992.81
4152,1660,119,4,4875500.76
4153,1661,53,5,136839.3
4154,1661,103,5,4594545.57
4155,1661,188,5,1305249.56
4156,1662,98,3,3791461.64
4157,1663,68,3,3091168.8
4158,1664,3,5,2367313.8
4159,1664,155,4,2987831.86
4160,1664,43,1,149050.5
4161,1665,44,2,791536.94
4162,1665,31,4,2897553.27
4163,1665,9,2,2638821.35
4164,1666,11,5,2610536.36
4165,1666,102,5,2862125.13
4166,1666,103,1,4594545.57
4167,1666,75,1,4566486.51
4168,1667,70,3,415764.4
4169,1667,137,3,3898172.49
4170,1668,198,2,2867439.19
4171,1669,143,5,2874978.48
4172,1670,171,3,2319015.25
4173,1670,11,4,2610536.36
4174,1671,171,2,2319015.25
4175,1671,139,5,2119555.13
4176,1671,142,5,330553.37
4177,1672,68,3,3091168.8
4178,1672,191,4,4779138.35
4179,1672,28,2,2325788.62
4180,1672,142,1,330553.37
4181,1673,115,1,4203814.37
4182,1673,95,1,3001339.43
4183,1674,55,1,1022763.67
4184,1675,185,4,1285345.3
4185,1675,100,1,3087471.53
4186,1675,195,5,1111472.83
4187,1676,166,3,3400504.69
4188,1676,53,4,136839.3
4189,1676,5,3,1068980.71
4190,1677,143,3,2874978.48
4191,1678,113,3,3320875.61
4192,1678,139,4,2119555.13
4193,1679,146,4,2540340.64
4194,1679,14,1,613080.49
4195,1679,129,1,3531790.65
4196,1679,195,5,1111472.83
4197,1680,42,1,4568935.38
4198,1680,107,1,1861883.9
4199,1680,165,2,4637932.07
4200,1680,9,4,2638821.35
4201,1681,177,2,1773794.19
4202,1681,32,3,354409.88
4203,1681,13,3,3550220.66
4204,1682,65,5,169238.61
4205,1682,34,1,3141891.47
4206,1682,154,4,1730668.78
4207,1683,71,5,2849751.78
4208,1683,171,4,2319015.25
4209,1683,88,3,1720052.94
4210,1683,109,2,570749.13
4211,1684,10,2,4637349.21
4212,1684,97,1,475401.7
4213,1684,37,3,1375699.65
4214,1685,157,4,1208788.51
4215,1685,153,2,2437469.61
4216,1685,112,3,2045012.46
4217,1686,197,1,538853.4
4218,1686,46,5,3883277.72
4219,1686,48,1,1045805.87
4220,1686,47,3,4115139.13
4221,1687,56,3,2673072.13
4222,1687,163,4,2386083.16
4223,1688,67,4,2146667.08
4224,1689,123,5,2135020.31
4225,1689,100,3,3087471.53
4226,1689,78,3,2450345.99
4227,1690,153,4,2437469.61
4228,1690,58,3,808542.67
4229,1690,154,2,1730668.78
4230,1691,60,5,534317.08
4231,1692,81,4,3032090.15
4232,1692,2,1,4220465.41
4233,1693,74,3,4308953.98
4234,1693,86,2,3113852.32
4235,1694,43,5,149050.5
4236,1695,1,2,4105817.09
4237,1696,33,1,4207677.29
4238,1696,169,4,1691462.85
4239,1696,48,2,1045805.87
4240,1696,24,2,4173280.87
4241,1697,127,3,1364520.98
4242,1697,41,5,1886723.06
4243,1697,109,5,570749.13
4244,1697,198,2,2867439.19
4245,1698,143,3,2874978.48
4246,1698,83,5,1646201.9
4247,1698,183,3,3290563.28
4248,1699,47,3,4115139.13
4249,1699,150,2,4552904.16
4250,1700,36,1,3533699.27
4251,1700,183,4,3290563.28
4252,1700,81,1,3032090.15
4253,1701,126,1,4237849.34
4254,1701,95,4,3001339.43
4255,1701,158,1,1074012.32
4256,1702,87,1,4870111.36
4257,1703,93,3,1643756.02
4258,1704,67,4,2146667.08
4259,1705,79,3,586613.11
4260,1705,69,2,4091773.85
4261,1705,121,3,4470572.78
4262,1705,59,2,4792532.82
4263,1706,113,3,3320875.61
4264,1706,136,1,3074869.59
4265,1706,188,4,1305249.56
4266,1707,92,5,593756.23
4267,1708,180,2,4753682.57
4268,1708,147,3,1278953.6
4269,1708,118,3,741379.54
4270,1709,10,2,4637349.21
4271,1709,86,4,3113852.32
4272,1710,57,2,3363842.11
4273,1711,136,2,3074869.59
4274,1712,22,2,1723273.89
4275,1712,18,5,81203.91
4276,1712,177,5,1773794.19
4277,1712,52,2,2614874.12
4278,1713,10,5,4637349.21
4279,1713,132,2,2338058.23
4280,1713,122,5,3125661.2
4281,1713,130,1,4809645.3
4282,1714,45,4,3668894.31
4283,1714,123,2,2135020.31
4284,1714,140,1,858353.11
4285,1715,143,3,2874978.48
4286,1715,112,1,2045012.46
4287,1715,48,3,1045805.87
4288,1716,32,3,354409.88
4289,1716,114,4,961428.52
4290,1717,170,2,1295336.0
4291,1717,55,4,1022763.67
4292,1717,84,5,3967343.92
4293,1718,26,5,2420440.23
4294,1719,92,4,593756.23
4295,1720,49,4,1953251.37
4296,1720,75,1,4566486.51
4297,1720,72,4,508883.41
4298,1720,98,4,3791461.64
4299,1721,42,1,4568935.38
4300,1721,152,3,1324731.62
4301,1721,102,2,2862125.13
4302,1721,151,2,3304299.31
4303,1722,35,3,957210.08
4304,1722,151,4,3304299.31
4305,1722,155,4,2987831.86
4306,1722,148,3,1394205.15
4307,1723,14,5,613080.49
4308,1723,157,5,1208788.51
4309,1723,151,1,3304299.31
4310,1724,29,1,4179651.04
4311,1725,123,1,2135020.31
4312,1725,59,5,4792532.82
4313,1725,148,2,1394205.15
4314,1726,42,1,4568935.38
4315,1726,25,5,4582911.19
4316,1726,181,5,3547673.65
4317,1727,170,2,1295336.0
4318,1727,134,3,2375446.57
4319,1727,75,4,4566486.51
4320,1727,74,3,4308953.98
4321,1728,159,5,295270.79
4322,1728,193,4,3061251.88
4323,1728,172,5,3678209.44
4324,1729,113,3,3320875.61
4325,1729,44,4,791536.94
4326,1729,144,3,4049256.5
4327,1730,194,5,564441.58
4328,1730,134,1,2375446.57
4329,1730,33,5,4207677.29
4330,1731,46,2,3883277.72
4331,1732,113,5,3320875.61
4332,1733,188,1,1305249.56
4333,1733,138,2,2575498.97
4334,1733,156,3,3769987.45
4335,1733,170,5,1295336.0
4336,1734,164,4,4354631.74
4337,1734,156,1,3769987.45
4338,1735,4,5,1662812.42
4339,1735,85,3,2019061.96
4340,1735,193,3,3061251.88
4341,1735,149,3,3713610.1
4342,1736,69,2,4091773.85
4343,1737,128,4,191472.83
4344,1737,195,5,1111472.83
4345,1737,41,1,1886723.06
4346,1737,134,1,2375446.57
4347,1738,186,1,3202933.03
4348,1738,56,2,2673072.13
4349,1739,193,1,3061251.88
4350,1739,112,1,2045012.46
4351,1739,138,5,2575498.97
4352,1740,157,5,1208788.51
4353,1740,126,1,4237849.34
4354,1741,87,1,4870111.36
4355,1741,148,5,1394205.15
4356,1741,3,5,2367313.8
4357,1742,27,4,4462990.18
4358,1742,114,5,961428.52
4359,1743,95,3,3001339.43
4360,1744,144,4,4049256.5
4361,1744,109,5,570749.13
4362,1745,57,1,3363842.11
4363,1745,96,3,1653856.01
4364,1746,194,4,564441.58
4365,1747,197,3,538853.4
4366,1748,33,4,4207677.29
4367,1748,173,1,2611762.8
4368,1749,32,5,354409.88
4369,1750,150,1,4552904.16
4370,1750,21,2,3840987.19
4371,1751,147,3,1278953.6
4372,1751,122,2,3125661.2
4373,1752,90,4,2734021.23
4374,1752,32,1,354409.88
4375,1752,63,5,877093.0
4376,1753,177,5,1773794.19
4377,1754,137,1,3898172.49
4378,1754,26,1,2420440.23
4379,1754,129,3,3531790.65
4380,1755,16,2,2084854.67
4381,1755,35,4,957210.08
4382,1755,77,2,3949174.06
4383,1756,18,4,81203.91
4384,1756,88,2,1720052.94
4385,1756,179,4,3106501.19
4386,1756,136,4,3074869.59
4387,1757,113,2,3320875.61
4388,1757,21,3,3840987.19
4389,1758,146,2,2540340.64
4390,1758,63,5,877093.0
4391,1758,54,1,3203282.99
4392,1758,91,1,3321495.98
4393,1759,140,4,858353.11
4394,1759,83,1,1646201.9
4395,1759,193,3,3061251.88
4396,1760,116,1,4987343.81
4397,1760,171,3,2319015.25
4398,1760,64,4,2714371.08
4399,1761,62,2,4717807.15
4400,1761,150,3,4552904.16
4401,1761,125,3,3032751.96
4402,1761,146,1,2540340.64
4403,1762,98,3,3791461.64
4404,1763,101,5,1048166.87
4405,1763,174,1,1583517.39
4406,1764,131,4,3657672.71
4407,1764,62,4,4717807.15
4408,1765,117,2,693030.3
4409,1765,8,5,2149591.69
4410,1766,197,1,538853.4
4411,1766,167,3,509387.5
4412,1766,97,2,475401.7
4413,1766,105,3,3067166.51
4414,1767,134,4,2375446.57
4415,1767,22,3,1723273.89
4416,1768,18,4,81203.91
4417,1768,181,1,3547673.65
4418,1768,175,1,4162655.26
4419,1769,160,4,286302.91
4420,1770,163,5,2386083.16
4421,1770,53,3,136839.3
4422,1770,86,4,3113852.32
4423,1771,11,1,2610536.36
4424,1771,96,2,1653856.01
4425,1771,32,5,354409.88
4426,1772,35,4,957210.08
4427,1773,3,2,2367313.8
4428,1773,68,4,3091168.8
4429,1774,54,1,3203282.99
4430,1774,109,3,570749.13
4431,1774,35,3,957210.08
4432,1774,131,3,3657672.71
4433,1775,30,2,2787006.61
4434,1775,136,5,3074869.59
4435,1775,194,3,564441.58
4436,1775,149,2,3713610.1
4437,1776,148,4,1394205.15
4438,1777,108,4,29195.49
4439,1778,67,5,2146667.08
4440,1778,178,1,1278183.13
4441,1778,194,5,564441.58
4442,1778,169,2,1691462.85
4443,1779,130,3,4809645.3
4444,1779,138,5,2575498.97
4445,1780,196,3,4565230.88
4446,1780,70,1,415764.4
4447,1780,82,2,537087.75
4448,1780,194,3,564441.58
4449,1781,35,3,957210.08
4450,1781,126,2,4237849.34
4451,1781,32,1,354409.88
4452,1781,117,4,693030.3
4453,1782,28,4,2325788.62
4454,1783,199,1,118354.85
4455,1783,185,2,1285345.3
4456,1783,197,3,538853.4
4457,1784,152,5,1324731.62
4458,1784,129,1,3531790.65
4459,1785,53,3,136839.3
4460,1785,141,5,3641684.28
4461,1785,121,2,4470572.78
4462,1785,114,2,961428.52
4463,1786,104,4,4951689.05
4464,1786,73,4,2365965.73
4465,1787,65,1,169238.61
4466,1788,184,5,4482608.11
4467,1788,3,1,2367313.8
4468,1789,90,2,2734021.23
4469,1790,6,4,568778.62
4470,1790,48,2,1045805.87
4471,1790,140,3,858353.11
4472,1790,33,3,4207677.29
4473,1791,11,1,2610536.36
4474,1791,68,2,3091168.8
4475,1792,22,1,1723273.89
4476,1792,157,3,1208788.51
4477,1793,119,3,4875500.76
4478,1793,35,1,957210.08
4479,1793,2,1,4220465.41
4480,1793,69,1,4091773.85
4481,1794,177,1,1773794.19
4482,1794,152,5,1324731.62
4483,1794,181,2,3547673.65
4484,1794,70,2,415764.4
4485,1795,96,5,1653856.01
4486,1795,200,1,3273005.03
4487,1795,62,1,4717807.15
4488,1796,183,2,3290563.28
4489,1796,158,2,1074012.32
4490,1796,80,3,4232687.16
4491,1796,26,5,2420440.23
4492,1797,8,5,2149591.69
4493,1797,151,4,3304299.31
4494,1797,187,2,3468801.92
4495,1797,189,4,1404505.22
4496,1798,148,2,1394205.15
4497,1798,105,2,3067166.51
4498,1798,53,3,136839.3
4499,1799,127,3,1364520.98
4500,1800,48,1,1045805.87
4501,1800,75,3,4566486.51
4502,1801,45,1,3668894.31
4503,1801,108,1,29195.49
4504,1802,10,2,4637349.21
4505,1803,98,1,3791461.64
4506,1803,135,4,3428268.25
4507,1803,111,2,3135441.16
4508,1804,122,1,3125661.2
4509,1805,140,4,858353.11
4510,1805,103,2,4594545.57
4511,1806,39,1,4151550.91
4512,1807,153,3,2437469.61
4513,1808,101,2,1048166.87
4514,1808,107,1,1861883.9
4515,1809,51,5,1683116.52
4516,1809,105,1,3067166.51
4517,1809,140,1,858353.11
4518,1810,120,3,707670.83
4519,1810,122,1,3125661.2
4520,1810,155,1,2987831.86
4521,1811,127,2,1364520.98
4522,1812,86,1,3113852.32
4523,1812,145,1,1451907.88
4524,1813,56,2,2673072.13
4525,1813,158,1,1074012.32
4526,1813,119,4,4875500.76
4527,1813,23,2,4164412.78
4528,1814,24,2,4173280.87
4529,1814,28,5,2325788.62
4530,1815,145,4,1451907.88
4531,1815,11,1,2610536.36
4532,1815,191,4,4779138.35
4533,1815,131,4,3657672.71
4534,1816,48,1,1045805.87
4535,1816,31,3,2897553.27
4536,1817,182,4,4285793.1
4537,1817,199,1,118354.85
4538,1817,72,4,508883.41
4539,1818,146,2,2540340.64
4540,1819,122,1,3125661.2
4541,1820,66,1,551986.42
4542,1820,79,2,586613.11
4543,1820,63,2,877093.0
4544,1820,105,3,3067166.51
4545,1821,34,2,3141891.47
4546,1821,48,1,1045805.87
4547,1821,93,4,1643756.02
4548,1822,37,3,1375699.65
4549,1823,55,3,1022763.67
4550,1823,151,1,3304299.31
4551,1824,188,1,1305249.56
4552,1824,171,5,2319015.25
4553,1825,79,4,586613.11
4554,1825,190,2,1958237.38
4555,1825,115,4,4203814.37
4556,1826,54,2,3203282.99
4557,1827,165,1,4637932.07
4558,1827,161,2,2394253.91
4559,1827,91,2,3321495.98
4560,1827,81,4,3032090.15
4561,1828,21,3,3840987.19
4562,1828,167,5,509387.5
4563,1828,120,1,707670.83
4564,1828,155,2,2987831.86
4565,1829,89,5,3926962.03
4566,1829,178,5,1278183.13
4567,1829,92,3,593756.23
4568,1830,98,1,3791461.64
4569,1831,28,1,2325788.62
4570,1831,148,3,1394205.15
4571,1832,44,4,791536.94
4572,1833,194,5,564441.58
4573,1833,180,5,4753682.57
4574,1833,74,4,4308953.98
4575,1833,188,3,1305249.56
4576,1834,143,4,2874978.48
4577,1834,110,2,1195324.82
4578,1834,132,2,2338058.23
4579,1834,173,4,2611762.8
4580,1835,16,3,2084854.67
4581,1835,3,3,2367313.8
4582,1835,129,4,3531790.65
4583,1835,135,3,3428268.25
4584,1836,131,2,3657672.71
4585,1837,169,1,1691462.85
4586,1837,143,5,2874978.48
4587,1837,23,1,4164412.78
4588,1837,145,4,1451907.88
4589,1838,159,1,295270.79
4590,1838,146,4,2540340.64
4591,1838,34,3,3141891.47
4592,1839,13,4,3550220.66
4593,1840,101,2,1048166.87
4594,1840,156,2,3769987.45
4595,1841,59,3,4792532.82
4596,1841,72,5,508883.41
4597,1841,139,4,2119555.13
4598,1842,115,2,4203814.37
4599,1842,11,1,2610536.36
4600,1842,130,2,4809645.3
4601,1843,82,2,537087.75
4602,1843,71,1,2849751.78
4603,1843,111,2,3135441.16
4604,1843,48,1,1045805.87
4605,1844,52,4,2614874.12
4606,1844,191,2,4779138.35
4607,1845,92,3,593756.23
4608,1846,54,2,3203282.99
4609,1847,16,1,2084854.67
4610,1848,141,5,3641684.28
4611,1849,64,4,2714371.08
4612,1849,75,4,4566486.51
4613,1849,191,2,4779138.35
4614,1849,183,5,3290563.28
4615,1850,157,1,1208788.51
4616,1851,133,5,4452329.5
4617,1852,32,3,354409.88
4618,1853,104,1,4951689.05
4619,1854,149,1,3713610.1
4620,1855,146,2,2540340.64
4621,1855,193,2,3061251.88
4622,1855,190,2,1958237.38
4623,1855,161,4,2394253.91
4624,1856,117,5,693030.3
4625,1856,190,5,1958237.38
4626,1857,190,4,1958237.38
4627,1857,184,1,4482608.11
4628,1857,159,5,295270.79
4629,1857,12,3,2475209.66
4630,1858,140,4,858353.11
4631,1858,22,4,1723273.89
4632,1858,141,3,3641684.28
4633,1859,63,5,877093.0
4634,1859,11,5,2610536.36
4635,1859,13,5,3550220.66
4636,1859,6,3,568778.62
4637,1860,64,1,2714371.08
4638,1860,112,1,2045012.46
4639,1861,115,1,4203814.37
4640,1861,22,5,1723273.89
4641,1862,82,1,537087.75
4642,1863,178,5,1278183.13
4643,1863,67,2,2146667.08
4644,1863,85,5,2019061.96
4645,1864,39,3,4151550.91
4646,1864,5,1,1068980.71
4647,1864,49,1,1953251.37
4648,1865,53,2,136839.3
4649,1865,83,3,1646201.9
4650,1865,196,4,4565230.88
4651,1866,8,5,2149591.69
4652,1866,115,5,4203814.37
4653,1866,83,5,1646201.9
4654,1866,97,3,475401.7
4655,1867,149,4,3713610.1
4656,1867,181,4,3547673.65
4657,1867,70,4,415764.4
4658,1868,184,1,4482608.11
4659,1868,14,1,613080.49
4660,1869,69,1,4091773.85
4661,1869,165,2,4637932.07
4662,1870,177,5,1773794.19
4663,1871,36,2,3533699.27
4664,1871,168,5,4782013.69
4665,1872,153,2,2437469.61
4666,1872,197,4,538853.4
4667,1872,74,2,4308953.98
4668,1872,1,1,4105817.09
4669,1873,129,3,3531790.65
4670,1873,18,3,81203.91
4671,1873,128,2,191472.83
4672,1874,59,4,4792532.82
4673,1874,92,3,593756.23
4674,1874,164,2,4354631.74
4675,1874,50,2,45446.6
4676,1875,117,3,693030.3
4677,1875,5,1,1068980.71
4678,1875,3,2,2367313.8
4679,1876,198,5,2867439.19
4680,1877,142,3,330553.37
4681,1877,180,1,4753682.57
4682,1878,176,4,511051.33
4683,1879,161,2,2394253.91
4684,1880,89,3,3926962.03
4685,1880,145,4,1451907.88
4686,1880,5,1,1068980.71
4687,1881,16,4,2084854.67
4688,1882,57,3,3363842.11
4689,1882,15,4,3693905.17
4690,1883,7,5,4936266.59
4691,1883,14,2,613080.49
4692,1883,22,5,1723273.89
4693,1883,33,2,4207677.29
4694,1884,23,2,4164412.78
4695,1884,8,2,2149591.69
4696,1884,186,2,3202933.03
4697,1884,191,5,4779138.35
4698,1885,18,1,81203.91
4699,1885,90,3,2734021.23
4700,1885,23,5,4164412.78
4701,1885,33,3,4207677.29
4702,1886,128,4,191472.83
4703,1887,193,3,3061251.88
4704,1887,84,3,3967343.92
4705,1887,58,4,808542.67
4706,1887,198,1,2867439.19
4707,1888,168,4,4782013.69
4708,1888,46,4,3883277.72
4709,1888,37,2,1375699.65
4710,1889,99,5,2278547.74
4711,1889,7,1,4936266.59
4712,1889,28,3,2325788.62
4713,1890,2,4,4220465.41
4714,1890,94,2,901465.66
4715,1891,126,2,4237849.34
4716,1891,39,3,4151550.91
4717,1891,67,5,2146667.08
4718,1892,22,2,1723273.89
4719,1892,126,2,4237849.34
4720,1892,105,3,3067166.51
4721,1892,137,1,3898172.49
4722,1893,118,2,741379.54
4723,1893,172,4,3678209.44
4724,1894,1,4,4105817.09
4725,1894,131,3,3657672.71
4726,1894,101,4,1048166.87
4727,1894,108,2,29195.49
4728,1895,71,5,2849751.78
4729,1895,20,4,1518912.87
4730,1896,140,5,858353.11
4731,1896,114,3,961428.52
4732,1896,131,4,3657672.71
4733,1896,70,4,415764.4
4734,1897,170,2,1295336.0
4735,1898,164,2,4354631.74
4736,1899,4,1,1662812.42
4737,1899,10,5,4637349.21
4738,1899,106,3,4241992.81
4739,1900,78,3,2450345.99
4740,1900,38,3,4388317.44
4741,1900,33,2,4207677.29
4742,1900,61,3,2758094.14
4743,1901,79,4,586613.11
4744,1902,141,1,3641684.28
4745,1902,40,3,2637374.59
4746,1902,29,4,4179651.04
4747,1902,39,3,4151550.91
4748,1903,42,5,4568935.38
4749,1903,92,2,593756.23
4750,1903,66,1,551986.42
4751,1904,169,1,1691462.85
4752,1904,177,1,1773794.19
4753,1904,71,1,2849751.78
4754,1904,73,5,2365965.73
4755,1905,199,1,118354.85
4756,1905,51,5,1683116.52
4757,1905,140,2,858353.11
4758,1905,141,4,3641684.28
4759,1906,1,4,4105817.09
4760,1906,172,2,3678209.44
4761,1907,58,5,808542.67
4762,1907,87,3,4870111.36
4763,1907,174,5,1583517.39
4764,1908,186,5,3202933.03
4765,1908,17,5,2813067.14
4766,1909,151,1,3304299.31
4767,1909,108,4,29195.49
4768,1909,138,4,2575498.97
4769,1910,199,1,118354.85
4770,1910,5,1,1068980.71
4771,1910,89,1,3926962.03
4772,1911,24,3,4173280.87
4773,1911,42,3,4568935.38
4774,1912,169,3,1691462.85
4775,1912,192,1,2216859.79
4776,1913,64,1,2714371.08
4777,1913,8,4,2149591.69
4778,1914,80,5,4232687.16
4779,1915,2,1,4220465.41
4780,1915,62,5,4717807.15
4781,1915,128,4,191472.83
4782,1915,37,1,1375699.65
4783,1916,52,2,2614874.12
4784,1917,179,2,3106501.19
4785,1918,153,4,2437469.61
4786,1919,21,1,3840987.19
4787,1920,9,3,2638821.35
4788,1920,4,4,1662812.42
4789,1920,54,1,3203282.99
4790,1921,28,4,2325788.62
4791,1921,193,1,3061251.88
4792,1922,196,1,4565230.88
4793,1922,167,1,509387.5
4794,1922,143,4,2874978.48
4795,1922,107,2,1861883.9
4796,1923,176,1,511051.33
4797,1923,184,5,4482608.11
4798,1923,158,3,1074012.32
4799,1924,149,3,3713610.1
4800,1925,135,1,3428268.25
4801,1925,85,1,2019061.96
4802,1925,94,2,901465.66
4803,1925,3,4,2367313.8
4804,1926,58,2,808542.67
4805,1926,87,1,4870111.36
4806,1926,136,1,3074869.59
4807,1927,43,4,149050.5
4808,1927,143,5,2874978.48
4809,1927,136,1,3074869.59
4810,1927,174,4,1583517.39
4811,1928,200,5,3273005.03
4812,1928,120,1,707670.83
4813,1929,120,4,707670.83
4814,1929,29,1,4179651.04
4815,1930,8,1,2149591.69
4816,1930,142,5,330553.37
4817,1930,177,4,1773794.19
4818,1930,132,2,2338058.23
4819,1931,52,5,2614874.12
4820,1931,174,5,1583517.39
4821,1932,65,1,169238.61
4822,1932,124,5,1792653.47
4823,1932,126,2,4237849.34
4824,1932,199,4,118354.85
4825,1933,59,4,4792532.82
4826,1933,11,5,2610536.36
4827,1933,115,1,4203814.37
4828,1934,47,3,4115139.13
4829,1935,173,5,2611762.8
4830,1936,91,1,3321495.98
4831,1936,120,1,707670.83
4832,1936,129,2,3531790.65
4833,1937,172,2,3678209.44
4834,1937,76,2,3505582.74
4835,1937,50,4,45446.6
4836,1938,42,4,4568935.38
4837,1938,32,5,354409.88
4838,1939,99,5,2278547.74
4839,1940,142,4,330553.37
4840,1940,91,4,3321495.98
4841,1940,117,1,693030.3
4842,1940,67,4,2146667.08
4843,1941,175,5,4162655.26
4844,1941,92,1,593756.23
4845,1941,17,2,2813067.14
4846,1941,112,5,2045012.46
4847,1942,179,1,3106501.19
4848,1942,192,3,2216859.79
4849,1942,37,1,1375699.65
4850,1943,105,3,3067166.51
4851,1944,100,1,3087471.53
4852,1944,19,4,1290727.17
4853,1945,56,2,2673072.13
4854,1946,12,3,2475209.66
4855,1946,167,2,509387.5
4856,1946,134,3,2375446.57
4857,1947,180,1,4753682.57
4858,1947,192,5,2216859.79
4859,1948,148,3,1394205.15
4860,1948,36,5,3533699.27
4861,1949,129,1,3531790.65
4862,1949,17,1,2813067.14
4863,1949,57,3,3363842.11
4864,1950,190,4,1958237.38
4865,1951,4,3,1662812.42
4866,1952,12,1,2475209.66
4867,1952,38,3,4388317.44
4868,1953,97,4,475401.7
4869,1954,196,4,4565230.88
4870,1954,183,3,3290563.28
4871,1954,141,4,3641684.28
4872,1955,60,5,534317.08
4873,1955,171,3,2319015.25
4874,1956,80,1,4232687.16
4875,1956,141,1,3641684.28
4876,1957,84,1,3967343.92
4877,1958,195,3,1111472.83
4878,1959,108,4,29195.49
4879,1959,67,5,2146667.08
4880,1959,197,5,538853.4
4881,1959,40,4,2637374.59
4882,1960,82,4,537087.75
4883,1961,142,3,330553.37
4884,1961,87,1,4870111.36
4885,1962,140,1,858353.11
4886,1962,198,4,2867439.19
4887,1963,85,5,2019061.96
4888,1963,26,3,2420440.23
4889,1963,35,5,957210.08
4890,1963,60,4,534317.08
4891,1964,88,3,1720052.94
4892,1965,40,1,2637374.59
4893,1965,97,5,475401.7
4894,1965,164,4,4354631.74
4895,1966,59,4,4792532.82
4896,1966,188,1,1305249.56
4897,1967,76,4,3505582.74
4898,1967,75,3,4566486.51
4899,1968,109,4,570749.13
4900,1968,198,2,2867439.19
4901,1968,119,1,4875500.76
4902,1969,17,1,2813067.14
4903,1969,114,4,961428.52
4904,1969,27,2,4462990.18
4905,1970,129,4,3531790.65
4906,1971,93,4,1643756.02
4907,1972,194,5,564441.58
4908,1972,167,2,509387.5
4909,1972,124,4,1792653.47
4910,1973,56,1,2673072.13
4911,1974,82,1,537087.75
4912,1974,79,2,586613.11
4913,1974,59,4,4792532.82
4914,1974,136,3,3074869.59
4915,1975,78,5,2450345.99
4916,1976,181,2,3547673.65
4917,1976,118,4,741379.54
4918,1976,172,1,3678209.44
4919,1977,145,3,1451907.88
4920,1977,45,3,3668894.31
4921,1978,176,4,511051.33
4922,1978,136,2,3074869.59
4923,1978,104,5,4951689.05
4924,1978,38,5,4388317.44
4925,1979,12,4,2475209.66
4926,1979,115,3,4203814.37
4927,1979,107,2,1861883.9
4928,1980,115,4,4203814.37
4929,1981,37,1,1375699.65
4930,1981,123,2,2135020.31
4931,1982,54,4,3203282.99
4932,1982,187,4,3468801.92
4933,1982,141,4,3641684.28
4934,1983,92,2,593756.23
4935,1983,155,2,2987831.86
4936,1984,185,1,1285345.3
4937,1984,130,4,4809645.3
4938,1984,122,1,3125661.2
4939,1984,156,3,3769987.45
4940,1985,152,1,1324731.62
4941,1985,174,3,1583517.39
4942,1985,60,3,534317.08
4943,1985,46,2,3883277.72
4944,1986,2,5,4220465.41
4945,1986,89,5,3926962.03
4946,1986,7,2,4936266.59
4947,1987,52,1,2614874.12
4948,1987,148,3,1394205.15
4949,1987,108,5,29195.49
4950,1987,191,4,4779138.35
4951,1988,66,2,551986.42
4952,1988,199,3,118354.85
4953,1988,3,4,2367313.8
4954,1988,81,4,3032090.15
4955,1989,189,4,1404505.22
4956,1990,128,3,191472.83
4957,1990,182,2,4285793.1
4958,1990,87,4,4870111.36
4959,1990,89,1,3926962.03
4960,1991,62,5,4717807.15
4961,1992,38,2,4388317.44
4962,1992,47,4,4115139.13
4963,1992,123,2,2135020.31
4964,1993,187,2,3468801.92
4965,1993,53,2,136839.3
4966,1993,47,2,4115139.13
4967,1993,16,4,2084854.67
4968,1994,28,1,2325788.62
4969,1995,95,5,3001339.43
4970,1995,167,1,509387.5
4971,1995,126,4,4237849.34
4972,1995,110,1,1195324.82
4973,1996,43,2,149050.5
4974,1996,15,5,3693905.17
4975,1996,200,5,3273005.03
4976,1996,76,3,3505582.74
4977,1997,74,3,4308953.98
4978,1998,148,3,1394205.15
4979,1998,142,2,330553.37
4980,1998,60,1,534317.08
4981,1998,9,4,2638821.35
4982,1999,54,5,3203282.99
4983,2000,48,2,1045805.87
4984,2000,8,4,2149591.69
4985,2001,25,3,4582911.19
4986,2002,174,3,1583517.39
4987,2002,102,4,2862125.13
4988,2003,16,4,2084854.67
4989,2004,19,4,1290727.17
4990,2005,195,4,1111472.83
4991,2005,5,2,1068980.71
4992,2005,56,4,2673072.13
4993,2005,21,1,3840987.19
4994,2006,176,3,511051.33
4995,2006,3,5,2367313.8
4996,2006,9,2,2638821.35
4997,2007,48,4,1045805.87
4998,2007,106,2,4241992.81
4999,2008,72,2,508883.41
5000,2008,97,1,475401.7
5001,2008,148,4,1394205.15
5002,2009,145,4,1451907.88
5003,2009,72,4,508883.41
5004,2010,143,5,2874978.48
5005,2010,2,2,4220465.41
5006,2011,190,4,1958237.38
5007,2012,67,3,2146667.08
5008,2012,16,5,2084854.67
5009,2012,41,5,1886723.06
5010,2013,28,2,2325788.62
5011,2013,179,5,3106501.19
5012,2013,155,2,2987831.86
5013,2014,119,2,4875500.76
5014,2014,180,4,4753682.57
5015,2015,139,2,2119555.13
5016,2015,23,5,4164412.78
5017,2016,100,2,3087471.53
5018,2017,167,5,509387.5
5019,2017,13,4,3550220.66
5020,2017,77,1,3949174.06
5021,2018,111,4,3135441.16
5022,2018,184,4,4482608.11
5023,2019,166,2,3400504.69
5024,2019,85,5,2019061.96
5025,2019,44,3,791536.94
5026,2019,117,3,693030.3
5027,2020,151,3,3304299.31
5028,2020,126,5,4237849.34
5029,2021,6,1,568778.62
5030,2021,116,5,4987343.81
5031,2021,186,5,3202933.03
5032,2022,78,4,2450345.99
5033,2022,1,3,4105817.09
5034,2022,108,4,29195.49
5035,2022,192,1,2216859.79
5036,2023,12,1,2475209.66
5037,2023,140,1,858353.11
5038,2024,153,2,2437469.61
5039,2024,12,2,2475209.66
5040,2025,96,3,1653856.01
5041,2026,159,3,295270.79
5042,2026,9,3,2638821.35
5043,2027,150,2,4552904.16
5044,2028,41,2,1886723.06
5045,2028,90,2,2734021.23
5046,2029,45,2,3668894.31
5047,2029,2,2,4220465.41
5048,2030,18,3,81203.91
5049,2030,11,3,2610536.36
5050,2030,40,3,2637374.59
5051,2031,30,5,2787006.61
5052,2032,87,3,4870111.36
5053,2032,73,1,2365965.73
5054,2033,104,5,4951689.05
5055,2033,149,5,3713610.1
5056,2034,178,2,1278183.13
5057,2034,54,2,3203282.99
5058,2034,160,2,286302.91
5059,2035,76,4,3505582.74
5060,2035,64,2,2714371.08
5061,2036,34,3,3141891.47
5062,2036,2,5,4220465.41
5063,2036,138,5,2575498.97
5064,2036,7,2,4936266.59
5065,2037,33,3,4207677.29
5066,2038,24,1,4173280.87
5067,2038,42,4,4568935.38
5068,2038,149,3,3713610.1
5069,2039,81,2,3032090.15
5070,2039,157,1,1208788.51
5071,2039,154,1,1730668.78
5072,2039,158,2,1074012.32
5073,2040,128,2,191472.83
5074,2040,103,1,4594545.57
5075,2041,118,3,741379.54
5076,2041,80,2,4232687.16
5077,2041,151,1,3304299.31
5078,2041,96,1,1653856.01
5079,2042,47,1,4115139.13
5080,2042,153,5,2437469.61
5081,2042,199,2,118354.85
5082,2042,69,4,4091773.85
5083,2043,160,2,286302.91
5084,2043,26,2,2420440.23
5085,2043,151,4,3304299.31
5086,2044,20,4,1518912.87
5087,2044,180,3,4753682.57
5088,2044,59,2,4792532.82
5089,2044,26,4,2420440.23
5090,2045,109,4,570749.13
5091,2045,71,3,2849751.78
5092,2046,171,4,2319015.25
5093,2046,131,3,3657672.71
5094,2047,27,5,4462990.18
5095,2047,37,4,1375699.65
5096,2047,180,1,4753682.57
5097,2047,7,4,4936266.59
5098,2048,7,5,4936266.59
5099,2048,2,5,4220465.41
5100,2049,169,5,1691462.85
5101,2049,190,3,1958237.38
5102,2050,36,2,3533699.27
5103,2050,70,2,415764.4
5104,2050,16,1,2084854.67
5105,2051,91,2,3321495.98
5106,2052,91,1,3321495.98
5107,2052,3,3,2367313.8
5108,2052,82,2,537087.75
5109,2053,26,1,2420440.23
5110,2053,149,3,3713610.1
5111,2054,171,5,2319015.25
5112,2054,13,4,3550220.66
5113,2055,152,3,1324731.62
5114,2055,119,4,4875500.76
5115,2055,164,5,4354631.74
5116,2055,36,2,3533699.27
5117,2056,178,2,1278183.13
5118,2056,190,2,1958237.38
5119,2056,65,1,169238.61
5120,2057,182,3,4285793.1
5121,2057,66,5,551986.42
5122,2058,152,2,1324731.62
5123,2059,78,5,2450345.99
5124,2060,127,4,1364520.98
5125,2060,11,5,2610536.36
5126,2060,111,2,3135441.16
5127,2060,163,2,2386083.16
5128,2061,194,5,564441.58
5129,2061,44,5,791536.94
5130,2062,91,1,3321495.98
5131,2062,25,2,4582911.19
5132,2062,92,3,593756.23
5133,2062,159,4,295270.79
5134,2063,111,5,3135441.16
5135,2063,71,3,2849751.78
5136,2063,15,5,3693905.17
5137,2064,189,2,1404505.22
5138,2064,135,5,3428268.25
5139,2064,136,2,3074869.59
5140,2065,180,4,4753682.57
5141,2065,112,2,2045012.46
5142,2065,182,4,4285793.1
5143,2066,5,5,1068980.71
5144,2066,190,3,1958237.38
5145,2067,124,2,1792653.47
5146,2067,33,3,4207677.29
5147,2067,169,3,1691462.85
5148,2067,150,2,4552904.16
5149,2068,189,5,1404505.22
5150,2068,96,4,1653856.01
5151,2068,21,2,3840987.19
5152,2069,45,3,3668894.31
5153,2069,47,1,4115139.13
5154,2070,137,2,3898172.49
5155,2071,187,4,3468801.92
5156,2071,170,2,1295336.0
5157,2071,163,3,2386083.16
5158,2072,45,5,3668894.31
5159,2072,142,3,330553.37
5160,2072,106,2,4241992.81
5161,2072,49,1,1953251.37
5162,2073,44,2,791536.94
5163,2074,71,3,2849751.78
5164,2074,23,5,4164412.78
5165,2075,153,1,2437469.61
5166,2075,3,5,2367313.8
5167,2076,101,1,1048166.87
5168,2076,44,2,791536.94
5169,2076,178,4,1278183.13
5170,2076,114,4,961428.52
5171,2077,68,3,3091168.8
5172,2078,149,3,3713610.1
5173,2079,50,3,45446.6
5174,2079,48,1,1045805.87
5175,2079,18,1,81203.91
5176,2079,123,2,2135020.31
5177,2080,13,1,3550220.66
5178,2081,63,2,877093.0
5179,2081,95,5,3001339.43
5180,2082,35,3,957210.08
5181,2082,42,4,4568935.38
5182,2083,23,5,4164412.78
5183,2084,98,1,3791461.64
5184,2084,2,4,4220465.41
5185,2085,136,2,3074869.59
5186,2086,125,4,3032751.96
5187,2086,169,3,1691462.85
5188,2086,10,4,4637349.21
5189,2086,83,1,1646201.9
5190,2087,15,4,3693905.17
5191,2087,122,3,3125661.2
5192,2087,112,2,2045012.46
5193,2087,34,5,3141891.47
5194,2088,3,3,2367313.8
5195,2088,4,2,1662812.42
5196,2088,147,4,1278953.6
5197,2089,52,4,2614874.12
5198,2089,70,1,415764.4
5199,2090,109,1,570749.13
5200,2090,169,2,1691462.85
5201,2090,38,2,4388317.44
5202,2090,58,4,808542.67
5203,2091,4,5,1662812.42
5204,2092,73,4,2365965.73
5205,2092,183,3,3290563.28
5206,2092,24,2,4173280.87
5207,2093,184,4,4482608.11
5208,2093,26,3,2420440.23
5209,2094,74,2,4308953.98
5210,2094,30,4,2787006.61
5211,2094,192,2,2216859.79
5212,2095,121,3,4470572.78
5213,2095,169,4,1691462.85
5214,2095,100,4,3087471.53
5215,2095,134,1,2375446.57
5216,2096,178,3,1278183.13
5217,2096,54,2,3203282.99
5218,2096,65,5,169238.61
5219,2096,155,1,2987831.86
5220,2097,110,3,1195324.82
5221,2097,18,3,81203.91
5222,2097,122,1,3125661.2
5223,2098,6,5,568778.62
5224,2098,23,5,4164412.78
5225,2098,127,2,1364520.98
5226,2098,159,2,295270.79
5227,2099,179,2,3106501.19
5228,2099,47,3,4115139.13
5229,2099,11,5,2610536.36
5230,2100,114,3,961428.52
5231,2100,79,3,586613.11
5232,2101,197,4,538853.4
5233,2102,57,3,3363842.11
5234,2102,69,4,4091773.85
5235,2103,51,5,1683116.52
5236,2103,129,3,3531790.65
5237,2103,100,4,3087471.53
5238,2104,43,3,149050.5
5239,2105,198,2,2867439.19
5240,2105,138,4,2575498.97
5241,2105,95,2,3001339.43
5242,2106,144,4,4049256.5
5243,2106,146,2,2540340.64
5244,2106,11,2,2610536.36
5245,2106,72,5,508883.41
5246,2107,188,1,1305249.56
5247,2107,181,1,3547673.65
5248,2107,69,5,4091773.85
5249,2107,17,3,2813067.14
5250,2108,129,3,3531790.65
5251,2108,87,4,4870111.36
5252,2109,45,3,3668894.31
5253,2109,24,2,4173280.87
5254,2109,101,3,1048166.87
5255,2110,9,5,2638821.35
5256,2111,123,1,2135020.31
5257,2111,137,3,3898172.49
5258,2112,13,4,3550220.66
5259,2112,79,1,586613.11
5260,2112,126,3,4237849.34
5261,2112,166,2,3400504.69
5262,2113,130,2,4809645.3
5263,2113,134,4,2375446.57
5264,2113,68,1,3091168.8
5265,2113,71,4,2849751.78
5266,2114,22,3,1723273.89
5267,2114,139,4,2119555.13
5268,2114,193,3,3061251.88
5269,2114,116,4,4987343.81
5270,2115,34,2,3141891.47
5271,2115,174,4,1583517.39
5272,2115,100,5,3087471.53
5273,2115,194,1,564441.58
5274,2116,169,1,1691462.85
5275,2116,77,5,3949174.06
5276,2116,178,3,1278183.13
5277,2117,16,2,2084854.67
5278,2118,122,1,3125661.2
5279,2118,179,1,3106501.19
5280,2118,43,5,149050.5
5281,2118,148,3,1394205.15
5282,2119,11,5,2610536.36
5283,2119,179,4,3106501.19
5284,2119,117,1,693030.3
5285,2120,61,4,2758094.14
5286,2120,94,1,901465.66
5287,2120,106,3,4241992.81
5288,2121,59,2,4792532.82
5289,2122,69,2,4091773.85
5290,2122,109,2,570749.13
5291,2122,152,1,1324731.62
5292,2122,131,4,3657672.71
5293,2123,166,1,3400504.69
5294,2123,113,4,3320875.61
5295,2123,171,4,2319015.25
5296,2123,55,1,1022763.67
5297,2124,47,2,4115139.13
5298,2124,189,4,1404505.22
5299,2125,122,1,3125661.2
5300,2125,148,5,1394205.15
5301,2125,165,1,4637932.07
5302,2125,72,5,508883.41
5303,2126,131,3,3657672.71
5304,2126,166,2,3400504.69
5305,2126,130,5,4809645.3
5306,2126,111,3,3135441.16
5307,2127,100,4,3087471.53
5308,2128,147,2,1278953.6
5309,2128,107,3,1861883.9
5310,2129,179,5,3106501.19
5311,2129,132,5,2338058.23
5312,2130,103,3,4594545.57
5313,2130,7,1,4936266.59
5314,2130,190,3,1958237.38
5315,2130,81,5,3032090.15
5316,2131,36,4,3533699.27
5317,2131,31,1,2897553.27
5318,2132,166,1,3400504.69
5319,2132,144,5,4049256.5
5320,2132,109,4,570749.13
5321,2133,8,2,2149591.69
5322,2133,105,1,3067166.51
5323,2133,101,1,1048166.87
5324,2133,53,4,136839.3
5325,2134,148,1,1394205.15
5326,2134,174,4,1583517.39
5327,2135,149,5,3713610.1
5328,2135,46,5,3883277.72
5329,2136,173,5,2611762.8
5330,2137,126,5,4237849.34
5331,2137,31,2,2897553.27
5332,2138,180,2,4753682.57
5333,2138,83,4,1646201.9
5334,2138,197,1,538853.4
5335,2138,53,4,136839.3
5336,2139,137,4,3898172.49
5337,2140,157,4,1208788.51
5338,2140,68,5,3091168.8
5339,2140,44,3,791536.94
5340,2141,8,5,2149591.69
5341,2141,53,5,136839.3
5342,2142,23,2,4164412.78
5343,2142,173,3,2611762.8
5344,2143,176,1,511051.33
5345,2143,164,1,4354631.74
5346,2143,154,3,1730668.78
5347,2144,199,4,118354.85
5348,2144,145,4,1451907.88
5349,2144,157,1,1208788.51
5350,2145,154,3,1730668.78
5351,2145,46,5,3883277.72
5352,2145,17,4,2813067.14
5353,2145,158,2,1074012.32
5354,2146,95,3,3001339.43
5355,2147,70,5,415764.4
5356,2147,60,5,534317.08
5357,2148,169,2,1691462.85
5358,2148,63,1,877093.0
5359,2148,14,4,613080.49
5360,2149,107,4,1861883.9
5361,2150,99,4,2278547.74
5362,2151,170,1,1295336.0
5363,2151,57,3,3363842.11
5364,2151,174,5,1583517.39
5365,2152,27,4,4462990.18
5366,2153,198,2,2867439.19
5367,2153,149,5,3713610.1
5368,2153,186,1,3202933.03
5369,2154,1,1,4105817.09
5370,2154,52,1,2614874.12
5371,2154,115,4,4203814.37
5372,2155,154,2,1730668.78
5373,2156,162,1,1187465.03
5374,2156,77,2,3949174.06
5375,2156,11,1,2610536.36
5376,2156,115,5,4203814.37
5377,2157,133,1,4452329.5
5378,2158,41,2,1886723.06
5379,2158,103,5,4594545.57
5380,2158,39,4,4151550.91
5381,2158,136,5,3074869.59
5382,2159,167,3,509387.5
5383,2159,198,3,2867439.19
5384,2160,193,1,3061251.88
5385,2160,8,4,2149591.69
5386,2160,170,2,1295336.0
5387,2161,145,4,1451907.88
5388,2161,48,3,1045805.87
5389,2161,165,1,4637932.07
5390,2162,108,5,29195.49
5391,2163,109,5,570749.13
5392,2164,185,5,1285345.3
5393,2165,29,4,4179651.04
5394,2165,44,2,791536.94
5395,2165,121,1,4470572.78
5396,2165,104,5,4951689.05
5397,2166,136,2,3074869.59
5398,2167,62,5,4717807.15
5399,2168,117,1,693030.3
5400,2169,108,3,29195.49
5401,2169,50,3,45446.6
5402,2170,56,4,2673072.13
5403,2170,84,2,3967343.92
5404,2170,153,3,2437469.61
5405,2171,134,1,2375446.57
5406,2171,175,1,4162655.26
5407,2171,125,2,3032751.96
5408,2172,189,3,1404505.22
5409,2173,77,3,3949174.06
5410,2173,42,2,4568935.38
5411,2174,153,2,2437469.61
5412,2174,5,2,1068980.71
5413,2174,150,4,4552904.16
5414,2174,24,3,4173280.87
5415,2175,3,5,2367313.8
5416,2175,47,3,4115139.13
5417,2176,104,5,4951689.05
5418,2176,181,4,3547673.65
5419,2176,16,4,2084854.67
5420,2176,64,1,2714371.08
5421,2177,194,2,564441.58
5422,2177,76,4,3505582.74
5423,2178,35,3,957210.08
5424,2178,196,1,4565230.88
5425,2178,177,3,1773794.19
5426,2179,57,4,3363842.11
5427,2179,179,3,3106501.19
5428,2179,196,5,4565230.88
5429,2180,180,5,4753682.57
5430,2181,95,1,3001339.43
5431,2181,200,2,3273005.03
5432,2181,72,4,508883.41
5433,2181,174,3,1583517.39
5434,2182,31,5,2897553.27
5435,2182,91,4,3321495.98
5436,2183,64,4,2714371.08
5437,2183,133,4,4452329.5
5438,2183,95,2,3001339.43
5439,2183,71,2,2849751.78
5440,2184,60,1,534317.08
5441,2184,110,4,1195324.82
5442,2185,119,5,4875500.76
5443,2185,155,4,2987831.86
5444,2185,199,3,118354.85
5445,2185,160,5,286302.91
5446,2186,34,3,3141891.47
5447,2187,146,2,2540340.64
5448,2187,125,2,3032751.96
5449,2187,171,1,2319015.25
5450,2188,48,4,1045805.87
5451,2188,155,2,2987831.86
5452,2188,135,2,3428268.25
5453,2189,145,4,1451907.88
5454,2189,159,4,295270.79
5455,2189,33,4,4207677.29
5456,2189,3,1,2367313.8
5457,2190,146,2,2540340.64
5458,2190,150,3,4552904.16
5459,2190,105,4,3067166.51
5460,2190,46,5,3883277.72
5461,2191,151,5,3304299.31
5462,2191,189,5,1404505.22
5463,2192,56,5,2673072.13
5464,2192,83,4,1646201.9
5465,2193,143,4,2874978.48
5466,2193,132,4,2338058.23
5467,2193,119,5,4875500.76
5468,2193,182,2,4285793.1
5469,2194,200,3,3273005.03
5470,2194,112,1,2045012.46
5471,2194,4,2,1662812.42
5472,2195,135,5,3428268.25
5473,2195,45,3,3668894.31
5474,2195,13,5,3550220.66
5475,2196,25,2,4582911.19
5476,2196,84,5,3967343.92
5477,2197,196,1,4565230.88
5478,2197,154,2,1730668.78
5479,2198,104,1,4951689.05
5480,2198,3,1,2367313.8
5481,2199,75,3,4566486.51
5482,2200,168,4,4782013.69
5483,2201,38,1,4388317.44
5484,2201,158,3,1074012.32
5485,2201,186,2,3202933.03
5486,2201,192,1,2216859.79
5487,2202,188,2,1305249.56
5488,2202,145,3,1451907.88
5489,2202,19,1,1290727.17
5490,2203,53,5,136839.3
5491,2204,83,4,1646201.9
5492,2204,39,2,4151550.91
5493,2204,163,1,2386083.16
5494,2204,140,5,858353.11
5495,2205,165,3,4637932.07
5496,2205,84,2,3967343.92
5497,2205,172,2,3678209.44
5498,2205,99,3,2278547.74
5499,2206,85,5,2019061.96
5500,2207,15,2,3693905.17
5501,2207,133,2,4452329.5
5502,2208,60,4,534317.08
5503,2208,8,4,2149591.69
5504,2208,146,4,2540340.64
5505,2209,160,3,286302.91
5506,2210,33,1,4207677.29
5507,2210,146,3,2540340.64
5508,2210,199,4,118354.85
5509,2210,140,5,858353.11
5510,2211,2,4,4220465.41
5511,2211,22,3,1723273.89
5512,2212,161,4,2394253.91
5513,2212,1,5,4105817.09
5514,2213,105,5,3067166.51
5515,2213,26,3,2420440.23
5516,2213,135,4,3428268.25
5517,2213,111,2,3135441.16
5518,2214,2,3,4220465.41
5519,2214,80,4,4232687.16
5520,2214,64,3,2714371.08
5521,2215,182,2,4285793.1
5522,2216,58,2,808542.67
5523,2216,19,4,1290727.17
5524,2216,169,5,1691462.85
5525,2217,104,1,4951689.05
5526,2217,25,4,4582911.19
5527,2217,4,4,1662812.42
5528,2218,51,4,1683116.52
5529,2218,165,3,4637932.07
5530,2218,44,1,791536.94
5531,2218,19,2,1290727.17
5532,2219,23,2,4164412.78
5533,2219,194,1,564441.58
5534,2219,148,2,1394205.15
5535,2219,196,3,4565230.88
5536,2220,152,2,1324731.62
5537,2221,50,2,45446.6
5538,2221,54,3,3203282.99
5539,2221,118,2,741379.54
5540,2221,11,3,2610536.36
5541,2222,71,5,2849751.78
5542,2222,115,5,4203814.37
5543,2222,74,1,4308953.98
5544,2223,127,4,1364520.98
5545,2223,111,5,3135441.16
5546,2223,7,4,4936266.59
5547,2224,199,3,118354.85
5548,2224,58,1,808542.67
5549,2225,178,4,1278183.13
5550,2226,83,5,1646201.9
5551,2226,20,1,1518912.87
5552,2226,200,4,3273005.03
5553,2226,194,1,564441.58
5554,2227,23,2,4164412.78
5555,2227,124,2,1792653.47
5556,2227,178,5,1278183.13
5557,2228,21,4,3840987.19
5558,2228,69,2,4091773.85
5559,2228,91,3,3321495.98
5560,2229,155,1,2987831.86
5561,2230,131,3,3657672.71
5562,2230,1,5,4105817.09
5563,2230,89,1,3926962.03
5564,2231,83,4,1646201.9
5565,2232,70,4,415764.4
5566,2232,184,3,4482608.11
5567,2232,159,2,295270.79
5568,2233,102,1,2862125.13
5569,2234,122,1,3125661.2
5570,2234,1,5,4105817.09
5571,2234,13,2,3550220.66
5572,2234,73,1,2365965.73
5573,2235,82,5,537087.75
5574,2235,80,3,4232687.16
5575,2235,31,1,2897553.27
5576,2236,155,5,2987831.86
5577,2236,183,2,3290563.28
5578,2237,21,1,3840987.19
5579,2237,139,2,2119555.13
5580,2238,101,1,1048166.87
5581,2238,197,2,538853.4
5582,2238,42,5,4568935.38
5583,2238,190,3,1958237.38
5584,2239,176,1,511051.33
5585,2239,72,4,508883.41
5586,2239,161,5,2394253.91
5587,2239,178,5,1278183.13
5588,2240,39,4,4151550.91
5589,2241,41,3,1886723.06
5590,2241,156,1,3769987.45
5591,2241,179,4,3106501.19
5592,2242,178,5,1278183.13
5593,2242,112,2,2045012.46
5594,2242,182,2,4285793.1
5595,2243,88,4,1720052.94
5596,2243,185,2,1285345.3
5597,2244,15,5,3693905.17
5598,2244,49,4,1953251.37
5599,2245,68,5,3091168.8
5600,2245,6,1,568778.62
5601,2245,129,4,3531790.65
5602,2246,11,5,2610536.36
5603,2246,130,4,4809645.3
5604,2246,185,1,1285345.3
5605,2246,155,5,2987831.86
5606,2247,11,1,2610536.36
5607,2247,174,5,1583517.39
5608,2248,139,3,2119555.13
5609,2249,21,2,3840987.19
5610,2249,24,2,4173280.87
5611,2250,97,5,475401.7
5612,2250,26,3,2420440.23
5613,2250,25,5,4582911.19
5614,2250,86,3,3113852.32
5615,2251,88,2,1720052.94
5616,2252,62,1,4717807.15
5617,2252,48,5,1045805.87
5618,2252,169,4,1691462.85
5619,2252,31,1,2897553.27
5620,2253,117,2,693030.3
5621,2253,176,2,511051.33
5622,2253,173,1,2611762.8
5623,2254,58,1,808542.67
5624,2254,154,4,1730668.78
5625,2254,121,4,4470572.78
5626,2255,94,3,901465.66
5627,2255,183,4,3290563.28
5628,2255,72,1,508883.41
5629,2256,164,1,4354631.74
5630,2256,51,4,1683116.52
5631,2257,75,4,4566486.51
5632,2258,159,5,295270.79
5633,2259,187,3,3468801.92
5634,2259,63,4,877093.0
5635,2259,148,4,1394205.15
5636,2260,105,3,3067166.51
5637,2260,34,5,3141891.47
5638,2260,47,4,4115139.13
5639,2260,64,1,2714371.08
5640,2261,60,4,534317.08
5641,2261,4,1,1662812.42
5642,2261,36,5,3533699.27
5643,2262,5,4,1068980.71
5644,2262,34,5,3141891.47
5645,2262,96,4,1653856.01
5646,2263,56,4,2673072.13
5647,2264,13,2,3550220.66
5648,2264,85,1,2019061.96
5649,2264,14,4,613080.49
5650,2264,101,4,1048166.87
5651,2265,112,3,2045012.46
5652,2265,3,1,2367313.8
5653,2266,188,1,1305249.56
5654,2266,136,4,3074869.59
5655,2267,3,5,2367313.8
5656,2267,160,1,286302.91
5657,2267,140,1,858353.11
5658,2268,151,5,3304299.31
5659,2268,12,1,2475209.66
5660,2269,16,2,2084854.67
5661,2269,190,1,1958237.38
5662,2270,94,1,901465.66
5663,2270,35,5,957210.08
5664,2271,87,2,4870111.36
5665,2271,41,4,1886723.06
5666,2271,177,3,1773794.19
5667,2272,179,1,3106501.19
5668,2272,153,5,2437469.61
5669,2272,94,2,901465.66
5670,2272,60,4,534317.08
5671,2273,13,5,3550220.66
5672,2274,12,4,2475209.66
5673,2274,35,3,957210.08
5674,2274,119,3,4875500.76
5675,2274,90,3,2734021.23
5676,2275,162,1,1187465.03
5677,2275,152,3,1324731.62
5678,2275,36,3,3533699.27
5679,2276,178,2,1278183.13
5680,2276,74,5,4308953.98
5681,2276,85,1,2019061.96
5682,2277,143,1,2874978.48
5683,2278,184,5,4482608.11
5684,2279,90,3,2734021.23
5685,2279,162,3,1187465.03
5686,2279,136,3,3074869.59
5687,2279,55,4,1022763.67
5688,2280,41,3,1886723.06
5689,2280,43,2,149050.5
5690,2280,153,1,2437469.61
5691,2280,176,4,511051.33
5692,2281,14,4,613080.49
5693,2281,81,1,3032090.15
5694,2281,180,2,4753682.57
5695,2281,105,4,3067166.51
5696,2282,108,2,29195.49
5697,2283,139,4,2119555.13
5698,2283,109,1,570749.13
5699,2283,8,3,2149591.69
5700,2284,164,4,4354631.74
5701,2284,40,1,2637374.59
5702,2284,194,2,564441.58
5703,2284,108,2,29195.49
5704,2285,17,3,2813067.14
5705,2285,94,1,901465.66
5706,2285,130,1,4809645.3
5707,2286,51,1,1683116.52
5708,2286,175,4,4162655.26
5709,2286,2,2,4220465.41
5710,2287,109,4,570749.13
5711,2288,81,4,3032090.15
5712,2289,89,5,3926962.03
5713,2290,147,2,1278953.6
5714,2290,16,3,2084854.67
5715,2290,96,3,1653856.01
5716,2290,34,1,3141891.47
5717,2291,63,3,877093.0
5718,2291,152,3,1324731.62
5719,2292,146,4,2540340.64
5720,2292,68,3,3091168.8
5721,2292,15,3,3693905.17
5722,2292,182,2,4285793.1
5723,2293,175,3,4162655.26
5724,2294,150,4,4552904.16
5725,2294,14,1,613080.49
5726,2294,82,5,537087.75
5727,2294,186,1,3202933.03
5728,2295,112,4,2045012.46
5729,2295,191,5,4779138.35
5730,2295,77,2,3949174.06
5731,2295,184,4,4482608.11
5732,2296,100,2,3087471.53
5733,2296,32,2,354409.88
5734,2296,142,3,330553.37
5735,2297,68,4,3091168.8
5736,2297,161,4,2394253.91
5737,2297,172,5,3678209.44
5738,2297,144,1,4049256.5
5739,2298,176,2,511051.33
5740,2298,120,2,707670.83
5741,2298,13,4,3550220.66
5742,2299,188,2,1305249.56
5743,2299,23,1,4164412.78
5744,2299,139,1,2119555.13
5745,2299,68,5,3091168.8
5746,2300,42,5,4568935.38
5747,2300,7,3,4936266.59
5748,2301,126,2,4237849.34
5749,2301,62,5,4717807.15
5750,2301,56,4,2673072.13
5751,2301,49,2,1953251.37
5752,2302,54,4,3203282.99
5753,2302,145,3,1451907.88
5754,2303,11,2,2610536.36
5755,2303,48,3,1045805.87
5756,2303,144,2,4049256.5
5757,2304,102,4,2862125.13
5758,2304,118,5,741379.54
5759,2305,67,4,2146667.08
5760,2305,43,4,149050.5
5761,2306,160,2,286302.91
5762,2306,182,2,4285793.1
5763,2307,167,2,509387.5
5764,2307,37,2,1375699.65
5765,2307,12,2,2475209.66
5766,2308,148,1,1394205.15
5767,2309,177,4,1773794.19
5768,2309,1,5,4105817.09
5769,2309,17,2,2813067.14
5770,2310,195,5,1111472.83
5771,2310,45,3,3668894.31
5772,2311,36,4,3533699.27
5773,2311,55,1,1022763.67
5774,2311,77,5,3949174.06
5775,2312,156,4,3769987.45
5776,2312,3,3,2367313.8
5777,2313,22,3,1723273.89
5778,2313,85,2,2019061.96
5779,2313,69,4,4091773.85
5780,2314,114,3,961428.52
5781,2315,146,1,2540340.64
5782,2315,177,2,1773794.19
5783,2315,156,5,3769987.45
5784,2315,160,2,286302.91
5785,2316,8,1,2149591.69
5786,2317,73,2,2365965.73
5787,2317,63,2,877093.0
5788,2317,55,4,1022763.67
5789,2317,173,2,2611762.8
5790,2318,127,4,1364520.98
5791,2318,116,4,4987343.81
5792,2319,53,4,136839.3
5793,2319,20,5,1518912.87
5794,2320,102,4,2862125.13
5795,2321,187,4,3468801.92
5796,2321,123,1,2135020.31
5797,2321,8,2,2149591.69
5798,2322,14,1,613080.49
5799,2322,61,3,2758094.14
5800,2322,97,5,475401.7
5801,2323,44,3,791536.94
5802,2323,160,2,286302.91
5803,2323,129,3,3531790.65
5804,2324,187,1,3468801.92
5805,2325,182,2,4285793.1
5806,2325,77,4,3949174.06
5807,2325,187,3,3468801.92
5808,2325,14,1,613080.49
5809,2326,122,2,3125661.2
5810,2326,195,4,1111472.83
5811,2326,94,4,901465.66
5812,2326,130,4,4809645.3
5813,2327,96,1,1653856.01
5814,2327,146,4,2540340.64
5815,2328,4,2,1662812.42
5816,2328,11,4,2610536.36
5817,2329,131,3,3657672.71
5818,2329,170,4,1295336.0
5819,2330,106,3,4241992.81
5820,2330,187,5,3468801.92
5821,2330,19,4,1290727.17
5822,2331,81,5,3032090.15
5823,2331,153,2,2437469.61
5824,2331,125,1,3032751.96
5825,2332,151,5,3304299.31
5826,2332,179,4,3106501.19
5827,2333,154,5,1730668.78
5828,2333,20,5,1518912.87
5829,2333,66,4,551986.42
5830,2334,151,5,3304299.31
5831,2335,81,5,3032090.15
5832,2335,4,2,1662812.42
5833,2335,73,2,2365965.73
5834,2336,199,2,118354.85
5835,2336,112,2,2045012.46
5836,2336,76,2,3505582.74
5837,2336,56,5,2673072.13
5838,2337,98,1,3791461.64
5839,2337,26,2,2420440.23
5840,2337,34,5,3141891.47
5841,2338,170,1,1295336.0
5842,2339,158,3,1074012.32
5843,2339,74,2,4308953.98
5844,2339,144,3,4049256.5
5845,2340,2,1,4220465.41
5846,2341,176,4,511051.33
5847,2341,116,2,4987343.81
5848,2342,50,5,45446.6
5849,2342,152,3,1324731.62
5850,2343,77,3,3949174.06
5851,2343,45,4,3668894.31
5852,2343,164,4,4354631.74
5853,2343,42,5,4568935.38
5854,2344,17,5,2813067.14
5855,2344,132,2,2338058.23
5856,2344,199,2,118354.85
5857,2344,129,2,3531790.65
5858,2345,135,4,3428268.25
5859,2345,165,1,4637932.07
5860,2345,140,3,858353.11
5861,2345,167,5,509387.5
5862,2346,18,1,81203.91
5863,2346,100,4,3087471.53
5864,2346,134,1,2375446.57
5865,2347,179,3,3106501.19
5866,2347,186,5,3202933.03
5867,2348,103,5,4594545.57
5868,2348,79,5,586613.11
5869,2348,120,5,707670.83
5870,2349,101,3,1048166.87
5871,2349,7,5,4936266.59
5872,2349,193,4,3061251.88
5873,2350,160,4,286302.91
5874,2350,69,2,4091773.85
5875,2350,146,5,2540340.64
5876,2350,199,2,118354.85
5877,2351,159,4,295270.79
5878,2352,52,1,2614874.12
5879,2352,102,1,2862125.13
5880,2353,147,2,1278953.6
5881,2354,22,1,1723273.89
5882,2354,99,1,2278547.74
5883,2354,103,4,4594545.57
5884,2354,34,3,3141891.47
5885,2355,82,5,537087.75
5886,2355,188,4,1305249.56
5887,2355,116,3,4987343.81
5888,2356,128,4,191472.83
5889,2356,171,3,2319015.25
5890,2356,134,3,2375446.57
5891,2357,127,2,1364520.98
5892,2357,91,3,3321495.98
5893,2357,26,4,2420440.23
5894,2358,71,5,2849751.78
5895,2358,2,4,4220465.41
5896,2358,14,3,613080.49
5897,2358,99,5,2278547.74
5898,2359,136,1,3074869.59
5899,2359,34,3,3141891.47
5900,2359,75,1,4566486.51
5901,2359,175,4,4162655.26
5902,2360,91,2,3321495.98
5903,2360,66,2,551986.42
5904,2360,84,3,3967343.92
5905,2360,28,3,2325788.62
5906,2361,18,5,81203.91
5907,2361,198,5,2867439.19
5908,2361,132,4,2338058.23
5909,2362,2,2,4220465.41
5910,2362,37,5,1375699.65
5911,2362,52,4,2614874.12
5912,2363,5,3,1068980.71
5913,2363,132,4,2338058.23
5914,2363,199,1,118354.85
5915,2363,60,1,534317.08
5916,2364,6,1,568778.62
5917,2364,63,5,877093.0
5918,2364,105,3,3067166.51
5919,2364,50,3,45446.6
5920,2365,55,4,1022763.67
5921,2365,132,1,2338058.23
5922,2366,12,3,2475209.66
5923,2366,178,1,1278183.13
5924,2367,8,3,2149591.69
5925,2367,156,1,3769987.45
5926,2368,69,5,4091773.85
5927,2368,172,1,3678209.44
5928,2369,164,5,4354631.74
5929,2369,17,4,2813067.14
5930,2369,156,5,3769987.45
5931,2369,122,4,3125661.2
5932,2370,70,2,415764.4
5933,2370,87,5,4870111.36
5934,2371,29,4,4179651.04
5935,2371,54,5,3203282.99
5936,2371,93,3,1643756.02
5937,2372,77,3,3949174.06
5938,2373,119,2,4875500.76
5939,2374,193,4,3061251.88
5940,2374,198,3,2867439.19
5941,2374,97,5,475401.7
5942,2375,147,3,1278953.6
5943,2376,164,1,4354631.74
5944,2376,58,3,808542.67
5945,2376,147,5,1278953.6
5946,2376,65,5,169238.61
5947,2377,36,4,3533699.27
5948,2378,44,5,791536.94
5949,2379,70,1,415764.4
5950,2379,38,2,4388317.44
5951,2379,167,1,509387.5
5952,2380,136,2,3074869.59
5953,2380,154,3,1730668.78
5954,2380,196,5,4565230.88
5955,2381,157,2,1208788.51
5956,2381,5,3,1068980.71
5957,2381,120,2,707670.83
5958,2382,59,1,4792532.82
5959,2383,171,5,2319015.25
5960,2383,118,4,741379.54
5961,2383,121,4,4470572.78
5962,2383,74,3,4308953.98
5963,2384,30,1,2787006.61
5964,2384,169,5,1691462.85
5965,2384,80,4,4232687.16
5966,2385,176,2,511051.33
5967,2385,134,2,2375446.57
5968,2385,185,1,1285345.3
5969,2386,156,5,3769987.45
5970,2386,82,4,537087.75
5971,2387,28,2,2325788.62
5972,2387,147,2,1278953.6
5973,2387,108,2,29195.49
5974,2388,110,3,1195324.82
5975,2388,8,5,2149591.69
5976,2389,184,2,4482608.11
5977,2389,160,4,286302.91
5978,2389,194,4,564441.58
5979,2389,72,4,508883.41
5980,2390,133,4,4452329.5
5981,2390,54,2,3203282.99
5982,2390,26,1,2420440.23
5983,2391,104,1,4951689.05
5984,2391,47,3,4115139.13
5985,2391,152,1,1324731.62
5986,2391,55,5,1022763.67
5987,2392,120,5,707670.83
5988,2393,76,2,3505582.74
5989,2393,200,4,3273005.03
5990,2394,88,4,1720052.94
5991,2394,145,5,1451907.88
5992,2394,80,5,4232687.16
5993,2395,108,2,29195.49
5994,2396,35,2,957210.08
5995,2396,118,2,741379.54
5996,2397,31,5,2897553.27
5997,2397,116,1,4987343.81
5998,2397,160,2,286302.91
5999,2397,129,2,3531790.65
6000,2398,121,5,4470572.78
6001,2398,174,1,1583517.39
6002,2399,182,4,4285793.1
6003,2400,70,4,415764.4
6004,2400,183,1,3290563.28
6005,2400,139,5,2119555.13
6006,2401,120,3,707670.83
6007,2401,115,3,4203814.37
6008,2401,149,1,3713610.1
6009,2402,108,5,29195.49
6010,2402,128,5,191472.83
6011,2402,81,1,3032090.15
6012,2402,52,5,2614874.12
6013,2403,116,2,4987343.81
6014,2404,132,1,2338058.23
6015,2404,17,3,2813067.14
6016,2404,91,4,3321495.98
6017,2404,150,5,4552904.16
6018,2405,143,5,2874978.48
6019,2406,95,4,3001339.43
6020,2406,131,2,3657672.71
6021,2406,156,4,3769987.45
6022,2407,130,5,4809645.3
6023,2407,68,5,3091168.8
6024,2408,106,2,4241992.81
6025,2408,53,1,136839.3
6026,2408,135,4,3428268.25
6027,2408,6,4,568778.62
6028,2409,39,2,4151550.91
6029,2410,175,5,4162655.26
6030,2410,28,1,2325788.62
6031,2410,47,3,4115139.13
6032,2410,30,1,2787006.61
6033,2411,40,5,2637374.59
6034,2412,168,2,4782013.69
6035,2412,196,1,4565230.88
6036,2412,26,4,2420440.23
6037,2412,131,1,3657672.71
6038,2413,100,1,3087471.53
6039,2413,184,1,4482608.11
6040,2413,195,1,1111472.83
6041,2413,153,4,2437469.61
6042,2414,57,2,3363842.11
6043,2414,124,5,1792653.47
6044,2415,100,5,3087471.53
6045,2415,142,2,330553.37
6046,2416,71,5,2849751.78
6047,2416,181,4,3547673.65
6048,2417,156,2,3769987.45
6049,2417,117,3,693030.3
6050,2417,12,1,2475209.66
6051,2418,126,5,4237849.34
6052,2418,84,4,3967343.92
6053,2418,118,5,741379.54
6054,2418,131,2,3657672.71
6055,2419,87,4,4870111.36
6056,2419,91,1,3321495.98
6057,2420,114,2,961428.52
6058,2420,61,2,2758094.14
6059,2420,190,1,1958237.38
6060,2420,26,3,2420440.23
6061,2421,88,3,1720052.94
6062,2421,162,4,1187465.03
6063,2421,11,1,2610536.36
6064,2422,33,5,4207677.29
6065,2422,165,4,4637932.07
6066,2422,24,5,4173280.87
6067,2423,133,3,4452329.5
6068,2423,71,3,2849751.78
6069,2424,80,3,4232687.16
6070,2425,27,3,4462990.18
6071,2425,20,1,1518912.87
6072,2426,124,1,1792653.47
6073,2426,14,2,613080.49
6074,2426,167,2,509387.5
6075,2427,13,5,3550220.66
6076,2427,51,4,1683116.52
6077,2427,103,1,4594545.57
6078,2428,161,5,2394253.91
6079,2428,193,5,3061251.88
6080,2428,101,1,1048166.87
6081,2429,150,4,4552904.16
6082,2430,159,2,295270.79
6083,2430,115,2,4203814.37
6084,2430,138,3,2575498.97
6085,2430,14,3,613080.49
6086,2431,110,3,1195324.82
6087,2431,132,4,2338058.23
6088,2431,75,4,4566486.51
6089,2432,7,4,4936266.59
6090,2432,195,4,1111472.83
6091,2432,60,3,534317.08
6092,2433,17,4,2813067.14
6093,2434,35,3,957210.08
6094,2434,157,4,1208788.51
6095,2435,195,5,1111472.83
6096,2435,128,2,191472.83
6097,2436,91,5,3321495.98
6098,2437,94,5,901465.66
6099,2437,116,2,4987343.81
6100,2437,181,4,3547673.65
6101,2437,42,2,4568935.38
6102,2438,131,4,3657672.71
6103,2439,182,2,4285793.1
6104,2439,10,5,4637349.21
6105,2440,85,5,2019061.96
6106,2441,181,2,3547673.65
6107,2441,170,2,1295336.0
6108,2441,78,2,2450345.99
6109,2442,77,4,3949174.06
6110,2442,24,3,4173280.87
6111,2443,141,3,3641684.28
6112,2444,138,4,2575498.97
6113,2444,64,4,2714371.08
6114,2444,150,1,4552904.16
6115,2445,54,4,3203282.99
6116,2445,77,3,3949174.06
6117,2445,75,4,4566486.51
6118,2445,99,2,2278547.74
6119,2446,89,5,3926962.03
6120,2447,140,1,858353.11
6121,2447,73,4,2365965.73
6122,2447,167,3,509387.5
6123,2448,109,1,570749.13
6124,2449,1,2,4105817.09
6125,2449,87,1,4870111.36
6126,2449,4,5,1662812.42
6127,2449,42,1,4568935.38
6128,2450,145,3,1451907.88
6129,2450,142,1,330553.37
6130,2450,19,2,1290727.17
6131,2450,166,3,3400504.69
6132,2451,171,1,2319015.25
6133,2451,123,5,2135020.31
6134,2451,99,3,2278547.74
6135,2452,178,4,1278183.13
6136,2452,125,3,3032751.96
6137,2453,189,2,1404505.22
6138,2454,138,3,2575498.97
6139,2454,104,2,4951689.05
6140,2455,198,2,2867439.19
6141,2455,8,4,2149591.69
6142,2456,192,5,2216859.79
6143,2456,8,4,2149591.69
6144,2456,148,2,1394205.15
6145,2457,143,2,2874978.48
6146,2458,97,5,475401.7
6147,2458,116,4,4987343.81
6148,2458,118,4,741379.54
6149,2458,32,4,354409.88
6150,2459,20,4,1518912.87
6151,2459,1,2,4105817.09
6152,2459,36,3,3533699.27
6153,2459,81,2,3032090.15
6154,2460,35,2,957210.08
6155,2461,175,2,4162655.26
6156,2461,179,3,3106501.19
6157,2462,19,2,1290727.17
6158,2463,109,4,570749.13
6159,2463,142,3,330553.37
6160,2463,57,5,3363842.11
6161,2463,108,1,29195.49
6162,2464,122,4,3125661.2
6163,2465,84,2,3967343.92
6164,2466,71,3,2849751.78
6165,2466,104,3,4951689.05
6166,2466,31,1,2897553.27
6167,2467,55,3,1022763.67
6168,2467,63,1,877093.0
6169,2468,78,3,2450345.99
6170,2468,102,2,2862125.13
6171,2468,93,4,1643756.02
6172,2468,112,1,2045012.46
6173,2469,141,4,3641684.28
6174,2470,126,2,4237849.34
6175,2470,193,4,3061251.88
6176,2471,18,5,81203.91
6177,2471,146,3,2540340.64
6178,2472,157,5,1208788.51
6179,2472,163,2,2386083.16
6180,2472,86,2,3113852.32
6181,2472,92,4,593756.23
6182,2473,97,5,475401.7
6183,2473,68,1,3091168.8
6184,2473,24,1,4173280.87
6185,2473,77,2,3949174.06
6186,2474,1,3,4105817.09
6187,2474,46,3,3883277.72
6188,2474,191,1,4779138.35
6189,2475,70,3,415764.4
6190,2475,200,3,3273005.03
6191,2476,124,5,1792653.47
6192,2476,37,2,1375699.65
6193,2476,47,5,4115139.13
6194,2476,137,1,3898172.49
6195,2477,121,2,4470572.78
6196,2477,194,1,564441.58
6197,2477,62,3,4717807.15
6198,2478,71,1,2849751.78
6199,2478,97,3,475401.7
6200,2478,188,4,1305249.56
6201,2479,149,3,3713610.1
6202,2479,51,1,1683116.52
6203,2479,39,1,4151550.91
6204,2480,179,5,3106501.19
6205,2480,151,5,3304299.31
6206,2480,118,4,741379.54
6207,2481,55,1,1022763.67
6208,2481,17,3,2813067.14
6209,2481,35,1,957210.08
6210,2482,74,4,4308953.98
6211,2482,63,4,877093.0
6212,2482,113,4,3320875.61
6213,2483,132,2,2338058.23
6214,2484,179,5,3106501.19
6215,2485,129,1,3531790.65
6216,2485,14,5,613080.49
6217,2485,16,4,2084854.67
6218,2486,22,2,1723273.89
6219,2486,80,5,4232687.16
6220,2487,84,1,3967343.92
6221,2488,65,2,169238.61
6222,2489,124,1,1792653.47
6223,2489,137,1,3898172.49
6224,2489,106,4,4241992.81
6225,2489,44,5,791536.94
6226,2490,141,4,3641684.28
6227,2491,12,5,2475209.66
6228,2492,162,3,1187465.03
6229,2492,135,2,3428268.25
6230,2492,82,3,537087.75
6231,2492,109,4,570749.13
6232,2493,105,5,3067166.51
6233,2494,37,4,1375699.65
6234,2495,63,1,877093.0
6235,2495,185,3,1285345.3
6236,2496,46,2,3883277.72
6237,2496,181,1,3547673.65
6238,2496,191,4,4779138.35
6239,2497,14,2,613080.49
6240,2498,14,5,613080.49
6241,2498,48,4,1045805.87
6242,2499,166,1,3400504.69
6243,2499,177,3,1773794.19
6244,2499,86,2,3113852.32
6245,2500,74,1,4308953.98
6246,2500,190,1,1958237.38
6247,2501,40,4,2637374.59
6248,2501,7,4,4936266.59
6249,2501,104,1,4951689.05
6250,2502,81,1,3032090.15
6251,2503,82,5,537087.75
6252,2503,190,2,1958237.38
6253,2503,151,1,3304299.31
6254,2504,103,4,4594545.57
6255,2505,53,5,136839.3
6256,2505,190,2,1958237.38
6257,2506,35,1,957210.08
6258,2506,72,1,508883.41
6259,2507,60,2,534317.08
6260,2507,151,2,3304299.31
6261,2507,34,1,3141891.47
6262,2508,97,1,475401.7
6263,2508,36,1,3533699.27
6264,2508,168,5,4782013.69
6265,2509,20,1,1518912.87
6266,2510,66,3,551986.42
6267,2510,137,2,3898172.49
6268,2511,148,2,1394205.15
6269,2511,26,2,2420440.23
6270,2512,94,5,901465.66
6271,2512,47,4,4115139.13
6272,2513,55,2,1022763.67
6273,2514,188,3,1305249.56
6274,2514,154,3,1730668.78
6275,2515,174,2,1583517.39
6276,2515,73,3,2365965.73
6277,2515,86,2,3113852.32
6278,2515,33,5,4207677.29
6279,2516,77,4,3949174.06
6280,2516,198,1,2867439.19
6281,2516,157,2,1208788.51
6282,2516,114,3,961428.52
6283,2517,110,1,1195324.82
6284,2517,50,5,45446.6
6285,2517,69,3,4091773.85
6286,2517,45,2,3668894.31
6287,2518,193,4,3061251.88
6288,2518,117,2,693030.3
6289,2518,163,3,2386083.16
6290,2518,172,5,3678209.44
6291,2519,46,2,3883277.72
6292,2519,160,3,286302.91
6293,2519,121,4,4470572.78
6294,2520,86,2,3113852.32
6295,2521,104,1,4951689.05
6296,2521,95,3,3001339.43
6297,2521,86,4,3113852.32
6298,2521,145,4,1451907.88
6299,2522,95,5,3001339.43
6300,2522,64,1,2714371.08
6301,2523,107,4,1861883.9
6302,2523,77,3,3949174.06
6303,2523,27,2,4462990.18
6304,2523,69,2,4091773.85
6305,2524,149,3,3713610.1
6306,2524,179,4,3106501.19
6307,2524,95,3,3001339.43
6308,2524,41,4,1886723.06
6309,2525,185,3,1285345.3
6310,2525,82,2,537087.75
6311,2525,171,5,2319015.25
6312,2525,60,5,534317.08
6313,2526,33,5,4207677.29
6314,2526,196,5,4565230.88
6315,2526,163,3,2386083.16
6316,2526,197,2,538853.4
6317,2527,75,4,4566486.51
6318,2527,52,4,2614874.12
6319,2528,77,3,3949174.06
6320,2528,27,4,4462990.18
6321,2529,41,4,1886723.06
6322,2530,51,2,1683116.52
6323,2530,191,3,4779138.35
6324,2530,161,3,2394253.91
6325,2530,141,2,3641684.28
6326,2531,106,5,4241992.81
6327,2531,141,4,3641684.28
6328,2531,85,2,2019061.96
6329,2532,106,1,4241992.81
6330,2533,188,5,1305249.56
6331,2533,138,4,2575498.97
6332,2533,38,5,4388317.44
6333,2533,76,2,3505582.74
6334,2534,107,1,1861883.9
6335,2535,58,1,808542.67
6336,2535,173,1,2611762.8
6337,2535,129,4,3531790.65
6338,2536,178,1,1278183.13
6339,2536,119,1,4875500.76
6340,2537,6,2,568778.62
6341,2537,128,4,191472.83
6342,2538,98,4,3791461.64
6343,2538,16,2,2084854.67
6344,2539,25,3,4582911.19
6345,2540,124,5,1792653.47
6346,2540,142,2,330553.37
6347,2540,183,4,3290563.28
6348,2540,5,3,1068980.71
6349,2541,31,1,2897553.27
6350,2541,34,3,3141891.47
6351,2542,51,4,1683116.52
6352,2542,152,4,1324731.62
6353,2542,197,2,538853.4
6354,2542,77,3,3949174.06
6355,2543,37,2,1375699.65
6356,2543,192,4,2216859.79
6357,2543,149,3,3713610.1
6358,2544,193,2,3061251.88
6359,2544,104,5,4951689.05
6360,2544,53,1,136839.3
6361,2545,36,3,3533699.27
6362,2545,192,1,2216859.79
6363,2545,150,2,4552904.16
6364,2545,151,4,3304299.31
6365,2546,130,1,4809645.3
6366,2546,171,2,2319015.25
6367,2546,21,4,3840987.19
6368,2547,184,1,4482608.11
6369,2547,75,5,4566486.51
6370,2547,146,4,2540340.64
6371,2547,118,4,741379.54
6372,2548,106,5,4241992.81
6373,2549,56,2,2673072.13
6374,2549,85,5,2019061.96
6375,2550,9,1,2638821.35
6376,2551,28,5,2325788.62
6377,2551,44,1,791536.94
6378,2551,90,1,2734021.23
6379,2551,198,4,2867439.19
6380,2552,146,3,2540340.64
6381,2552,155,5,2987831.86
6382,2553,195,1,1111472.83
6383,2554,58,3,808542.67
6384,2554,60,3,534317.08
6385,2555,122,4,3125661.2
6386,2555,171,4,2319015.25
6387,2556,176,5,511051.33
6388,2556,71,1,2849751.78
6389,2557,12,3,2475209.66
6390,2557,145,1,1451907.88
6391,2557,140,1,858353.11
6392,2558,112,4,2045012.46
6393,2559,10,3,4637349.21
6394,2559,19,5,1290727.17
6395,2560,27,4,4462990.18
6396,2561,73,5,2365965.73
6397,2562,198,1,2867439.19
6398,2563,80,2,4232687.16
6399,2564,39,5,4151550.91
6400,2565,107,1,1861883.9
6401,2565,31,1,2897553.27
6402,2565,104,5,4951689.05
6403,2565,140,5,858353.11
6404,2566,64,3,2714371.08
6405,2567,32,2,354409.88
6406,2567,198,3,2867439.19
6407,2568,78,2,2450345.99
6408,2568,142,1,330553.37
6409,2568,67,2,2146667.08
6410,2569,51,1,1683116.52
6411,2569,20,4,1518912.87
6412,2569,109,5,570749.13
6413,2570,125,5,3032751.96
6414,2571,53,5,136839.3
6415,2572,16,1,2084854.67
6416,2572,21,1,3840987.19
6417,2572,83,4,1646201.9
6418,2572,124,1,1792653.47
6419,2573,35,1,957210.08
6420,2573,181,5,3547673.65
6421,2574,5,4,1068980.71
6422,2574,35,1,957210.08
6423,2574,78,2,2450345.99
6424,2575,75,1,4566486.51
6425,2576,34,5,3141891.47
6426,2577,162,4,1187465.03
6427,2577,77,1,3949174.06
6428,2577,82,5,537087.75
6429,2577,35,2,957210.08
6430,2578,122,4,3125661.2
6431,2578,131,3,3657672.71
6432,2578,95,4,3001339.43
6433,2578,126,2,4237849.34
6434,2579,62,5,4717807.15
6435,2580,10,4,4637349.21
6436,2581,158,4,1074012.32
6437,2581,29,1,4179651.04
6438,2581,169,5,1691462.85
6439,2582,44,2,791536.94
6440,2582,64,1,2714371.08
6441,2582,165,3,4637932.07
6442,2583,13,2,3550220.66
6443,2583,20,1,1518912.87
6444,2583,182,3,4285793.1
6445,2584,85,4,2019061.96
6446,2584,14,5,613080.49
6447,2585,170,4,1295336.0
6448,2585,48,5,1045805.87
6449,2585,100,3,3087471.53
6450,2585,18,3,81203.91
6451,2586,43,4,149050.5
6452,2586,83,3,1646201.9
6453,2586,45,1,3668894.31
6454,2587,36,3,3533699.27
6455,2588,125,4,3032751.96
6456,2588,185,5,1285345.3
6457,2588,17,5,2813067.14
6458,2589,134,4,2375446.57
6459,2589,135,4,3428268.25
6460,2589,92,5,593756.23
6461,2590,130,2,4809645.3
6462,2590,146,1,2540340.64
6463,2590,154,1,1730668.78
6464,2591,28,3,2325788.62
6465,2591,152,4,1324731.62
6466,2591,161,4,2394253.91
6467,2592,170,3,1295336.0
6468,2592,103,3,4594545.57
6469,2592,54,5,3203282.99
6470,2593,38,1,4388317.44
6471,2593,48,4,1045805.87
6472,2593,115,2,4203814.37
6473,2594,104,3,4951689.05
6474,2594,35,4,957210.08
6475,2594,195,3,1111472.83
6476,2594,168,1,4782013.69
6477,2595,98,1,3791461.64
6478,2595,3,1,2367313.8
6479,2595,122,1,3125661.2
6480,2596,168,2,4782013.69
6481,2596,71,1,2849751.78
6482,2596,29,4,4179651.04
6483,2597,47,5,4115139.13
6484,2597,67,4,2146667.08
6485,2597,11,1,2610536.36
6486,2597,180,1,4753682.57
6487,2598,164,4,4354631.74
6488,2599,139,3,2119555.13
6489,2599,154,1,1730668.78
6490,2599,16,4,2084854.67
6491,2599,173,2,2611762.8
6492,2600,2,4,4220465.41
6493,2600,121,2,4470572.78
6494,2601,129,1,3531790.65
6495,2601,185,1,1285345.3
6496,2602,169,2,1691462.85
6497,2602,42,2,4568935.38
6498,2602,36,5,3533699.27
6499,2603,47,5,4115139.13
6500,2603,45,2,3668894.31
6501,2604,4,4,1662812.42
6502,2604,138,3,2575498.97
6503,2604,72,2,508883.41
6504,2605,92,5,593756.23
6505,2605,156,5,3769987.45
6506,2606,9,1,2638821.35
6507,2606,1,1,4105817.09
6508,2606,70,5,415764.4
6509,2607,116,2,4987343.81
6510,2607,155,3,2987831.86
6511,2607,30,1,2787006.61
6512,2608,64,3,2714371.08
6513,2609,199,3,118354.85
6514,2610,82,4,537087.75
6515,2610,200,2,3273005.03
6516,2611,197,5,538853.4
6517,2611,165,5,4637932.07
6518,2612,2,3,4220465.41
6519,2612,112,1,2045012.46
6520,2613,126,5,4237849.34
6521,2613,143,4,2874978.48
6522,2613,11,5,2610536.36
6523,2614,8,5,2149591.69
6524,2614,33,1,4207677.29
6525,2615,7,3,4936266.59
6526,2616,160,3,286302.91
6527,2617,63,5,877093.0
6528,2617,78,3,2450345.99
6529,2617,20,2,1518912.87
6530,2618,168,3,4782013.69
6531,2619,121,4,4470572.78
6532,2619,143,3,2874978.48
6533,2619,105,2,3067166.51
6534,2620,45,1,3668894.31
6535,2621,6,2,568778.62
6536,2621,99,3,2278547.74
6537,2622,144,2,4049256.5
6538,2622,165,4,4637932.07
6539,2622,182,5,4285793.1
6540,2622,7,5,4936266.59
6541,2623,171,2,2319015.25
6542,2624,57,5,3363842.11
6543,2625,65,5,169238.61
6544,2625,62,5,4717807.15
6545,2625,185,1,1285345.3
6546,2625,104,3,4951689.05
6547,2626,142,4,330553.37
6548,2626,83,3,1646201.9
6549,2626,89,5,3926962.03
6550,2627,179,5,3106501.19
6551,2627,197,3,538853.4
6552,2627,6,2,568778.62
6553,2628,108,5,29195.49
6554,2629,146,3,2540340.64
6555,2629,164,3,4354631.74
6556,2629,13,2,3550220.66
6557,2629,177,5,1773794.19
6558,2630,4,1,1662812.42
6559,2630,97,4,475401.7
6560,2630,18,3,81203.91
6561,2630,187,4,3468801.92
6562,2631,62,3,4717807.15
6563,2631,60,3,534317.08
6564,2631,116,4,4987343.81
6565,2631,194,1,564441.58
6566,2632,103,3,4594545.57
6567,2633,114,1,961428.52
6568,2633,107,2,1861883.9
6569,2634,170,5,1295336.0
6570,2634,144,5,4049256.5
6571,2634,18,1,81203.91
6572,2634,77,2,3949174.06
6573,2635,57,5,3363842.11
6574,2635,163,3,2386083.16
6575,2635,6,2,568778.62
6576,2636,186,5,3202933.03
6577,2636,103,4,4594545.57
6578,2636,158,3,1074012.32
6579,2636,42,3,4568935.38
6580,2637,118,2,741379.54
6581,2637,199,3,118354.85
6582,2637,128,1,191472.83
6583,2638,173,2,2611762.8
6584,2638,48,3,1045805.87
6585,2638,62,2,4717807.15
6586,2639,78,1,2450345.99
6587,2639,132,1,2338058.23
6588,2640,21,2,3840987.19
6589,2640,117,3,693030.3
6590,2640,182,1,4285793.1
6591,2641,88,5,1720052.94
6592,2641,64,1,2714371.08
6593,2641,102,3,2862125.13
6594,2642,81,5,3032090.15
6595,2642,118,1,741379.54
6596,2642,73,4,2365965.73
6597,2643,128,4,191472.83
6598,2643,145,1,1451907.88
6599,2644,72,3,508883.41
6600,2644,43,4,149050.5
6601,2645,62,2,4717807.15
6602,2646,169,5,1691462.85
6603,2646,37,3,1375699.65
6604,2647,92,1,593756.23
6605,2647,47,3,4115139.13
6606,2647,57,5,3363842.11
6607,2648,135,2,3428268.25
6608,2648,100,1,3087471.53
6609,2649,6,4,568778.62
6610,2649,36,4,3533699.27
6611,2649,155,2,2987831.86
6612,2650,114,2,961428.52
6613,2651,125,3,3032751.96
6614,2652,154,2,1730668.78
6615,2652,36,1,3533699.27
6616,2653,23,5,4164412.78
6617,2653,105,2,3067166.51
6618,2653,119,1,4875500.76
6619,2654,176,2,511051.33
6620,2654,62,4,4717807.15
6621,2654,152,4,1324731.62
6622,2655,122,4,3125661.2
6623,2655,2,2,4220465.41
6624,2656,91,1,3321495.98
6625,2656,193,2,3061251.88
6626,2657,60,5,534317.08
6627,2658,129,3,3531790.65
6628,2658,12,5,2475209.66
6629,2659,2,1,4220465.41
6630,2659,48,4,1045805.87
6631,2659,39,1,4151550.91
6632,2660,28,5,2325788.62
6633,2661,165,2,4637932.07
6634,2661,63,3,877093.0
6635,2662,126,4,4237849.34
6636,2662,155,1,2987831.86
6637,2663,1,1,4105817.09
6638,2664,48,5,1045805.87
6639,2665,111,2,3135441.16
6640,2665,26,2,2420440.23
6641,2665,97,3,475401.7
6642,2666,184,4,4482608.11
6643,2666,174,1,1583517.39
6644,2666,72,5,508883.41
6645,2666,180,3,4753682.57
6646,2667,154,4,1730668.78
6647,2667,80,5,4232687.16
6648,2667,1,5,4105817.09
6649,2668,59,3,4792532.82
6650,2668,1,3,4105817.09
6651,2669,35,2,957210.08
6652,2669,191,1,4779138.35
6653,2670,167,1,509387.5
6654,2670,161,3,2394253.91
6655,2670,120,3,707670.83
6656,2670,137,4,3898172.49
6657,2671,113,2,3320875.61
6658,2671,188,4,1305249.56
6659,2671,74,1,4308953.98
6660,2672,158,3,1074012.32
6661,2673,51,1,1683116.52
6662,2673,174,1,1583517.39
6663,2673,158,4,1074012.32
6664,2674,110,1,1195324.82
6665,2674,108,3,29195.49
6666,2674,183,2,3290563.28
6667,2674,88,4,1720052.94
6668,2675,18,2,81203.91
6669,2675,33,5,4207677.29
6670,2675,7,1,4936266.59
6671,2675,148,3,1394205.15
6672,2676,141,1,3641684.28
6673,2676,15,5,3693905.17
6674,2676,105,1,3067166.51
6675,2676,170,2,1295336.0
6676,2677,63,1,877093.0
6677,2677,18,4,81203.91
6678,2678,161,1,2394253.91
6679,2678,141,4,3641684.28
6680,2678,175,4,4162655.26
6681,2678,114,4,961428.52
6682,2679,86,2,3113852.32
6683,2679,63,2,877093.0
6684,2680,176,1,511051.33
6685,2680,125,5,3032751.96
6686,2681,150,2,4552904.16
6687,2681,40,4,2637374.59
6688,2681,19,5,1290727.17
6689,2682,166,4,3400504.69
6690,2682,132,2,2338058.23
6691,2682,95,4,3001339.43
6692,2683,22,3,1723273.89
6693,2684,156,2,3769987.45
6694,2684,80,1,4232687.16
6695,2685,8,2,2149591.69
6696,2686,87,5,4870111.36
6697,2686,198,5,2867439.19
6698,2686,63,2,877093.0
6699,2686,146,2,2540340.64
6700,2687,54,2,3203282.99
6701,2688,112,5,2045012.46
6702,2688,89,4,3926962.03
6703,2688,154,4,1730668.78
6704,2689,33,5,4207677.29
6705,2689,123,3,2135020.31
6706,2690,126,5,4237849.34
6707,2691,175,4,4162655.26
6708,2691,128,3,191472.83
6709,2692,88,2,1720052.94
6710,2693,11,1,2610536.36
6711,2693,25,3,4582911.19
6712,2694,100,3,3087471.53
6713,2695,180,4,4753682.57
6714,2695,110,3,1195324.82
6715,2696,111,2,3135441.16
6716,2696,114,3,961428.52
6717,2697,37,4,1375699.65
6718,2698,72,3,508883.41
6719,2698,81,2,3032090.15
6720,2699,126,4,4237849.34
6721,2699,94,3,901465.66
6722,2700,158,5,1074012.32
6723,2700,121,4,4470572.78
6724,2700,106,5,4241992.81
6725,2700,67,3,2146667.08
6726,2701,41,3,1886723.06
6727,2701,43,3,149050.5
6728,2701,72,1,508883.41
6729,2701,148,1,1394205.15
6730,2702,105,3,3067166.51
6731,2702,161,1,2394253.91
6732,2702,36,4,3533699.27
6733,2703,146,3,2540340.64
6734,2703,108,4,29195.49
6735,2704,29,1,4179651.04
6736,2704,37,4,1375699.65
6737,2704,173,2,2611762.8
6738,2705,107,5,1861883.9
6739,2705,183,2,3290563.28
6740,2705,127,3,1364520.98
6741,2705,46,1,3883277.72
6742,2706,150,3,4552904.16
6743,2706,200,2,3273005.03
6744,2706,56,1,2673072.13
6745,2706,66,2,551986.42
6746,2707,78,4,2450345.99
6747,2708,2,2,4220465.41
6748,2708,48,3,1045805.87
6749,2708,38,4,4388317.44
6750,2709,141,1,3641684.28
6751,2709,177,3,1773794.19
6752,2709,180,3,4753682.57
6753,2709,172,4,3678209.44
6754,2710,36,3,3533699.27
6755,2710,96,1,1653856.01
6756,2710,30,4,2787006.61
6757,2710,134,1,2375446.57
6758,2711,59,5,4792532.82
6759,2711,167,5,509387.5
6760,2712,24,4,4173280.87
6761,2712,75,5,4566486.51
6762,2713,199,2,118354.85
6763,2713,63,4,877093.0
6764,2714,178,5,1278183.13
6765,2714,15,3,3693905.17
6766,2715,17,4,2813067.14
6767,2715,184,4,4482608.11
6768,2715,102,4,2862125.13
6769,2716,102,2,2862125.13
6770,2717,162,5,1187465.03
6771,2717,57,4,3363842.11
6772,2717,172,2,3678209.44
6773,2717,36,1,3533699.27
6774,2718,18,2,81203.91
6775,2719,7,5,4936266.59
6776,2719,13,3,3550220.66
6777,2720,33,5,4207677.29
6778,2720,100,2,3087471.53
6779,2720,65,2,169238.61
6780,2721,109,5,570749.13
6781,2721,116,4,4987343.81
6782,2722,131,2,3657672.71
6783,2723,128,1,191472.83
6784,2723,186,2,3202933.03
6785,2723,190,4,1958237.38
6786,2723,164,1,4354631.74
6787,2724,164,5,4354631.74
6788,2724,174,3,1583517.39
6789,2724,65,4,169238.61
6790,2725,7,3,4936266.59
6791,2725,144,4,4049256.5
6792,2726,146,1,2540340.64
6793,2726,184,2,4482608.11
6794,2726,14,2,613080.49
6795,2727,160,1,286302.91
6796,2727,95,5,3001339.43
6797,2727,196,2,4565230.88
6798,2728,13,1,3550220.66
6799,2728,168,1,4782013.69
6800,2728,1,3,4105817.09
6801,2729,101,3,1048166.87
6802,2729,29,5,4179651.04
6803,2729,122,1,3125661.2
6804,2730,56,5,2673072.13
6805,2731,74,3,4308953.98
6806,2732,16,3,2084854.67
6807,2733,70,2,415764.4
6808,2734,90,4,2734021.23
6809,2735,131,2,3657672.71
6810,2735,88,3,1720052.94
6811,2735,20,2,1518912.87
6812,2735,176,5,511051.33
6813,2736,71,5,2849751.78
6814,2737,123,4,2135020.31
6815,2737,80,3,4232687.16
6816,2738,130,1,4809645.3
6817,2738,13,5,3550220.66
6818,2738,51,1,1683116.52
6819,2739,104,5,4951689.05
6820,2740,98,1,3791461.64
6821,2740,73,4,2365965.73
6822,2740,115,4,4203814.37
6823,2741,10,1,4637349.21
6824,2741,24,2,4173280.87
6825,2741,156,4,3769987.45
6826,2742,104,5,4951689.05
6827,2743,124,1,1792653.47
6828,2743,180,4,4753682.57
6829,2744,28,3,2325788.62
6830,2745,109,5,570749.13
6831,2745,133,5,4452329.5
6832,2745,29,4,4179651.04
6833,2745,22,4,1723273.89
6834,2746,92,5,593756.23
6835,2746,149,2,3713610.1
6836,2746,189,2,1404505.22
6837,2746,183,2,3290563.28
6838,2747,17,3,2813067.14
6839,2747,122,1,3125661.2
6840,2747,11,3,2610536.36
6841,2747,185,5,1285345.3
6842,2748,96,3,1653856.01
6843,2748,49,3,1953251.37
6844,2749,151,3,3304299.31
6845,2750,84,5,3967343.92
6846,2750,113,3,3320875.61
6847,2750,181,2,3547673.65
6848,2750,39,3,4151550.91
6849,2751,64,5,2714371.08
6850,2751,149,5,3713610.1
6851,2752,73,4,2365965.73
6852,2752,41,4,1886723.06
6853,2753,25,4,4582911.19
6854,2753,120,3,707670.83
6855,2754,18,3,81203.91
6856,2755,109,4,570749.13
6857,2755,110,5,1195324.82
6858,2755,141,2,3641684.28
6859,2756,199,2,118354.85
6860,2757,39,5,4151550.91
6861,2758,53,2,136839.3
6862,2758,41,4,1886723.06
6863,2758,119,4,4875500.76
6864,2759,152,3,1324731.62
6865,2759,144,3,4049256.5
6866,2759,166,1,3400504.69
6867,2759,57,3,3363842.11
6868,2760,43,3,149050.5
6869,2761,133,3,4452329.5
6870,2761,95,4,3001339.43
6871,2762,62,1,4717807.15
6872,2763,49,4,1953251.37
6873,2763,2,2,4220465.41
6874,2763,138,1,2575498.97
6875,2763,145,4,1451907.88
6876,2764,143,2,2874978.48
6877,2764,184,4,4482608.11
6878,2765,121,1,4470572.78
6879,2765,117,1,693030.3
6880,2765,192,5,2216859.79
6881,2765,194,3,564441.58
6882,2766,82,4,537087.75
6883,2766,33,5,4207677.29
6884,2767,51,1,1683116.52
6885,2767,1,1,4105817.09
6886,2767,200,4,3273005.03
6887,2767,155,1,2987831.86
6888,2768,19,2,1290727.17
6889,2768,13,3,3550220.66
6890,2769,50,3,45446.6
6891,2769,76,4,3505582.74
6892,2770,174,3,1583517.39
6893,2770,14,4,613080.49
6894,2771,121,4,4470572.78
6895,2771,25,1,4582911.19
6896,2771,194,5,564441.58
6897,2771,159,5,295270.79
6898,2772,28,5,2325788.62
6899,2772,97,4,475401.7
6900,2772,94,3,901465.66
6901,2772,182,4,4285793.1
6902,2773,198,1,2867439.19
6903,2773,117,5,693030.3
6904,2773,105,5,3067166.51
6905,2773,76,4,3505582.74
6906,2774,50,3,45446.6
6907,2774,74,1,4308953.98
6908,2775,158,3,1074012.32
6909,2776,42,2,4568935.38
6910,2776,73,4,2365965.73
6911,2777,51,5,1683116.52
6912,2777,200,2,3273005.03
6913,2777,118,2,741379.54
6914,2778,23,1,4164412.78
6915,2778,149,3,3713610.1
6916,2779,160,1,286302.91
6917,2779,181,4,3547673.65
6918,2780,93,3,1643756.02
6919,2781,172,1,3678209.44
6920,2781,63,3,877093.0
6921,2781,108,4,29195.49
6922,2781,13,5,3550220.66
6923,2782,22,3,1723273.89
6924,2783,191,1,4779138.35
6925,2784,18,4,81203.91
6926,2785,108,1,29195.49
6927,2785,3,5,2367313.8
6928,2786,35,4,957210.08
6929,2787,144,2,4049256.5
6930,2787,147,3,1278953.6
6931,2787,184,4,4482608.11
6932,2788,154,2,1730668.78
6933,2788,117,2,693030.3
6934,2788,143,3,2874978.48
6935,2789,130,2,4809645.3
6936,2789,129,3,3531790.65
6937,2789,183,4,3290563.28
6938,2790,154,2,1730668.78
6939,2791,73,5,2365965.73
6940,2792,121,4,4470572.78
6941,2792,146,2,2540340.64
6942,2792,24,5,4173280.87
6943,2792,65,4,169238.61
6944,2793,73,1,2365965.73
6945,2793,174,2,1583517.39
6946,2793,62,1,4717807.15
6947,2793,40,4,2637374.59
6948,2794,169,4,1691462.85
6949,2794,105,3,3067166.51
6950,2795,200,2,3273005.03
6951,2795,133,3,4452329.5
6952,2796,138,2,2575498.97
6953,2796,86,4,3113852.32
6954,2796,68,2,3091168.8
6955,2796,152,3,1324731.62
6956,2797,11,1,2610536.36
6957,2798,6,4,568778.62
6958,2798,140,1,858353.11
6959,2799,78,4,2450345.99
6960,2800,82,1,537087.75
6961,2801,144,3,4049256.5
6962,2802,54,1,3203282.99
6963,2802,37,4,1375699.65
6964,2802,127,2,1364520.98
6965,2803,166,2,3400504.69
6966,2804,82,2,537087.75
6967,2804,108,4,29195.49
6968,2805,4,1,1662812.42
6969,2805,23,1,4164412.78
6970,2806,151,1,3304299.31
6971,2807,17,4,2813067.14
6972,2807,142,5,330553.37
6973,2808,187,1,3468801.92
6974,2809,137,5,3898172.49
6975,2809,12,2,2475209.66
6976,2809,45,3,3668894.31
6977,2810,17,5,2813067.14
6978,2810,86,2,3113852.32
6979,2810,140,5,858353.11
6980,2811,160,2,286302.91
6981,2812,68,2,3091168.8
6982,2813,107,4,1861883.9
6983,2813,109,4,570749.13
6984,2813,23,2,4164412.78
6985,2813,63,5,877093.0
6986,2814,132,1,2338058.23
6987,2815,36,4,3533699.27
6988,2815,173,5,2611762.8
6989,2816,90,5,2734021.23
6990,2817,200,3,3273005.03
6991,2817,118,4,741379.54
6992,2817,179,1,3106501.19
6993,2818,184,1,4482608.11
6994,2818,57,1,3363842.11
6995,2818,19,3,1290727.17
6996,2819,173,2,2611762.8
6997,2819,200,1,3273005.03
6998,2820,128,5,191472.83
6999,2820,52,5,2614874.12
7000,2820,155,3,2987831.86
7001,2820,115,2,4203814.37
7002,2821,143,5,2874978.48
7003,2822,192,3,2216859.79
7004,2823,171,5,2319015.25
7005,2823,109,2,570749.13
7006,2824,105,1,3067166.51
7007,2824,188,1,1305249.56
7008,2824,92,4,593756.23
7009,2824,166,4,3400504.69
7010,2825,123,4,2135020.31
7011,2825,177,4,1773794.19
7012,2825,26,4,2420440.23
7013,2825,131,2,3657672.71
7014,2826,105,4,3067166.51
7015,2826,61,5,2758094.14
7016,2827,7,4,4936266.59
7017,2827,23,2,4164412.78
7018,2827,187,4,3468801.92
7019,2828,45,4,3668894.31
7020,2828,152,4,1324731.62
7021,2828,41,4,1886723.06
7022,2828,48,4,1045805.87
7023,2829,146,2,2540340.64
7024,2830,165,2,4637932.07
7025,2830,102,2,2862125.13
7026,2830,22,5,1723273.89
7027,2830,84,5,3967343.92
7028,2831,119,3,4875500.76
7029,2832,82,5,537087.75
7030,2832,145,1,1451907.88
7031,2833,83,5,1646201.9
7032,2833,88,4,1720052.94
7033,2834,120,5,707670.83
7034,2834,39,4,4151550.91
7035,2834,112,4,2045012.46
7036,2834,83,3,1646201.9
7037,2835,141,2,3641684.28
7038,2836,190,3,1958237.38
7039,2836,137,1,3898172.49
7040,2836,7,1,4936266.59
7041,2837,32,1,354409.88
7042,2837,198,4,2867439.19
7043,2837,113,3,3320875.61
7044,2838,142,1,330553.37
7045,2838,150,2,4552904.16
7046,2838,49,5,1953251.37
7047,2838,147,3,1278953.6
7048,2839,90,1,2734021.23
7049,2839,24,1,4173280.87
7050,2839,137,3,3898172.49
7051,2839,113,5,3320875.61
7052,2840,11,1,2610536.36
7053,2840,15,1,3693905.17
7054,2840,167,5,509387.5
7055,2840,93,2,1643756.02
7056,2841,70,2,415764.4
7057,2841,153,5,2437469.61
7058,2841,181,4,3547673.65
7059,2842,90,2,2734021.23
7060,2842,164,1,4354631.74
7061,2842,119,2,4875500.76
7062,2842,13,5,3550220.66
7063,2843,5,1,1068980.71
7064,2843,32,2,354409.88
7065,2844,163,5,2386083.16
7066,2844,4,4,1662812.42
7067,2844,17,1,2813067.14
7068,2845,71,1,2849751.78
7069,2845,44,4,791536.94
7070,2845,147,5,1278953.6
7071,2845,194,3,564441.58
7072,2846,47,2,4115139.13
7073,2846,42,2,4568935.38
7074,2847,155,5,2987831.86
7075,2847,54,1,3203282.99
7076,2847,31,4,2897553.27
7077,2847,163,2,2386083.16
7078,2848,4,4,1662812.42
7079,2849,6,3,568778.62
7080,2849,35,2,957210.08
7081,2850,167,3,509387.5
7082,2850,182,5,4285793.1
7083,2850,109,4,570749.13
7084,2850,36,3,3533699.27
7085,2851,121,3,4470572.78
7086,2851,189,1,1404505.22
7087,2852,127,3,1364520.98
7088,2852,177,3,1773794.19
7089,2852,24,4,4173280.87
7090,2853,105,4,3067166.51
7091,2853,174,3,1583517.39
7092,2853,199,1,118354.85
7093,2854,139,3,2119555.13
7094,2854,127,3,1364520.98
7095,2854,54,3,3203282.99
7096,2854,93,2,1643756.02
7097,2855,85,3,2019061.96
7098,2855,186,4,3202933.03
7099,2855,17,4,2813067.14
7100,2856,91,3,3321495.98
7101,2856,132,5,2338058.23
7102,2856,51,2,1683116.52
7103,2856,171,3,2319015.25
7104,2857,170,5,1295336.0
7105,2857,91,4,3321495.98
7106,2858,107,2,1861883.9
7107,2858,127,4,1364520.98
7108,2859,77,2,3949174.06
7109,2859,133,1,4452329.5
7110,2859,81,4,3032090.15
7111,2859,62,4,4717807.15
7112,2860,135,5,3428268.25
7113,2860,121,5,4470572.78
7114,2860,2,3,4220465.41
7115,2861,41,4,1886723.06
7116,2861,198,5,2867439.19
7117,2862,169,3,1691462.85
7118,2862,167,3,509387.5
7119,2863,187,5,3468801.92
7120,2863,111,3,3135441.16
7121,2864,92,1,593756.23
7122,2865,82,1,537087.75
7123,2865,16,5,2084854.67
7124,2865,93,2,1643756.02
7125,2866,103,1,4594545.57
7126,2866,119,1,4875500.76
7127,2866,43,4,149050.5
7128,2867,72,5,508883.41
7129,2867,45,2,3668894.31
7130,2868,179,4,3106501.19
7131,2869,59,5,4792532.82
7132,2869,190,3,1958237.38
7133,2869,126,3,4237849.34
7134,2869,37,3,1375699.65
7135,2870,62,5,4717807.15
7136,2871,17,4,2813067.14
7137,2872,86,3,3113852.32
7138,2872,144,1,4049256.5
7139,2873,10,1,4637349.21
7140,2873,174,3,1583517.39
7141,2873,34,3,3141891.47
7142,2874,169,2,1691462.85
7143,2875,80,2,4232687.16
7144,2876,59,4,4792532.82
7145,2876,17,5,2813067.14
7146,2876,36,3,3533699.27
7147,2877,58,4,808542.67
7148,2877,193,5,3061251.88
7149,2878,49,1,1953251.37
7150,2878,21,1,3840987.19
7151,2878,185,2,1285345.3
7152,2879,169,5,1691462.85
7153,2879,91,1,3321495.98
7154,2880,43,2,149050.5
7155,2880,103,4,4594545.57
7156,2880,92,3,593756.23
7157,2881,142,4,330553.37
7158,2881,112,2,2045012.46
7159,2882,29,5,4179651.04
7160,2882,178,3,1278183.13
7161,2882,14,4,613080.49
7162,2883,136,5,3074869.59
7163,2883,50,3,45446.6
7164,2884,75,3,4566486.51
7165,2884,88,4,1720052.94
7166,2884,21,1,3840987.19
7167,2885,150,2,4552904.16
7168,2886,25,3,4582911.19
7169,2886,21,3,3840987.19
7170,2886,123,3,2135020.31
7171,2887,194,4,564441.58
7172,2887,176,1,511051.33
7173,2887,57,4,3363842.11
7174,2888,122,5,3125661.2
7175,2888,48,1,1045805.87
7176,2889,117,3,693030.3
7177,2889,52,4,2614874.12
7178,2889,64,1,2714371.08
7179,2889,114,2,961428.52
7180,2890,171,3,2319015.25
7181,2891,96,2,1653856.01
7182,2891,109,4,570749.13
7183,2891,185,3,1285345.3
7184,2891,196,1,4565230.88
7185,2892,193,1,3061251.88
7186,2892,109,5,570749.13
7187,2893,135,4,3428268.25
7188,2893,31,4,2897553.27
7189,2893,131,2,3657672.71
7190,2894,151,5,3304299.31
7191,2895,109,5,570749.13
7192,2896,22,4,1723273.89
7193,2896,155,2,2987831.86
7194,2897,61,5,2758094.14
7195,2898,19,4,1290727.17
7196,2898,112,1,2045012.46
7197,2898,191,3,4779138.35
7198,2899,9,5,2638821.35
7199,2899,183,5,3290563.28
7200,2899,85,5,2019061.96
7201,2900,33,4,4207677.29
7202,2900,174,4,1583517.39
7203,2901,174,2,1583517.39
7204,2901,26,2,2420440.23
7205,2902,59,5,4792532.82
7206,2902,199,5,118354.85
7207,2902,136,1,3074869.59
7208,2903,129,3,3531790.65
7209,2903,89,2,3926962.03
7210,2903,24,1,4173280.87
7211,2904,95,2,3001339.43
7212,2904,156,4,3769987.45
7213,2905,94,2,901465.66
7214,2905,12,5,2475209.66
7215,2905,174,2,1583517.39
7216,2906,28,3,2325788.62
7217,2906,64,2,2714371.08
7218,2907,93,4,1643756.02
7219,2907,197,4,538853.4
7220,2907,95,2,3001339.43
7221,2907,114,5,961428.52
7222,2908,29,3,4179651.04
7223,2909,152,3,1324731.62
7224,2909,7,3,4936266.59
7225,2909,192,2,2216859.79
7226,2910,134,2,2375446.57
7227,2911,64,3,2714371.08
7228,2911,112,2,2045012.46
7229,2911,158,1,1074012.32
7230,2912,176,2,511051.33
7231,2913,124,1,1792653.47
7232,2913,31,3,2897553.27
7233,2913,174,1,1583517.39
7234,2913,165,4,4637932.07
7235,2914,175,1,4162655.26
7236,2914,150,4,4552904.16
7237,2915,100,1,3087471.53
7238,2915,87,4,4870111.36
7239,2916,42,1,4568935.38
7240,2916,131,4,3657672.71
7241,2917,176,1,511051.33
7242,2917,158,1,1074012.32
7243,2918,59,1,4792532.82
7244,2918,159,5,295270.79
7245,2918,40,5,2637374.59
7246,2918,41,2,1886723.06
7247,2919,146,2,2540340.64
7248,2919,20,4,1518912.87
7249,2919,83,4,1646201.9
7250,2919,114,4,961428.52
7251,2920,198,1,2867439.19
7252,2921,36,4,3533699.27
7253,2921,145,4,1451907.88
7254,2921,132,1,2338058.23
7255,2922,165,5,4637932.07
7256,2922,75,1,4566486.51
7257,2922,89,3,3926962.03
7258,2922,153,2,2437469.61
7259,2923,66,3,551986.42
7260,2924,14,1,613080.49
7261,2924,3,2,2367313.8
7262,2924,46,4,3883277.72
7263,2925,144,5,4049256.5
7264,2925,127,5,1364520.98
7265,2926,55,3,1022763.67
7266,2927,15,3,3693905.17
7267,2927,44,5,791536.94
7268,2927,153,4,2437469.61
7269,2928,195,1,1111472.83
7270,2928,102,3,2862125.13
7271,2928,13,1,3550220.66
7272,2928,61,5,2758094.14
7273,2929,70,4,415764.4
7274,2929,105,3,3067166.51
7275,2930,161,2,2394253.91
7276,2930,18,2,81203.91
7277,2930,138,4,2575498.97
7278,2931,12,1,2475209.66
7279,2932,141,2,3641684.28
7280,2932,171,4,2319015.25
7281,2933,19,3,1290727.17
7282,2933,13,1,3550220.66
7283,2934,63,4,877093.0
7284,2934,72,1,508883.41
7285,2935,140,3,858353.11
7286,2936,39,1,4151550.91
7287,2936,1,2,4105817.09
7288,2937,93,2,1643756.02
7289,2937,61,1,2758094.14
7290,2938,176,1,511051.33
7291,2938,188,4,1305249.56
7292,2939,186,4,3202933.03
7293,2940,107,2,1861883.9
7294,2940,3,5,2367313.8
7295,2941,167,4,509387.5
7296,2942,189,5,1404505.22
7297,2942,98,1,3791461.64
7298,2943,192,3,2216859.79
7299,2943,131,4,3657672.71
7300,2943,152,4,1324731.62
7301,2943,181,4,3547673.65
7302,2944,12,1,2475209.66
7303,2944,11,3,2610536.36
7304,2945,21,1,3840987.19
7305,2945,66,1,551986.42
7306,2946,3,2,2367313.8
7307,2946,117,3,693030.3
7308,2946,30,5,2787006.61
7309,2946,112,3,2045012.46
7310,2947,168,5,4782013.69
7311,2948,27,4,4462990.18
7312,2948,47,1,4115139.13
7313,2948,56,5,2673072.13
7314,2949,21,5,3840987.19
7315,2949,196,1,4565230.88
7316,2949,29,5,4179651.04
7317,2950,165,3,4637932.07
7318,2950,78,3,2450345.99
7319,2950,93,4,1643756.02
7320,2951,37,3,1375699.65
7321,2951,158,4,1074012.32
7322,2951,102,1,2862125.13
7323,2951,89,5,3926962.03
7324,2952,117,4,693030.3
7325,2952,110,1,1195324.82
7326,2953,113,1,3320875.61
7327,2953,115,5,4203814.37
7328,2954,193,5,3061251.88
7329,2954,37,3,1375699.65
7330,2954,109,4,570749.13
7331,2954,62,1,4717807.15
7332,2955,190,4,1958237.38
7333,2955,103,4,4594545.57
7334,2956,7,3,4936266.59
7335,2956,96,4,1653856.01
7336,2957,118,2,741379.54
7337,2957,26,5,2420440.23
7338,2958,192,2,2216859.79
7339,2958,74,2,4308953.98
7340,2958,12,3,2475209.66
7341,2958,43,4,149050.5
7342,2959,78,3,2450345.99
7343,2960,98,2,3791461.64
7344,2960,46,2,3883277.72
7345,2960,127,1,1364520.98
7346,2960,109,3,570749.13
7347,2961,19,4,1290727.17
7348,2962,200,2,3273005.03
7349,2962,25,1,4582911.19
7350,2962,176,3,511051.33
7351,2962,77,2,3949174.06
7352,2963,131,5,3657672.71
7353,2963,59,4,4792532.82
7354,2963,29,5,4179651.04
7355,2964,54,1,3203282.99
7356,2964,107,3,1861883.9
7357,2964,68,4,3091168.8
7358,2964,123,3,2135020.31
7359,2965,138,5,2575498.97
7360,2965,145,4,1451907.88
7361,2965,100,1,3087471.53
7362,2965,152,2,1324731.62
7363,2966,142,1,330553.37
7364,2966,144,1,4049256.5
7365,2966,200,3,3273005.03
7366,2966,60,5,534317.08
7367,2967,125,5,3032751.96
7368,2967,175,2,4162655.26
7369,2968,187,3,3468801.92
7370,2968,59,5,4792532.82
7371,2968,177,2,1773794.19
7372,2968,21,2,3840987.19
7373,2969,170,2,1295336.0
7374,2970,15,2,3693905.17
7375,2970,99,3,2278547.74
7376,2970,85,1,2019061.96
7377,2970,154,1,1730668.78
7378,2971,13,2,3550220.66
7379,2971,97,5,475401.7
7380,2971,191,1,4779138.35
7381,2972,140,4,858353.11
7382,2973,33,2,4207677.29
7383,2973,132,3,2338058.23
7384,2974,32,1,354409.88
7385,2974,133,5,4452329.5
7386,2974,50,1,45446.6
7387,2974,6,4,568778.62
7388,2975,167,4,509387.5
7389,2975,14,5,613080.49
7390,2975,123,5,2135020.31
7391,2975,86,5,3113852.32
7392,2976,148,5,1394205.15
7393,2976,123,5,2135020.31
7394,2976,73,4,2365965.73
7395,2977,81,2,3032090.15
7396,2978,28,1,2325788.62
7397,2978,126,1,4237849.34
7398,2979,140,4,858353.11
7399,2979,105,3,3067166.51
7400,2979,86,5,3113852.32
7401,2980,142,5,330553.37
7402,2981,3,4,2367313.8
7403,2982,127,2,1364520.98
7404,2983,105,4,3067166.51
7405,2983,63,2,877093.0
7406,2983,25,1,4582911.19
7407,2984,153,3,2437469.61
7408,2984,119,3,4875500.76
7409,2985,46,1,3883277.72
7410,2985,191,4,4779138.35
7411,2985,193,5,3061251.88
7412,2985,107,3,1861883.9
7413,2986,56,1,2673072.13
7414,2986,125,1,3032751.96
7415,2986,144,5,4049256.5
7416,2986,130,2,4809645.3
7417,2987,101,5,1048166.87
7418,2988,179,1,3106501.19
7419,2988,13,2,3550220.66
7420,2989,128,1,191472.83
7421,2990,127,2,1364520.98
7422,2990,90,1,2734021.23
7423,2990,49,4,1953251.37
7424,2990,175,2,4162655.26
7425,2991,108,2,29195.49
7426,2991,31,1,2897553.27
7427,2992,158,5,1074012.32
7428,2992,135,1,3428268.25
7429,2992,85,1,2019061.96
7430,2992,69,3,4091773.85
7431,2993,63,4,877093.0
7432,2994,154,3,1730668.78
7433,2994,92,3,593756.23
7434,2995,129,4,3531790.65
7435,2995,58,2,808542.67
7436,2995,88,5,1720052.94
7437,2996,40,4,2637374.59
7438,2997,188,2,1305249.56
7439,2997,56,2,2673072.13
7440,2997,155,3,2987831.86
7441,2998,28,1,2325788.62
7442,2998,113,5,3320875.61
7443,2998,70,2,415764.4
7444,2999,143,3,2874978.48
7445,2999,18,4,81203.91
7446,2999,162,4,1187465.03
7447,3000,28,2,2325788.62
7448,3000,181,2,3547673.65
