order_id,customer_id,order_date,status,total_amount
1,400,2025-12-07,completed,25835378.79
2,717,2025-03-19,completed,2787006.61
3,589,2025-07-20,completed,19430842.18
4,725,2025-09-21,failed,1077706.8
5,490,2025-09-09,completed,8019216.39
6,865,2025-07-26,pending,22817566.79
7,554,2025-02-05,completed,42325484.0
8,394,2025-01-02,pending,4738031.54
9,125,2025-09-04,cancelled,22830004.87
10,958,2025-10-02,completed,27641955.6
11,699,2025-06-20,completed,18211616.64
12,57,2025-07-25,pending,15312360.5
13,93,2025-11-28,completed,40833745.06
14,874,2025-10-01,completed,21095614.81
15,862,2025-02-11,completed,38231950.78
16,664,2025-05-29,completed,11147393.03
17,568,2025-04-01,completed,3562395.09
18,677,2025-07-16,completed,7546892.24
19,713,2025-06-03,completed,35880433.25
20,646,2025-02-24,pending,23751342.41
21,499,2025-07-03,completed,35958970.39
22,449,2025-11-20,pending,40531082.13
23,144,2025-04-08,completed,30444686.25
24,26,2025-04-09,pending,24620809.52
25,245,2025-10-31,completed,10721010.41
26,65,2025-07-19,failed,8465374.32
27,659,2025-10-04,completed,6125744.29
28,547,2025-09-13,failed,13457028.92
29,990,2025-08-19,completed,11169215.86
30,348,2025-01-19,completed,14720026.94
31,807,2025-06-22,pending,4270040.62
32,416,2025-01-22,completed,33189643.6
33,827,2025-04-19,pending,34516074.0
34,536,2025-12-08,completed,22385954.28
35,892,2025-12-14,failed,32286665.93
36,153,2025-10-02,pending,19189808.06
37,239,2025-10-24,completed,42682486.31
38,754,2025-01-19,completed,6801009.38
39,670,2025-09-08,completed,4097975.57
40,929,2025-08-30,cancelled,36007057.02
41,249,2025-01-24,pending,26394611.56
42,134,2025-11-29,completed,8586668.32
43,648,2025-03-30,completed,25706802.03
44,841,2025-06-07,failed,20552672.46
45,468,2025-02-19,cancelled,27217175.06
46,856,2025-03-29,cancelled,35907071.68
47,838,2025-02-02,failed,11951327.44
48,117,2025-02-24,completed,35319010.93
49,819,2025-11-01,cancelled,15533110.88
50,65,2025-04-23,failed,47935807.9
51,437,2025-04-14,completed,34561099.08
52,412,2025-12-14,completed,17886873.64
53,1000,2025-03-03,pending,21756236.7
54,559,2025-10-22,completed,14616087.19
55,857,2025-06-14,failed,35581492.35
56,783,2025-04-20,completed,29091397.44
57,178,2025-10-31,completed,34678551.61
58,124,2025-02-02,completed,27138937.71
59,776,2025-03-14,completed,40059966.93
60,714,2025-03-28,completed,4424805.47
61,169,2025-10-11,completed,227233.0
62,948,2025-05-05,cancelled,16737812.82
63,137,2025-01-21,completed,19838942.26
64,628,2025-11-20,completed,37322210.33
65,17,2025-03-22,completed,17320660.25
66,7,2025-02-11,completed,31857876.37
67,949,2025-04-02,completed,16291522.86
68,668,2025-12-28,cancelled,3626365.53
69,427,2025-05-26,pending,29353086.46
70,709,2025-09-01,completed,5160158.82
71,147,2025-04-16,pending,27856664.02
72,536,2025-05-19,completed,20185174.52
73,245,2025-07-30,completed,6476680.0
74,709,2025-11-09,completed,4749860.12
75,185,2025-11-02,pending,24876797.79
76,627,2025-09-13,completed,25251785.29
77,847,2025-11-18,failed,14717498.47
78,357,2025-06-04,completed,40687635.56
79,572,2025-01-03,completed,4245389.15
80,121,2025-04-09,cancelled,23539860.21
81,634,2025-02-18,completed,33898038.4
82,520,2025-10-04,completed,6957045.75
83,789,2025-08-26,pending,24676204.91
84,214,2025-12-04,completed,26139315.47
85,199,2025-01-28,completed,33134017.28
86,702,2025-03-18,failed,29917828.6
87,510,2025-08-31,completed,8653343.9
88,687,2025-03-23,completed,28523801.96
89,661,2025-01-28,completed,34824150.13
90,215,2025-05-26,completed,15189565.22
91,343,2025-05-09,cancelled,18812835.4
92,45,2025-08-21,completed,9131717.02
93,948,2025-01-27,cancelled,17693134.26
94,162,2025-04-01,failed,8963495.58
95,497,2025-01-15,cancelled,5752593.76
96,73,2025-03-01,completed,16650621.04
97,607,2025-08-16,cancelled,32726220.77
98,430,2025-06-16,completed,13283502.44
99,920,2025-12-13,completed,18265946.04
100,798,2025-04-28,completed,3605862.64
101,234,2025-06-16,completed,18597648.92
102,756,2025-05-02,completed,31347356.76
103,385,2025-04-13,completed,13856417.59
104,483,2025-02-07,cancelled,38263054.96
105,56,2025-09-06,completed,49931102.16
106,222,2025-03-16,cancelled,2222945.66
107,183,2025-08-21,completed,10993354.53
108,140,2025-07-11,completed,15868118.26
109,648,2025-04-10,completed,22599861.38
110,208,2025-05-19,completed,28779409.33
111,33,2025-03-07,pending,13816249.46
112,62,2025-10-19,completed,18647149.74
113,114,2025-03-11,failed,21484965.36
114,470,2025-08-27,completed,29716581.96
115,779,2025-03-29,completed,5584115.11
116,908,2025-04-23,completed,10492977.56
117,161,2025-11-06,failed,1018775.0
118,976,2025-11-23,cancelled,8979051.81
119,592,2025-03-29,cancelled,10177526.66
120,89,2025-04-28,completed,10095309.8
121,501,2025-09-25,failed,2078822.0
122,606,2025-04-21,completed,14775620.68
123,286,2025-08-25,completed,2858158.84
124,754,2025-08-08,failed,16060392.98
125,254,2025-05-07,completed,11309962.35
126,594,2025-08-11,completed,23497814.42
127,969,2025-10-30,completed,44148788.39
128,920,2025-10-21,completed,24650262.41
129,46,2025-08-02,completed,961428.52
130,752,2025-08-29,failed,33859552.64
131,35,2025-09-16,completed,14854440.4
132,404,2025-09-29,completed,5141381.2
133,842,2025-12-23,completed,26065829.19
134,508,2025-08-20,completed,676954.44
135,572,2025-02-12,failed,25563998.97
136,710,2025-01-07,pending,34174377.97
137,973,2025-07-28,completed,24479368.82
138,368,2025-03-09,completed,30200582.93
139,664,2025-05-03,completed,34300436.34
140,492,2025-01-09,pending,12306865.11
141,166,2025-06-06,pending,6873657.68
142,879,2025-08-24,cancelled,32116326.07
143,25,2025-10-26,completed,10393195.6
144,791,2025-08-26,completed,1259493.2
145,416,2025-12-27,completed,6303585.02
146,642,2025-07-09,completed,37898652.11
147,649,2025-12-27,completed,23928809.94
148,73,2025-11-18,completed,9772999.96
149,341,2025-12-20,cancelled,21818451.77
150,304,2025-01-17,completed,36877238.62
151,715,2025-05-19,cancelled,23639656.86
152,590,2025-10-05,failed,23137985.9
153,807,2025-04-17,pending,36958594.9
154,636,2025-02-11,completed,45049305.77
155,528,2025-01-29,pending,34701630.13
156,910,2025-07-06,completed,24419844.67
157,393,2025-02-26,completed,6641751.22
158,634,2025-08-27,completed,30954780.75
159,376,2025-07-07,completed,14081227.86
160,573,2025-11-28,pending,20034795.68
161,575,2025-02-04,pending,27538269.98
162,142,2025-04-15,completed,3533699.27
163,553,2025-05-03,completed,34653171.01
164,490,2025-11-29,pending,5807631.52
165,893,2025-10-25,pending,14428935.9
166,772,2025-04-18,pending,21715515.64
167,329,2025-04-26,completed,7796344.98
168,516,2025-05-17,pending,5115814.4
169,284,2025-08-05,completed,16117189.03
170,382,2025-02-02,completed,27770308.13
171,498,2025-08-20,cancelled,18939010.91
172,850,2025-09-27,completed,10681711.38
173,727,2025-08-29,cancelled,29588405.43
174,846,2025-12-14,cancelled,49676363.18
175,463,2025-05-30,cancelled,18899830.7
176,820,2025-07-08,pending,36783534.1
177,829,2025-12-21,completed,6546010.06
178,914,2025-04-07,completed,14161275.96
179,83,2025-02-14,completed,11526662.22
180,296,2025-04-02,completed,14134797.08
181,169,2025-02-25,completed,475401.7
182,714,2025-02-27,completed,40591066.39
183,155,2025-09-12,failed,14884553.15
184,534,2025-04-15,pending,8346561.74
185,301,2025-01-12,completed,9137870.76
186,555,2025-12-16,completed,21189246.7
187,356,2025-08-31,completed,7369778.98
188,756,2025-08-16,pending,8000638.7
189,299,2025-01-11,completed,15165846.56
190,23,2025-02-02,failed,29103066.53
191,855,2025-04-29,cancelled,2037550.0
192,344,2025-11-27,completed,19795307.13
193,352,2025-10-24,pending,14740384.76
194,806,2025-11-27,completed,15412980.21
195,608,2025-09-06,pending,4874939.22
196,543,2025-12-23,failed,8212562.98
197,456,2025-10-08,completed,21359311.73
198,581,2025-06-05,completed,4568935.38
199,176,2025-06-06,failed,34111564.21
200,233,2025-05-14,completed,14808799.77
201,995,2025-07-10,completed,4470572.78
202,152,2025-01-25,completed,25236671.19
203,467,2025-05-26,completed,9148043.75
204,947,2025-11-13,completed,4202476.36
205,549,2025-12-31,completed,31598546.82
206,997,2025-04-04,completed,46693411.51
207,710,2025-12-29,pending,16923762.58
208,166,2025-03-20,completed,2500005.52
209,43,2025-03-01,completed,25023062.02
210,130,2025-10-22,completed,64197516.5
211,379,2025-05-14,completed,21806253.57
212,576,2025-04-16,pending,8867439.16
213,682,2025-01-18,completed,3366233.04
214,152,2025-06-26,completed,1375699.65
215,553,2025-08-18,completed,16568931.27
216,309,2025-10-01,completed,37272628.77
217,415,2025-01-13,completed,23814201.69
218,971,2025-03-16,completed,13823367.34
219,160,2025-06-13,completed,11034628.32
220,1000,2025-10-07,cancelled,9711045.08
221,663,2025-06-19,pending,19170131.28
222,486,2025-06-01,completed,14487766.35
223,683,2025-10-21,completed,35471622.83
224,747,2025-10-17,completed,9619290.6
225,706,2025-06-23,completed,22600157.1
226,922,2025-09-03,completed,10334408.99
227,695,2025-03-13,cancelled,24017390.68
228,316,2025-03-01,completed,25654156.76
229,633,2025-07-25,failed,28535544.31
230,457,2025-04-23,completed,46009441.58
231,335,2025-02-17,completed,8582460.37
232,657,2025-11-08,completed,18530453.02
233,540,2025-10-26,completed,34431245.6
234,201,2025-05-23,completed,15026780.52
235,552,2025-02-12,failed,24053443.66
236,694,2025-08-17,pending,28050133.83
237,1000,2025-02-14,cancelled,14337195.95
238,200,2025-07-21,completed,39412071.37
239,618,2025-06-12,cancelled,5565506.25
240,967,2025-09-19,completed,11374384.92
241,370,2025-12-08,completed,9577015.64
242,734,2025-03-17,failed,35548729.31
243,379,2025-08-07,completed,20822063.9
244,13,2025-07-10,completed,29511810.58
245,360,2025-06-26,completed,8602317.57
246,896,2025-08-17,cancelled,28899260.92
247,221,2025-02-14,pending,22320921.55
248,760,2025-08-16,completed,31191384.04
249,296,2025-08-15,completed,47307958.4
250,747,2025-08-06,completed,1394205.15
251,856,2025-03-13,cancelled,9130461.76
252,89,2025-11-03,completed,46158274.1
253,311,2025-04-17,completed,15707848.12
254,344,2025-09-26,completed,39738687.24
255,775,2025-10-30,completed,15996264.8
256,7,2025-02-15,completed,33823152.07
257,937,2025-11-24,completed,24549610.34
258,180,2025-08-01,cancelled,29135279.7
259,728,2025-08-25,cancelled,27308810.8
260,205,2025-03-12,completed,9341556.96
261,297,2025-07-15,cancelled,1123700.86
262,44,2025-09-09,failed,20656232.82
263,855,2025-06-04,cancelled,26814648.03
264,506,2025-06-05,cancelled,9766256.85
265,230,2025-08-26,completed,61498934.56
266,158,2025-01-02,completed,3452666.71
267,979,2025-06-03,pending,20866404.35
268,484,2025-11-22,completed,49991334.64
269,682,2025-12-01,completed,36384228.98
270,184,2025-08-02,completed,28550188.38
271,661,2025-12-19,completed,5125457.34
272,123,2025-01-15,failed,6831207.58
273,505,2025-05-22,completed,32489166.51
274,764,2025-11-03,completed,29495230.93
275,493,2025-10-25,cancelled,13318698.47
276,890,2025-08-12,completed,27060816.65
277,703,2025-11-18,completed,42379871.26
278,838,2025-12-22,completed,37913195.48
279,525,2025-07-11,pending,32194909.51
280,18,2025-10-22,failed,27926501.38
281,167,2025-05-13,cancelled,44283816.11
282,150,2025-01-30,completed,39104629.48
283,900,2025-08-25,pending,19467716.91
284,366,2025-03-11,completed,17313259.4
285,280,2025-01-28,completed,19318419.27
286,652,2025-08-03,completed,1074012.32
287,297,2025-01-25,completed,32483673.06
288,655,2025-09-29,completed,2037550.0
289,199,2025-09-21,failed,2019061.96
290,188,2025-11-18,failed,24758445.25
291,614,2025-02-18,failed,26847381.52
292,557,2025-03-27,completed,42078989.48
293,847,2025-06-11,failed,3137417.61
294,820,2025-12-17,completed,31329062.19
295,702,2025-05-19,pending,12868444.56
296,372,2025-12-19,completed,791536.94
297,594,2025-10-01,completed,12661396.23
298,14,2025-03-15,completed,11893928.06
299,289,2025-09-23,completed,34412383.81
300,422,2025-09-06,completed,24380119.47
301,105,2025-03-25,completed,6956734.29
302,516,2025-03-21,completed,12698061.48
303,815,2025-04-07,cancelled,5468042.46
304,707,2025-11-11,failed,5798244.61
305,867,2025-09-27,cancelled,29185710.84
306,565,2025-12-31,pending,20912913.19
307,428,2025-02-28,completed,26387011.66
308,120,2025-02-09,failed,593756.23
309,946,2025-03-09,completed,27659064.79
310,357,2025-09-03,completed,24003744.69
311,372,2025-12-20,completed,27842961.68
312,912,2025-08-15,cancelled,41019761.66
313,782,2025-09-25,completed,9838375.44
314,727,2025-03-30,completed,23755129.45
315,763,2025-01-15,failed,19798382.82
316,228,2025-03-02,completed,10650661.98
317,146,2025-12-22,pending,38524141.21
318,315,2025-04-27,completed,21332650.35
319,134,2025-04-18,completed,13382089.61
320,708,2025-08-06,failed,7506801.4
321,80,2025-02-27,completed,9900838.64
322,776,2025-09-05,completed,8108389.18
323,202,2025-01-22,completed,11459173.54
324,813,2025-01-17,pending,10842947.15
325,608,2025-09-20,completed,16796457.14
326,122,2025-08-29,completed,37480267.92
327,68,2025-01-23,completed,7447535.6
328,11,2025-12-08,failed,26696919.95
329,802,2025-02-19,completed,12426004.76
330,211,2025-11-05,cancelled,4364466.19
331,190,2025-04-13,pending,5574013.22
332,30,2025-06-29,completed,34711852.85
333,867,2025-03-16,pending,13492974.69
334,972,2025-05-23,cancelled,22407608.08
335,361,2025-06-28,completed,36358714.84
336,800,2025-09-14,pending,8359302.08
337,248,2025-11-10,cancelled,6174943.06
338,70,2025-10-19,completed,4565230.88
339,782,2025-10-24,completed,10431086.66
340,223,2025-09-28,pending,13148776.57
341,988,2025-04-09,completed,4819843.19
342,924,2025-03-29,failed,7912123.77
343,5,2025-10-03,pending,29573812.89
344,947,2025-02-20,completed,32466214.22
345,872,2025-09-16,pending,45914787.73
346,376,2025-09-01,pending,7768783.23
347,190,2025-10-29,completed,511051.33
348,981,2025-12-11,completed,24101389.39
349,855,2025-04-03,completed,9437031.69
350,435,2025-07-14,completed,32456275.2
351,234,2025-09-21,completed,2275114.48
352,780,2025-02-27,completed,30219372.51
353,478,2025-03-05,completed,23252135.64
354,140,2025-09-24,completed,20046745.88
355,722,2025-07-04,completed,10834288.95
356,740,2025-10-13,completed,20038239.48
357,336,2025-02-12,completed,52506840.68
358,395,2025-03-01,completed,33451634.51
359,615,2025-08-22,pending,15119546.65
360,704,2025-06-09,failed,22418398.15
361,232,2025-08-16,cancelled,35631892.66
362,298,2025-07-28,failed,24600035.32
363,194,2025-08-08,failed,23105583.37
364,917,2025-02-05,failed,31990910.94
365,962,2025-09-01,pending,11637098.7
366,184,2025-07-08,completed,27702168.97
367,504,2025-12-12,pending,11880979.13
368,406,2025-02-23,completed,2367313.8
369,675,2025-09-25,pending,15598254.5
370,123,2025-02-13,completed,17803193.16
371,411,2025-07-22,pending,45635452.3
372,105,2025-10-30,pending,13878354.88
373,67,2025-03-28,completed,22750022.39
374,347,2025-04-12,completed,10127250.9
375,865,2025-11-01,completed,31654178.09
376,239,2025-03-04,failed,19659150.58
377,743,2025-08-06,completed,14319338.0
378,784,2025-05-23,pending,16134503.86
379,608,2025-10-25,completed,26667407.94
380,966,2025-11-26,completed,7553721.33
381,488,2025-07-02,pending,5398118.47
382,973,2025-11-05,completed,34422573.95
383,524,2025-09-06,completed,15709457.35
384,787,2025-03-17,completed,7022526.1
385,126,2025-02-25,completed,9801383.96
386,510,2025-09-08,completed,21673752.76
387,966,2025-11-18,completed,24151921.35
388,102,2025-01-16,pending,43449275.06
389,851,2025-01-28,completed,34198314.57
390,695,2025-09-13,completed,1137557.24
391,392,2025-04-02,cancelled,877093.0
392,335,2025-12-14,completed,17373047.72
393,637,2025-06-05,cancelled,7437417.81
394,779,2025-02-19,completed,4213515.66
395,770,2025-12-05,cancelled,13186872.95
396,812,2025-09-10,completed,14926979.6
397,301,2025-04-14,pending,13399263.89
398,503,2025-09-12,cancelled,16423268.36
399,556,2025-05-14,completed,17404165.63
400,560,2025-10-04,completed,15908541.22
401,441,2025-01-17,completed,26661817.88
402,461,2025-07-16,completed,32054272.95
403,454,2025-07-12,completed,5462502.33
404,34,2025-01-19,completed,4421286.96
405,676,2025-10-13,failed,30146076.52
406,906,2025-06-05,pending,23140092.19
407,504,2025-03-26,completed,11152485.82
408,320,2025-03-10,pending,8486936.07
409,500,2025-07-19,failed,4779138.35
410,583,2025-02-26,pending,27607715.84
411,676,2025-09-09,cancelled,27516788.19
412,553,2025-12-17,cancelled,52512481.49
413,488,2025-08-29,cancelled,14926785.84
414,519,2025-03-22,completed,57441820.8
415,270,2025-07-20,completed,10601097.81
416,995,2025-10-30,completed,28785691.13
417,693,2025-11-12,completed,21004716.89
418,329,2025-05-26,completed,28661286.99
419,605,2025-01-15,completed,33281566.3
420,858,2025-03-07,completed,14189953.56
421,829,2025-06-28,pending,22453036.47
422,28,2025-10-26,failed,29444969.47
423,350,2025-11-17,completed,21724852.94
424,439,2025-02-19,completed,13457265.6
425,422,2025-07-02,completed,12611443.11
426,678,2025-01-29,completed,36229349.38
427,241,2025-05-07,pending,16146037.79
428,607,2025-06-09,completed,24078428.74
429,68,2025-12-19,failed,18403305.24
430,118,2025-06-06,completed,37065544.59
431,21,2025-03-28,cancelled,12299478.36
432,39,2025-06-16,completed,34253694.55
433,885,2025-12-03,completed,13993485.78
434,528,2025-10-18,completed,7966792.15
435,21,2025-05-17,pending,18116271.49
436,603,2025-08-29,completed,36495708.57
437,387,2025-06-12,cancelled,20057298.57
438,331,2025-07-19,cancelled,5852823.57
439,828,2025-02-20,completed,4881282.39
440,708,2025-02-21,pending,23109789.67
441,345,2025-04-16,completed,8273837.35
442,831,2025-09-15,failed,19913508.18
443,348,2025-12-08,completed,14120575.22
444,307,2025-11-11,completed,1839241.47
445,207,2025-08-12,completed,27057327.32
446,868,2025-11-22,failed,30095935.13
447,861,2025-02-08,failed,6814456.42
448,220,2025-10-02,completed,5817607.11
449,49,2025-05-16,completed,13676873.5
450,412,2025-10-21,failed,1693324.74
451,640,2025-04-26,pending,35419292.51
452,735,2025-02-17,failed,26606346.93
453,98,2025-10-24,cancelled,9863983.55
454,280,2025-06-22,completed,27282940.92
455,821,2025-10-18,cancelled,9275864.14
456,438,2025-09-01,completed,19109072.33
457,815,2025-06-27,completed,24844743.5
458,844,2025-11-30,completed,33817626.31
459,824,2025-09-16,completed,13074370.6
460,680,2025-08-10,cancelled,6406565.98
461,205,2025-06-10,completed,60754777.97
462,258,2025-07-25,cancelled,46397295.04
463,465,2025-09-21,pending,28412872.25
464,185,2025-10-08,completed,17139811.24
465,721,2025-11-18,cancelled,34557654.65
466,591,2025-04-06,completed,10442145.44
467,677,2025-04-20,failed,9558276.7
468,275,2025-08-28,pending,8415099.77
469,829,2025-09-30,cancelled,29504257.31
470,958,2025-08-11,cancelled,15909284.72
471,62,2025-11-17,cancelled,20685687.54
472,374,2025-04-13,completed,21519599.98
473,247,2025-03-17,completed,15828360.2
474,784,2025-12-17,completed,295270.79
475,421,2025-08-11,completed,2849751.78
476,650,2025-02-02,completed,15858867.8
477,274,2025-07-31,failed,6002678.86
478,662,2025-05-27,completed,3670484.77
479,704,2025-05-12,cancelled,10936444.01
480,416,2025-05-01,completed,6535598.4
481,154,2025-02-28,completed,55709357.4
482,252,2025-01-15,failed,9107619.05
483,476,2025-06-08,completed,21944557.08
484,447,2025-10-14,completed,18549396.84
485,928,2025-11-28,completed,16437678.53
486,164,2025-04-14,completed,13835678.57
487,30,2025-03-11,completed,12806170.75
488,675,2025-05-23,cancelled,5807631.52
489,660,2025-04-01,failed,37581017.22
490,987,2025-01-22,pending,17372838.27
491,802,2025-09-06,completed,10556626.58
492,881,2025-01-29,completed,29519012.58
493,617,2025-06-10,completed,42541115.91
494,923,2025-02-02,completed,26698644.62
495,688,2025-07-06,pending,23405208.92
496,407,2025-02-16,failed,53172575.43
497,242,2025-03-13,completed,16692704.28
498,753,2025-10-20,cancelled,29195.49
499,535,2025-03-03,pending,2375446.57
500,973,2025-10-25,failed,2759932.1
501,258,2025-09-26,completed,25044843.42
502,244,2025-02-16,cancelled,11902031.76
503,792,2025-03-04,failed,24508130.99
504,338,2025-06-10,failed,26694391.1
505,755,2025-10-27,completed,26518857.64
506,958,2025-05-01,completed,12922083.59
507,148,2025-04-22,completed,1953251.37
508,220,2025-03-31,completed,6448775.07
509,419,2025-08-14,completed,6406565.98
510,58,2025-10-29,completed,243611.73
511,384,2025-10-01,pending,19015751.36
512,325,2025-02-27,cancelled,31894253.58
513,487,2025-08-05,pending,23748880.52
514,987,2025-05-07,completed,34574725.29
515,372,2025-03-16,completed,2853745.65
516,842,2025-07-08,completed,26027121.02
517,661,2025-01-11,cancelled,9376983.6
518,862,2025-01-18,pending,3446547.78
519,819,2025-12-06,completed,2772121.2
520,940,2025-12-20,failed,27093021.07
521,246,2025-12-10,completed,30613972.01
522,394,2025-10-10,completed,58740625.3
523,982,2025-11-24,pending,846193.05
524,925,2025-07-05,failed,15532505.95
525,125,2025-12-17,cancelled,49865645.58
526,879,2025-05-02,completed,23990831.5
527,9,2025-07-18,completed,6174943.06
528,309,2025-05-11,completed,37755000.79
529,305,2025-05-01,completed,27928832.01
530,938,2025-03-24,completed,13283502.44
531,325,2025-11-20,failed,27782722.53
532,417,2025-11-26,failed,116781.96
533,281,2025-01-18,failed,2035533.64
534,843,2025-02-11,failed,43609375.41
535,483,2025-09-09,pending,9328805.81
536,949,2025-07-31,failed,2557907.2
537,735,2025-06-20,completed,26093460.4
538,845,2025-02-21,completed,11441911.57
539,268,2025-12-24,cancelled,4049256.5
540,361,2025-02-03,completed,16621257.24
541,747,2025-11-05,failed,25418461.29
542,756,2025-10-08,completed,4900691.98
543,712,2025-08-21,completed,14385321.92
544,657,2025-01-27,pending,27059856.87
545,646,2025-04-05,completed,21210942.47
546,140,2025-11-25,completed,2903815.76
547,205,2025-07-25,pending,18760771.28
548,322,2025-06-06,cancelled,15359834.84
549,114,2025-02-12,completed,6584807.6
550,529,2025-05-08,pending,136339.8
551,782,2025-11-29,completed,40181649.72
552,703,2025-11-01,completed,27213802.26
553,463,2025-06-13,completed,20731875.73
554,267,2025-03-10,completed,7095347.3
555,608,2025-12-18,failed,9004018.29
556,819,2025-06-17,completed,33611250.35
557,87,2025-04-12,completed,51334414.47
558,187,2025-07-08,completed,23951018.22
559,968,2025-07-13,failed,20477197.95
560,230,2025-10-20,completed,22944491.48
561,946,2025-01-12,cancelled,10215477.75
562,627,2025-11-28,pending,25812397.78
563,929,2025-04-28,completed,13671502.09
564,204,2025-08-25,completed,17252781.56
565,873,2025-12-26,completed,31804724.0
566,411,2025-01-26,cancelled,9608799.09
567,615,2025-08-08,completed,3871855.46
568,92,2025-03-18,completed,22502967.86
569,970,2025-03-29,cancelled,9814264.15
570,15,2025-03-02,pending,27175953.17
571,446,2025-09-27,failed,14965562.83
572,848,2025-08-21,pending,43255657.3
573,122,2025-09-11,completed,7067398.54
574,196,2025-04-15,failed,1643756.02
575,295,2025-05-17,pending,243611.73
576,392,2025-09-11,completed,18208421.4
577,877,2025-08-09,completed,30775669.89
578,221,2025-11-04,failed,2367313.8
579,745,2025-05-25,pending,11699793.49
580,429,2025-04-07,completed,18295564.5
581,812,2025-07-29,completed,17773073.42
582,298,2025-01-15,completed,28946292.44
583,633,2025-05-01,completed,4568935.38
584,379,2025-05-08,cancelled,16648965.82
585,663,2025-12-17,completed,3900336.1
586,11,2025-02-13,completed,5160460.65
587,893,2025-03-10,completed,26495827.8
588,408,2025-12-21,pending,25045709.68
589,731,2025-04-19,completed,33179216.68
590,434,2025-12-29,pending,31636297.9
591,263,2025-11-02,completed,11840793.92
592,571,2025-02-18,completed,13821007.29
593,341,2025-01-27,completed,36861016.59
594,931,2025-08-30,completed,16896515.34
595,962,2025-11-07,pending,15826509.45
596,727,2025-11-03,pending,15437357.65
597,6,2025-01-24,completed,24015985.12
598,635,2025-09-16,completed,24321885.89
599,405,2025-06-04,pending,39316318.87
600,136,2025-07-09,cancelled,11374384.92
601,595,2025-01-22,completed,2222945.66
602,174,2025-05-14,cancelled,8571586.2
603,953,2025-09-10,completed,5370061.6
604,136,2025-08-28,completed,169238.61
605,728,2025-06-12,cancelled,37097639.48
606,146,2025-08-10,completed,20511931.48
607,321,2025-03-01,completed,534317.08
608,512,2025-03-07,failed,2557907.2
609,766,2025-05-24,completed,16795263.25
610,290,2025-08-09,completed,6278395.14
611,850,2025-11-10,failed,8183547.7
612,530,2025-05-16,completed,13092020.12
613,915,2025-08-12,completed,29055969.77
614,755,2025-06-11,completed,7934687.84
615,570,2025-03-19,failed,26386232.37
616,652,2025-12-03,failed,7696643.32
617,55,2025-08-14,completed,33003358.7
618,56,2025-03-18,completed,12014155.12
619,37,2025-04-04,completed,8124619.19
620,168,2025-05-14,pending,42152032.38
621,447,2025-08-28,completed,40327468.63
622,42,2025-09-11,completed,29708108.29
623,727,2025-07-02,cancelled,136839.3
624,469,2025-09-06,completed,38896050.12
625,867,2025-02-27,pending,19520047.37
626,127,2025-03-17,completed,4563444.32
627,209,2025-02-17,failed,6938241.98
628,185,2025-05-26,failed,18653521.3
629,768,2025-03-28,cancelled,25216325.06
630,577,2025-05-20,pending,1754186.0
631,218,2025-10-27,cancelled,10516748.22
632,539,2025-01-03,failed,10936084.92
633,185,2025-10-20,completed,40000272.8
634,253,2025-02-09,failed,28952741.33
635,694,2025-09-13,completed,16836828.75
636,27,2025-06-18,completed,39824060.42
637,697,2025-12-15,completed,16815257.48
638,383,2025-07-21,cancelled,20048967.26
639,858,2025-02-24,completed,36634015.13
640,30,2025-03-20,completed,60022206.85
641,851,2025-08-24,pending,7958792.68
642,492,2025-12-04,completed,7316630.18
643,979,2025-11-18,completed,14579167.22
644,674,2025-11-01,completed,10219753.54
645,994,2025-06-18,completed,16901676.94
646,638,2025-12-02,completed,11024701.32
647,971,2025-06-16,pending,19734352.0
648,133,2025-10-19,completed,41566102.26
649,821,2025-01-25,pending,31015972.29
650,331,2025-05-25,failed,32408352.55
651,762,2025-01-29,completed,11656316.25
652,975,2025-10-08,cancelled,33142848.45
653,95,2025-07-15,completed,16188144.22
654,183,2025-05-11,completed,18062373.71
655,92,2025-07-24,completed,54647299.7
656,167,2025-04-17,completed,27282243.33
657,292,2025-07-26,pending,38672401.8
658,158,2025-12-01,completed,36272050.51
659,503,2025-06-02,failed,35257473.53
660,754,2025-08-10,failed,30010725.98
661,926,2025-06-08,pending,30636025.01
662,135,2025-11-05,completed,6213002.38
663,99,2025-12-07,failed,16423268.36
664,525,2025-07-08,completed,10788094.29
665,457,2025-09-08,completed,17370160.79
666,275,2025-09-01,cancelled,29822310.24
667,434,2025-11-04,completed,90893.2
668,831,2025-08-05,completed,46126091.99
669,191,2025-11-11,completed,35858699.29
670,437,2025-11-19,completed,957364.15
671,526,2025-01-21,completed,11237657.11
672,693,2025-08-26,completed,31386351.91
673,703,2025-11-28,pending,40245733.02
674,954,2025-03-21,completed,26913972.16
675,645,2025-09-27,pending,23842285.16
676,86,2025-09-26,completed,4388317.44
677,448,2025-08-28,completed,41140119.54
678,308,2025-09-02,completed,25101046.32
679,701,2025-03-07,completed,23189660.35
680,536,2025-05-08,completed,20146964.47
681,583,2025-06-01,completed,30179042.57
682,79,2025-10-10,completed,39973983.24
683,111,2025-09-20,cancelled,20158541.53
684,423,2025-08-06,completed,38408076.63
685,677,2025-08-26,pending,18281170.45
686,833,2025-10-19,completed,22208313.77
687,261,2025-07-01,cancelled,25009878.21
688,788,2025-02-11,cancelled,23264645.54
689,117,2025-01-09,pending,32160204.33
690,474,2025-12-05,completed,29120442.45
691,864,2025-04-04,completed,38171615.05
692,86,2025-01-24,completed,24357333.25
693,305,2025-12-27,completed,33416643.62
694,742,2025-10-28,completed,51821411.85
695,461,2025-12-10,cancelled,10595371.95
696,350,2025-05-16,failed,957364.15
697,217,2025-04-06,completed,23376870.45
698,765,2025-02-10,cancelled,11032376.56
699,893,2025-05-13,pending,27752963.31
700,445,2025-02-24,cancelled,4038123.92
701,6,2025-01-10,completed,22623470.1
702,14,2025-03-01,completed,23267090.28
703,489,2025-12-02,completed,10681106.82
704,415,2025-12-21,failed,8211634.18
705,989,2025-12-03,pending,9819015.09
706,744,2025-11-05,completed,24843719.08
707,634,2025-06-05,failed,17658953.25
708,370,2025-11-12,pending,32178874.98
709,987,2025-12-11,pending,6642991.96
710,405,2025-12-12,failed,9617188.56
711,90,2025-06-04,completed,17376899.58
712,15,2025-03-11,completed,6969502.51
713,836,2025-02-27,completed,18451444.07
714,994,2025-12-23,completed,8558257.98
715,215,2025-01-14,completed,9558276.7
716,149,2025-11-29,pending,21797483.62
717,447,2025-05-04,failed,9974687.62
718,879,2025-11-17,failed,3836860.8
719,196,2025-10-03,completed,6957045.75
720,789,2025-06-04,completed,18673556.27
721,486,2025-03-17,completed,35101904.0
722,120,2025-01-12,completed,2649463.24
723,757,2025-03-20,pending,21550254.29
724,987,2025-08-16,completed,18781932.45
725,21,2025-08-30,failed,11081715.51
726,600,2025-08-19,completed,16719338.92
727,302,2025-04-14,cancelled,22845156.0
728,53,2025-07-20,completed,23593872.2
729,106,2025-01-05,pending,27447530.91
730,426,2025-08-10,failed,1643756.02
731,755,2025-09-11,cancelled,9273506.4
732,749,2025-11-02,cancelled,22678720.56
733,38,2025-05-29,completed,24899420.88
734,498,2025-07-24,cancelled,16452816.4
735,743,2025-10-30,cancelled,11045578.83
736,927,2025-12-14,failed,14298891.93
737,238,2025-09-07,pending,4988930.74
738,541,2025-02-01,completed,2135020.31
739,591,2025-08-05,completed,37061364.91
740,66,2025-10-11,completed,13909679.02
741,428,2025-11-28,completed,1187465.03
742,507,2025-03-01,cancelled,48092449.22
743,356,2025-11-27,completed,20813276.3
744,447,2025-12-24,completed,17255392.23
745,295,2025-03-24,pending,19846915.14
746,481,2025-04-09,completed,50930652.23
747,238,2025-08-13,cancelled,18171295.13
748,602,2025-04-23,pending,33099690.21
749,944,2025-06-23,cancelled,12065152.27
750,480,2025-12-03,completed,11802199.28
751,741,2025-05-31,pending,1305249.56
752,983,2025-07-19,completed,17338277.13
753,669,2025-12-11,pending,4241992.81
754,816,2025-07-04,completed,8604591.92
755,637,2025-03-24,completed,29402020.55
756,708,2025-05-25,pending,22325436.08
757,684,2025-02-14,completed,18363907.74
758,178,2025-03-08,completed,16922849.54
759,621,2025-03-22,completed,19423717.63
760,813,2025-02-21,completed,21433456.64
761,311,2025-09-10,completed,11358844.0
762,571,2025-04-18,completed,13217197.24
763,368,2025-01-10,completed,21502876.11
764,694,2025-07-02,completed,19110891.73
765,848,2025-03-31,failed,19667522.68
766,33,2025-09-15,failed,32997822.37
767,346,2025-02-02,completed,17793349.24
768,633,2025-02-28,completed,14065335.7
769,576,2025-03-03,completed,14153421.45
770,265,2025-09-07,completed,25598720.1
771,788,2025-07-01,completed,12162742.38
772,274,2025-10-13,completed,18713268.78
773,895,2025-12-20,cancelled,10140627.45
774,686,2025-11-06,completed,31364800.53
775,52,2025-12-28,completed,39438624.79
776,986,2025-08-23,failed,22609842.51
777,999,2025-02-26,completed,14750578.88
778,625,2025-11-09,failed,2903815.76
779,844,2025-02-22,cancelled,18384824.26
780,520,2025-01-22,completed,38831246.67
781,646,2025-03-27,completed,5674411.56
782,933,2025-04-16,completed,27616044.28
783,746,2025-03-22,completed,30184031.18
784,453,2025-12-29,failed,23053934.98
785,511,2025-09-17,pending,3949229.17
786,158,2025-02-20,pending,6261054.77
787,343,2025-07-06,failed,3429738.79
788,126,2025-03-12,failed,14078628.72
789,450,2025-04-14,completed,11971269.55
790,252,2025-01-04,failed,6957045.75
791,350,2025-08-31,completed,9224511.68
792,176,2025-09-16,completed,9772799.02
793,382,2025-05-17,pending,13611907.5
794,370,2025-08-01,pending,13970302.51
795,252,2025-12-07,completed,17331432.01
796,432,2025-09-29,failed,31939646.32
797,142,2025-04-27,failed,9130461.76
798,424,2025-08-08,completed,7800283.27
799,975,2025-08-23,failed,68935198.7
800,814,2025-09-22,pending,39245273.57
801,967,2025-07-05,completed,21152438.45
802,150,2025-08-15,failed,7040127.94
803,735,2025-01-06,failed,31410427.58
804,967,2025-09-22,completed,7857935.27
805,347,2025-02-13,completed,31382814.82
806,791,2025-07-25,completed,27796713.04
807,63,2025-08-11,completed,23589035.75
808,677,2025-01-19,pending,24350556.8
809,925,2025-03-19,cancelled,6440001.24
810,647,2025-01-30,pending,23003635.48
811,897,2025-12-05,cancelled,20352909.82
812,430,2025-06-01,completed,4132016.99
813,718,2025-12-15,cancelled,4213515.66
814,739,2025-06-05,pending,12031568.9
815,932,2025-06-10,completed,3202933.03
816,847,2025-01-05,completed,3292403.8
817,626,2025-09-28,completed,3446547.78
818,414,2025-12-25,completed,26860195.84
819,211,2025-11-26,cancelled,16318074.07
820,808,2025-11-16,cancelled,21422325.67
821,453,2025-11-30,pending,27044391.1
822,909,2025-06-26,failed,19152106.0
823,415,2025-11-29,failed,12128360.6
824,903,2025-04-12,completed,18352914.79
825,38,2025-02-13,cancelled,3886008.0
826,400,2025-06-21,pending,5353167.13
827,533,2025-03-06,cancelled,36318331.27
828,219,2025-05-26,completed,26241501.72
829,566,2025-09-19,completed,19990467.61
830,349,2025-09-24,failed,27403753.85
831,164,2025-11-22,completed,44798999.8
832,912,2025-01-15,failed,25956673.65
833,607,2025-10-04,completed,6254564.01
834,853,2025-05-04,failed,1417639.52
835,744,2025-06-05,completed,24353693.27
836,114,2025-09-16,pending,41368207.72
837,862,2025-01-31,completed,23363843.95
838,643,2025-05-13,cancelled,13783636.71
839,127,2025-07-01,completed,7860900.19
840,964,2025-11-30,completed,35644841.32
841,306,2025-08-18,cancelled,25661943.22
842,465,2025-01-03,completed,27735034.86
843,825,2025-05-01,pending,28410992.27
844,580,2025-10-25,pending,29232665.61
845,682,2025-11-18,cancelled,3551029.34
846,240,2025-11-01,completed,28113651.75
847,292,2025-06-03,pending,5734878.38
848,689,2025-10-21,completed,6002678.86
849,533,2025-07-13,pending,13775751.4
850,108,2025-05-07,completed,7835288.4
851,597,2025-09-22,completed,4566486.51
852,466,2025-07-04,completed,15192276.46
853,729,2025-03-17,completed,24004246.11
854,84,2025-07-30,completed,25329394.53
855,436,2025-02-01,completed,24984558.34
856,220,2025-09-01,completed,19342586.72
857,379,2025-02-09,pending,12775008.34
858,413,2025-09-27,cancelled,3067166.51
859,532,2025-10-14,failed,8616369.45
860,893,2025-07-22,completed,59547052.99
861,511,2025-10-27,pending,4734627.6
862,451,2025-08-05,pending,26830924.64
863,750,2025-09-08,completed,40987048.15
864,148,2025-03-25,cancelled,3508372.0
865,497,2025-03-07,pending,45207234.05
866,133,2025-08-23,pending,12811732.12
867,884,2025-09-20,cancelled,590541.58
868,712,2025-03-02,completed,20777064.43
869,485,2025-08-22,completed,1772049.4
870,967,2025-03-22,cancelled,27156633.54
871,944,2025-07-09,completed,30428742.1
872,873,2025-11-05,completed,24825600.97
873,124,2025-02-26,completed,18871228.6
874,297,2025-10-20,completed,8071550.15
875,157,2025-09-25,completed,9319503.57
876,313,2025-07-10,completed,12077285.25
877,302,2025-06-05,completed,17791972.45
878,811,2025-01-15,completed,17751194.23
879,803,2025-03-14,cancelled,13975321.1
880,50,2025-08-04,completed,44531824.01
881,221,2025-05-26,completed,3292403.8
882,3,2025-09-08,completed,7337788.62
883,358,2025-10-08,completed,12914395.36
884,428,2025-01-23,completed,7160826.86
885,318,2025-10-21,cancelled,55255826.01
886,922,2025-08-20,completed,16831815.17
887,487,2025-07-13,failed,12299478.36
888,136,2025-11-07,failed,19236802.12
889,517,2025-03-12,pending,11084752.34
890,780,2025-08-24,completed,5340174.99
891,460,2025-12-08,completed,30221589.22
892,92,2025-06-16,failed,13699459.53
893,681,2025-11-16,cancelled,14147612.68
894,397,2025-07-29,completed,27580653.15
895,348,2025-07-22,cancelled,11819851.25
896,982,2025-01-24,pending,63029587.07
897,754,2025-08-15,completed,23960649.16
898,91,2025-11-27,failed,33702485.06
899,725,2025-03-26,completed,7575397.05
900,646,2025-10-20,failed,20103185.6
901,317,2025-12-29,cancelled,42046987.79
902,127,2025-11-27,pending,20280652.09
903,88,2025-10-14,completed,30357910.81
904,555,2025-11-13,cancelled,30871347.92
905,981,2025-01-28,cancelled,15410932.12
906,194,2025-09-25,failed,27295573.7
907,515,2025-09-01,completed,50494810.25
908,675,2025-03-03,cancelled,7430373.38
909,986,2025-04-03,completed,21492551.58
910,806,2025-05-21,completed,21823498.09
911,850,2025-05-06,pending,15492118.01
912,455,2025-10-24,completed,30674918.0
913,622,2025-10-01,completed,19529836.64
914,604,2025-07-25,completed,21102327.05
915,883,2025-09-09,completed,29194057.47
916,448,2025-06-24,completed,22242761.69
917,25,2025-08-01,failed,40309236.8
918,325,2025-09-28,completed,26272913.78
919,94,2025-05-12,completed,2772121.2
920,555,2025-02-20,completed,14252162.91
921,148,2025-05-27,completed,26279517.27
922,787,2025-05-11,completed,21061154.57
923,315,2025-03-20,completed,45483373.3
924,174,2025-12-14,completed,20703790.86
925,985,2025-11-11,completed,35012485.55
926,28,2025-04-03,pending,1616560.2
927,306,2025-01-30,completed,14310625.65
928,328,2025-02-20,completed,3710427.26
929,915,2025-07-31,completed,9425674.41
930,385,2025-05-13,failed,19228846.21
931,54,2025-03-03,completed,16641495.16
932,771,2025-05-03,cancelled,11688740.37
933,243,2025-10-28,completed,32266697.71
934,771,2025-09-18,cancelled,4321694.29
935,973,2025-07-17,completed,13392608.81
936,63,2025-05-18,completed,20391285.36
937,567,2025-08-26,completed,9406323.48
938,496,2025-02-03,completed,14487787.21
939,649,2025-07-28,completed,47855323.48
940,276,2025-01-10,cancelled,4700638.16
941,692,2025-10-28,completed,52762751.9
942,782,2025-05-07,cancelled,7270273.24
943,805,2025-11-30,completed,12395841.35
944,582,2025-06-05,completed,36362736.91
945,86,2025-08-17,failed,6822604.9
946,513,2025-11-22,completed,38331745.74
947,383,2025-03-14,cancelled,14355707.6
948,801,2025-03-28,completed,31513190.28
949,976,2025-10-03,completed,14771045.4
950,463,2025-10-12,completed,13541405.21
951,833,2025-01-01,completed,45488873.77
952,297,2025-11-14,pending,9107702.14
953,1,2025-03-27,completed,2557907.2
954,280,2025-09-04,cancelled,19028979.83
955,860,2025-05-09,pending,30326585.23
956,360,2025-07-14,failed,3773446.12
957,218,2025-11-20,cancelled,2019061.96
958,289,2025-09-19,completed,15779119.65
959,757,2025-03-24,cancelled,40321273.58
960,72,2025-10-16,completed,10569372.84
961,405,2025-02-15,pending,54148544.84
962,851,2025-03-04,completed,5112732.52
963,287,2025-10-12,completed,1187512.46
964,626,2025-04-18,cancelled,21811594.72
965,906,2025-06-12,pending,14945906.57
966,651,2025-06-25,completed,28305964.71
967,464,2025-12-29,completed,32055631.13
968,679,2025-05-06,completed,45793622.59
969,216,2025-06-24,completed,12448819.93
970,337,2025-11-03,completed,31718791.72
971,137,2025-12-21,pending,26299679.46
972,624,2025-01-02,completed,17881674.92
973,924,2025-01-03,completed,447151.5
974,178,2025-12-11,completed,16469594.46
975,917,2025-10-12,pending,34278852.21
976,501,2025-12-27,failed,21177317.08
977,552,2025-07-21,completed,22105491.5
978,667,2025-11-29,completed,9692174.71
979,32,2025-10-03,failed,18793205.22
980,456,2025-12-10,pending,16511976.72
981,362,2025-03-05,failed,14016698.88
982,848,2025-07-12,cancelled,16197026.0
983,397,2025-07-03,completed,38488709.66
984,9,2025-12-23,completed,34850452.84
985,380,2025-08-25,completed,12888629.23
986,10,2025-08-16,completed,13058814.0
987,777,2025-01-11,completed,16718604.16
988,944,2025-12-15,pending,28690827.55
989,197,2025-07-03,completed,12493238.34
990,641,2025-11-11,completed,2808006.2
991,240,2025-04-24,completed,10698012.06
992,38,2025-07-05,completed,28750877.31
993,927,2025-09-10,pending,3271638.65
994,621,2025-12-28,completed,7789788.83
995,201,2025-01-04,failed,885812.37
996,406,2025-11-23,completed,17020297.4
997,583,2025-05-23,cancelled,13912047.63
998,175,2025-09-10,cancelled,14857890.2
999,676,2025-04-10,pending,15532505.95
1000,689,2025-10-17,pending,23341512.22
1001,579,2025-11-05,completed,36514102.74
1002,603,2025-02-03,completed,43054536.0
1003,131,2025-02-03,completed,23729211.15
1004,877,2025-10-19,completed,55757782.78
1005,747,2025-09-25,failed,22379413.52
1006,197,2025-05-21,failed,14711982.98
1007,24,2025-12-14,pending,9441538.13
1008,546,2025-12-14,cancelled,21771076.35
1009,698,2025-05-10,cancelled,17055687.68
1010,3,2025-08-21,completed,26735322.34
1011,690,2025-11-25,pending,4750893.14
1012,875,2025-01-27,completed,31921877.31
1013,865,2025-08-10,completed,25869088.96
1014,125,2025-05-21,pending,37957066.59
1015,478,2025-09-23,completed,8817106.01
1016,530,2025-07-05,failed,23710315.05
1017,906,2025-01-23,pending,2809010.44
1018,49,2025-04-25,completed,26664520.73
1019,546,2025-08-04,completed,31303841.12
1020,6,2025-06-11,completed,8339418.68
1021,343,2025-04-10,completed,20866404.35
1022,828,2025-10-20,completed,13629873.2
1023,707,2025-04-26,completed,18922092.55
1024,940,2025-02-08,completed,7796344.98
1025,169,2025-04-11,completed,48300000.84
1026,65,2025-06-09,pending,38164952.18
1027,100,2025-11-17,completed,21594682.79
1028,443,2025-09-03,failed,24752704.89
1029,607,2025-01-13,failed,18338197.86
1030,958,2025-11-17,completed,17766110.55
1031,254,2025-05-09,completed,7108893.36
1032,245,2025-08-31,completed,36379440.16
1033,842,2025-01-28,completed,31531344.5
1034,814,2025-09-24,completed,8158467.57
1035,795,2025-02-07,cancelled,45644042.61
1036,450,2025-11-14,failed,8721433.92
1037,641,2025-02-18,completed,9147075.69
1038,128,2025-10-24,completed,25232270.52
1039,939,2025-02-01,completed,15803139.88
1040,321,2025-07-13,failed,3836860.8
1041,67,2025-12-22,failed,7766335.04
1042,64,2025-03-07,failed,32970399.29
1043,57,2025-08-15,completed,5229029.35
1044,642,2025-11-09,completed,6722955.13
1045,105,2025-02-03,pending,32202439.01
1046,573,2025-01-29,completed,4091054.68
1047,871,2025-05-31,completed,30845673.51
1048,99,2025-07-25,cancelled,7373117.29
1049,239,2025-07-30,failed,26612000.79
1050,807,2025-11-03,pending,26288095.93
1051,11,2025-11-16,completed,42752866.05
1052,476,2025-07-16,failed,21384118.33
1053,902,2025-08-08,cancelled,31208997.66
1054,104,2025-11-14,completed,3061251.88
1055,961,2025-11-30,pending,4224708.95
1056,465,2025-01-14,cancelled,24982012.75
1057,602,2025-06-18,completed,19485216.87
1058,106,2025-02-25,completed,6546010.06
1059,731,2025-11-01,completed,26771430.91
1060,809,2025-10-31,failed,12519842.61
1061,927,2025-04-10,cancelled,16374605.11
1062,653,2025-03-06,cancelled,2417577.02
1063,364,2025-05-12,completed,5576820.6
1064,743,2025-09-04,cancelled,13976366.82
1065,191,2025-08-16,completed,12824691.58
1066,817,2025-03-12,completed,6406565.98
1067,131,2025-01-31,completed,2044205.32
1068,447,2025-10-27,cancelled,13779301.98
1069,773,2025-11-30,completed,16718604.16
1070,598,2025-06-09,cancelled,34729732.1
1071,151,2025-03-16,completed,22894876.91
1072,618,2025-06-08,completed,3652535.95
1073,378,2025-05-30,completed,11523036.52
1074,601,2025-09-23,pending,2590672.0
1075,149,2025-12-14,completed,10121709.28
1076,520,2025-05-02,failed,11434601.56
1077,880,2025-10-14,completed,39876915.69
1078,353,2025-08-05,completed,18367786.4
1079,656,2025-04-13,completed,2649463.24
1080,350,2025-02-05,completed,11602289.81
1081,488,2025-12-08,pending,35408589.7
1082,479,2025-12-21,cancelled,19170131.28
1083,340,2025-12-21,failed,4127098.95
1084,580,2025-10-24,completed,4635014.34
1085,307,2025-11-12,completed,11913400.16
1086,167,2025-06-18,completed,14362974.15
1087,898,2025-08-21,failed,8912052.27
1088,508,2025-01-22,completed,6956142.5
1089,655,2025-01-02,completed,18903648.55
1090,236,2025-12-21,completed,5160158.82
1091,219,2025-11-16,completed,6471220.81
1092,753,2025-09-04,failed,2714371.08
1093,827,2025-06-19,pending,5344903.55
1094,211,2025-07-12,completed,26188806.21
1095,846,2025-04-05,completed,24214565.63
1096,11,2025-07-05,completed,21119756.09
1097,31,2025-07-03,cancelled,10601097.81
1098,146,2025-02-28,completed,30886578.73
1099,200,2025-08-14,pending,9274698.42
1100,935,2025-10-27,failed,5618020.88
1101,45,2025-07-04,completed,24643792.35
1102,203,2025-04-12,completed,8475698.68
1103,225,2025-03-31,completed,34098492.87
1104,348,2025-03-31,failed,21941587.2
1105,252,2025-10-11,completed,1285345.3
1106,23,2025-04-11,completed,32094886.79
1107,933,2025-05-15,completed,12268666.04
1108,852,2025-01-11,pending,2714371.08
1109,389,2025-03-12,pending,46214654.65
1110,347,2025-02-26,completed,27464619.6
1111,468,2025-06-06,completed,28957255.79
1112,829,2025-07-09,completed,25364623.62
1113,176,2025-12-05,cancelled,13373150.76
1114,903,2025-11-16,completed,6227704.64
1115,67,2025-12-31,completed,27346731.1
1116,904,2025-03-15,completed,25947267.62
1117,197,2025-04-08,cancelled,6856536.5
1118,712,2025-07-13,completed,7879343.77
1119,614,2025-06-12,completed,16367095.4
1120,251,2025-11-22,completed,11525935.0
1121,602,2025-11-12,completed,21019071.85
1122,302,2025-10-02,failed,4936108.77
1123,336,2025-03-18,completed,4830618.95
1124,645,2025-01-28,failed,15759994.74
1125,894,2025-05-24,completed,15812613.9
1126,992,2025-09-18,cancelled,9912897.93
1127,215,2025-09-08,pending,21102060.81
1128,804,2025-02-11,completed,26420136.34
1129,630,2025-12-06,completed,37271006.68
1130,521,2025-03-27,completed,26759347.23
1131,770,2025-11-27,cancelled,15891497.05
1132,511,2025-07-11,cancelled,35712889.97
1133,184,2025-08-26,completed,9871689.84
1134,383,2025-12-31,cancelled,7566218.32
1135,495,2025-12-22,pending,5990676.11
1136,486,2025-09-11,completed,13467567.26
1137,411,2025-10-25,pending,8252381.75
1138,666,2025-10-26,completed,858353.11
1139,225,2025-04-17,completed,17561953.8
1140,884,2025-08-20,completed,38710084.69
1141,224,2025-07-22,completed,28182066.31
1142,911,2025-08-06,completed,22933661.55
1143,161,2025-10-20,failed,22059205.17
1144,261,2025-07-11,cancelled,11128620.15
1145,138,2025-02-13,failed,16020631.46
1146,303,2025-02-13,completed,8230278.26
1147,361,2025-09-23,completed,16355018.69
1148,43,2025-10-26,completed,21181814.98
1149,637,2025-09-20,completed,35516668.19
1150,462,2025-08-07,completed,33083640.73
1151,419,2025-08-10,completed,2146667.08
1152,325,2025-09-12,completed,40667153.02
1153,26,2025-07-15,completed,23696950.3
1154,240,2025-08-15,completed,26203722.3
1155,78,2025-11-27,completed,39783315.24
1156,302,2025-02-12,failed,23270238.39
1157,526,2025-09-14,cancelled,30563108.97
1158,81,2025-11-26,failed,13186872.95
1159,949,2025-05-22,completed,22640121.83
1160,122,2025-02-20,completed,18898227.64
1161,40,2025-07-04,cancelled,27592666.75
1162,342,2025-04-13,completed,44212459.54
1163,338,2025-12-12,completed,4090024.92
1164,764,2025-06-04,failed,43608461.44
1165,866,2025-12-16,completed,570749.13
1166,723,2025-04-08,cancelled,12493238.34
1167,876,2025-03-12,failed,1022763.67
1168,935,2025-10-06,completed,5559453.15
1169,789,2025-01-05,completed,9424896.3
1170,843,2025-05-25,completed,13787990.1
1171,969,2025-07-26,completed,23656579.15
1172,776,2025-10-24,pending,13783636.71
1173,484,2025-01-07,pending,447151.5
1174,780,2025-09-20,completed,14838062.71
1175,234,2025-07-23,completed,3585974.46
1176,486,2025-04-18,completed,136339.8
1177,602,2025-09-22,failed,18586243.0
1178,776,2025-10-10,completed,49471764.45
1179,349,2025-08-25,failed,4291765.55
1180,321,2025-02-13,failed,18378182.28
1181,440,2025-04-07,failed,6245968.79
1182,428,2025-12-24,completed,44155925.02
1183,461,2025-08-13,failed,11375429.21
1184,31,2025-10-13,completed,20403054.47
1185,592,2025-03-13,failed,36503113.62
1186,313,2025-03-07,pending,22474656.3
1187,512,2025-01-05,failed,4301359.38
1188,855,2025-12-04,completed,16684832.09
1189,231,2025-06-23,completed,43139771.35
1190,703,2025-08-06,failed,29475468.49
1191,782,2025-07-26,failed,17505443.08
1192,551,2025-12-20,completed,3550220.66
1193,602,2025-06-16,completed,22783311.76
1194,805,2025-10-18,completed,14022330.96
1195,158,2025-03-13,completed,51545146.86
1196,645,2025-10-18,failed,26476329.02
1197,936,2025-11-05,cancelled,29265227.86
1198,888,2025-10-21,completed,9916774.08
1199,210,2025-07-15,completed,26371950.9
1200,548,2025-02-02,completed,40649703.62
1201,487,2025-04-07,completed,25130919.86
1202,584,2025-06-18,completed,7337788.62
1203,917,2025-11-24,completed,54670855.28
1204,176,2025-02-17,completed,23134917.99
1205,567,2025-12-12,completed,26402585.6
1206,847,2025-01-17,pending,24399651.2
1207,501,2025-11-05,completed,9303154.48
1208,204,2025-04-06,completed,19629467.48
1209,291,2025-07-17,completed,8834396.52
1210,299,2025-04-30,pending,9429063.11
1211,72,2025-09-26,completed,3475920.35
1212,378,2025-01-30,cancelled,8952439.37
1213,176,2025-01-06,completed,31385053.92
1214,401,2025-07-30,completed,24377503.8
1215,133,2025-02-26,cancelled,17118613.04
1216,490,2025-08-03,pending,40138253.41
1217,399,2025-02-05,failed,5212723.73
1218,134,2025-04-16,failed,24351131.63
1219,318,2025-04-16,completed,11397127.82
1220,681,2025-12-30,completed,30890761.69
1221,619,2025-03-23,cancelled,26499250.22
1222,602,2025-06-08,completed,18660361.46
1223,734,2025-09-15,pending,10975191.45
1224,283,2025-08-23,completed,11903987.98
1225,147,2025-01-04,completed,15079949.8
1226,845,2025-02-02,completed,8935581.92
1227,827,2025-11-06,completed,11392738.7
1228,337,2025-09-27,cancelled,26263446.1
1229,472,2025-09-09,completed,9042456.43
1230,41,2025-10-22,pending,2249425.53
1231,295,2025-02-16,pending,17930432.44
1232,356,2025-08-22,pending,39967220.8
1233,812,2025-12-31,completed,19265611.66
1234,628,2025-07-20,failed,7796344.98
1235,426,2025-03-31,completed,29185629.05
1236,922,2025-04-02,cancelled,24595883.21
1237,469,2025-08-10,completed,16342646.35
1238,188,2025-12-04,pending,31292759.65
1239,98,2025-10-19,completed,24676069.35
1240,969,2025-12-24,completed,23193429.91
1241,907,2025-05-03,failed,38680051.01
1242,281,2025-03-22,pending,20822063.9
1243,299,2025-10-03,pending,35438082.67
1244,715,2025-02-04,pending,24779625.86
1245,931,2025-04-22,completed,28530835.62
1246,781,2025-07-30,cancelled,16452816.4
1247,378,2025-03-04,completed,4537367.94
1248,517,2025-02-23,failed,3325624.84
1249,420,2025-06-16,completed,7774711.4
1250,259,2025-03-26,completed,39812854.47
1251,46,2025-09-17,completed,30489445.53
1252,75,2025-01-14,pending,32169879.38
1253,692,2025-12-22,pending,7469490.25
1254,391,2025-08-25,completed,5377960.41
1255,877,2025-07-24,completed,32039059.61
1256,39,2025-07-23,completed,11923864.47
1257,118,2025-05-09,pending,56913325.63
1258,335,2025-03-11,pending,19747889.41
1259,497,2025-08-26,completed,34421931.94
1260,85,2025-02-04,cancelled,7095347.3
1261,249,2025-12-03,pending,24999486.16
1262,144,2025-08-13,completed,26696657.04
1263,862,2025-05-23,completed,15006697.15
1264,859,2025-03-29,completed,15735596.78
1265,103,2025-11-07,completed,10908273.6
1266,128,2025-05-31,cancelled,28570953.31
1267,173,2025-07-20,completed,30114812.08
1268,782,2025-12-10,completed,901465.66
1269,280,2025-12-13,completed,12870633.27
1270,367,2025-08-14,completed,5804013.38
1271,732,2025-04-21,completed,28421053.76
1272,546,2025-12-12,completed,13037197.34
1273,714,2025-08-15,completed,5557364.15
1274,831,2025-11-22,cancelled,38850783.12
1275,679,2025-11-25,pending,16847103.66
1276,919,2025-12-04,completed,29658921.54
1277,707,2025-07-19,completed,30509120.3
1278,54,2025-08-16,cancelled,23410821.4
1279,50,2025-01-03,failed,47149403.59
1280,786,2025-07-13,completed,17213270.84
1281,384,2025-05-08,completed,43273514.2
1282,94,2025-04-13,completed,25581231.64
1283,29,2025-08-04,completed,2788410.3
1284,841,2025-06-22,completed,1858829.81
1285,686,2025-12-15,completed,1305249.56
1286,982,2025-04-23,completed,4749860.12
1287,172,2025-12-07,pending,19350853.42
1288,46,2025-03-27,completed,1482759.08
1289,111,2025-09-20,failed,4846607.14
1290,331,2025-06-17,cancelled,15774135.03
1291,195,2025-11-17,cancelled,3693905.17
1292,957,2025-04-17,cancelled,32318651.9
1293,962,2025-07-22,completed,3828840.32
1294,238,2025-03-03,completed,15437357.65
1295,366,2025-02-24,completed,23663761.52
1296,16,2025-03-30,completed,4173280.87
1297,324,2025-12-01,completed,21515334.59
1298,218,2025-07-19,completed,12313754.71
1299,68,2025-04-23,pending,9597135.57
1300,666,2025-05-23,cancelled,27603870.42
1301,45,2025-07-08,completed,26663583.9
1302,421,2025-04-22,completed,24965754.74
1303,512,2025-11-03,completed,18930027.93
1304,550,2025-12-31,failed,22451354.2
1305,176,2025-10-19,completed,1022763.67
1306,615,2025-02-18,completed,6440001.24
1307,714,2025-11-20,completed,7912123.77
1308,947,2025-12-14,failed,23462412.42
1309,137,2025-12-22,completed,50362455.03
1310,651,2025-03-31,failed,14855067.15
1311,326,2025-12-19,failed,47554643.01
1312,494,2025-12-08,completed,29091495.72
1313,19,2025-06-21,cancelled,16525949.46
1314,460,2025-10-27,completed,34997783.42
1315,656,2025-09-19,pending,30084737.94
1316,516,2025-04-30,cancelled,22770889.62
1317,14,2025-12-27,completed,19711323.4
1318,632,2025-01-11,failed,23385594.94
1319,317,2025-03-05,completed,11595076.25
1320,776,2025-08-08,completed,534317.08
1321,82,2025-11-14,completed,9681760.92
1322,384,2025-03-12,completed,20166905.55
1323,207,2025-06-01,completed,40168331.19
1324,210,2025-07-12,pending,10690271.23
1325,244,2025-01-20,pending,4638030.5
1326,969,2025-11-03,completed,25700648.5
1327,138,2025-06-18,completed,4734627.6
1328,660,2025-06-12,failed,26420737.42
1329,534,2025-01-21,failed,33980851.22
1330,664,2025-08-01,failed,25855541.77
1331,769,2025-05-28,completed,18260923.52
1332,868,2025-04-28,pending,40086961.15
1333,351,2025-06-19,completed,16607479.9
1334,553,2025-04-16,completed,7321840.84
1335,255,2025-12-07,failed,28448345.8
1336,713,2025-12-18,pending,12317451.27
1337,623,2025-04-24,failed,24583348.86
1338,534,2025-07-15,completed,17012392.4
1339,453,2025-04-04,pending,48260625.25
1340,67,2025-01-04,failed,3762571.79
1341,72,2025-09-09,completed,8722602.12
1342,650,2025-01-27,completed,31848455.29
1343,129,2025-04-15,completed,14310625.65
1344,607,2025-03-30,cancelled,30644123.81
1345,242,2025-04-15,cancelled,6546010.06
1346,437,2025-02-10,pending,38616771.56
1347,319,2025-08-28,completed,12293560.72
1348,251,2025-04-12,completed,4192667.48
1349,621,2025-04-01,completed,12538828.69
1350,293,2025-06-05,cancelled,13991099.22
1351,991,2025-08-18,pending,14657064.76
1352,279,2025-04-14,failed,29025841.88
1353,82,2025-09-04,completed,10678139.44
1354,387,2025-07-23,completed,1662812.42
1355,452,2025-08-30,completed,18551728.28
1356,625,2025-09-16,pending,1187512.46
1357,779,2025-08-10,completed,21773158.7
1358,21,2025-09-04,failed,15012926.71
1359,438,2025-07-15,failed,18220634.37
1360,778,2025-02-12,completed,17254774.86
1361,551,2025-11-01,completed,24779748.6
1362,745,2025-10-11,completed,25162395.16
1363,390,2025-05-12,completed,2556366.26
1364,465,2025-06-06,completed,26650837.13
1365,576,2025-07-12,cancelled,6390915.65
1366,74,2025-09-04,completed,5067245.61
1367,733,2025-03-11,completed,30234346.13
1368,159,2025-04-11,completed,11024564.89
1369,14,2025-01-03,failed,3727515.53
1370,748,2025-09-14,pending,23180801.54
1371,504,2025-07-11,completed,14127162.6
1372,963,2025-08-01,completed,15995776.96
1373,394,2025-07-11,completed,17344009.6
1374,657,2025-06-07,cancelled,19470582.9
1375,419,2025-02-06,completed,38325558.7
1376,395,2025-03-05,cancelled,18533237.04
1377,199,2025-03-25,failed,22057911.04
1378,981,2025-08-12,completed,24408658.74
1379,522,2025-06-28,pending,6270264.36
1380,651,2025-09-08,pending,1226160.98
1381,714,2025-07-08,completed,12381227.08
1382,395,2025-11-30,completed,3209756.16
1383,249,2025-05-07,completed,19576509.08
1384,944,2025-01-18,failed,11252268.56
1385,647,2025-07-05,pending,14347828.36
1386,29,2025-12-13,pending,4207677.29
1387,661,2025-12-07,completed,12799944.88
1388,620,2025-05-14,completed,30497998.32
1389,151,2025-12-15,completed,26660838.51
1390,617,2025-05-07,cancelled,236709.7
1391,862,2025-12-06,completed,5585651.7
1392,120,2025-01-07,failed,9201499.53
1393,660,2025-02-17,pending,48679366.21
1394,408,2025-07-16,pending,27126594.66
1395,998,2025-10-28,completed,3120307.74
1396,932,2025-09-23,completed,1861883.9
1397,170,2025-08-05,failed,34346366.59
1398,259,2025-08-07,pending,6448775.07
1399,513,2025-06-04,cancelled,7994267.27
1400,908,2025-12-04,completed,24498951.1
1401,316,2025-10-28,pending,38997781.08
1402,771,2025-07-30,pending,21227387.06
1403,112,2025-02-15,pending,22250480.14
1404,796,2025-10-21,failed,19035493.53
1405,834,2025-06-26,completed,47606776.09
1406,767,2025-05-18,completed,14150639.76
1407,716,2025-07-23,completed,39820451.21
1408,173,2025-01-04,failed,29183978.89
1409,2,2025-09-09,completed,7917586.95
1410,793,2025-02-05,pending,15592689.96
1411,538,2025-08-02,completed,9791186.9
1412,296,2025-12-02,pending,57123284.96
1413,175,2025-08-09,completed,33378708.36
1414,191,2025-07-11,pending,19670586.75
1415,203,2025-03-10,completed,7376415.32
1416,515,2025-04-04,completed,11522961.57
1417,581,2025-08-19,failed,33060647.46
1418,191,2025-04-19,completed,12940292.02
1419,768,2025-01-31,completed,38979800.29
1420,266,2025-04-09,failed,19902649.23
1421,452,2025-07-29,pending,32079209.65
1422,112,2025-11-16,failed,2575498.97
1423,171,2025-11-22,completed,9370455.54
1424,88,2025-05-31,completed,29236522.28
1425,284,2025-03-05,completed,41760748.78
1426,31,2025-06-25,cancelled,20174777.8
1427,490,2025-05-01,completed,30311432.49
1428,779,2025-12-11,completed,7472374.76
1429,63,2025-01-05,completed,30736782.39
1430,682,2025-01-04,cancelled,12027965.8
1431,100,2025-01-22,completed,6822604.9
1432,811,2025-09-25,completed,18763915.8
1433,618,2025-07-12,cancelled,17234432.18
1434,955,2025-05-17,completed,26970700.54
1435,776,2025-08-31,completed,18743525.93
1436,440,2025-11-06,completed,51712362.54
1437,699,2025-07-09,completed,17301082.52
1438,837,2025-06-11,completed,14983144.08
1439,682,2025-07-04,completed,6903079.09
1440,626,2025-07-13,completed,13684747.11
1441,895,2025-07-02,completed,6653179.85
1442,4,2025-02-21,completed,11910617.46
1443,412,2025-12-24,pending,8465374.32
1444,27,2025-03-13,cancelled,10102291.36
1445,890,2025-03-04,cancelled,12463172.54
1446,974,2025-05-24,pending,2729041.96
1447,378,2025-05-08,completed,1683116.52
1448,703,2025-11-13,pending,2285113.83
1449,528,2025-09-01,completed,18046027.7
1450,193,2025-12-05,completed,3461337.56
1451,981,2025-11-23,failed,42971645.86
1452,18,2025-06-14,pending,11942782.64
1453,895,2025-07-04,completed,14877426.74
1454,695,2025-06-16,completed,29553267.19
1455,622,2025-04-30,completed,8260077.3
1456,757,2025-07-24,cancelled,39825578.37
1457,357,2025-02-11,completed,1322213.48
1458,675,2025-09-01,failed,7315345.42
1459,927,2025-12-25,completed,43288912.97
1460,301,2025-07-17,cancelled,2420440.23
1461,730,2025-04-10,completed,32076554.0
1462,898,2025-09-24,cancelled,30848345.72
1463,33,2025-09-16,completed,30725368.34
1464,816,2025-09-12,completed,14227698.4
1465,853,2025-06-04,pending,8822337.56
1466,896,2025-10-08,completed,2386083.16
1467,918,2025-03-28,completed,21886990.06
1468,494,2025-03-01,pending,16870831.4
1469,247,2025-10-04,completed,950803.4
1470,175,2025-04-19,failed,17202215.09
1471,717,2025-12-04,completed,25816209.42
1472,446,2025-02-24,pending,51406492.99
1473,165,2025-01-15,completed,24964452.97
1474,785,2025-07-16,completed,1691462.85
1475,737,2025-04-23,completed,9350900.66
1476,488,2025-12-07,pending,10973018.13
1477,682,2025-03-05,completed,30155741.76
1478,649,2025-10-01,pending,25021392.68
1479,93,2025-09-09,failed,3668894.31
1480,341,2025-12-21,failed,14973908.46
1481,955,2025-04-25,cancelled,8411450.46
1482,67,2025-11-04,pending,25628006.1
1483,387,2025-06-25,pending,2135020.31
1484,670,2025-07-15,pending,2814915.86
1485,990,2025-10-15,failed,10633077.35
1486,828,2025-08-12,completed,18199073.11
1487,266,2025-04-25,completed,9501279.4
1488,90,2025-05-29,completed,54637557.09
1489,349,2025-02-15,pending,17348623.02
1490,960,2025-10-31,completed,15888441.49
1491,587,2025-03-01,completed,60834231.3
1492,874,2025-03-07,completed,36794308.79
1493,591,2025-07-14,pending,4749860.12
1494,319,2025-01-01,completed,37378467.72
1495,549,2025-10-30,completed,1423044.04
1496,434,2025-07-18,completed,12810451.2
1497,817,2025-07-06,pending,355064.55
1498,533,2025-03-06,pending,14064670.8
1499,605,2025-11-05,completed,8211634.18
1500,405,2025-02-24,completed,50320226.26
1501,873,2025-10-03,completed,29136297.89
1502,149,2025-06-11,failed,13041152.99
1503,858,2025-06-01,completed,15060226.4
1504,697,2025-09-13,completed,31929708.39
1505,616,2025-03-17,completed,12494471.92
1506,765,2025-03-16,pending,11930415.8
1507,36,2025-12-26,cancelled,28534981.93
1508,317,2025-06-13,cancelled,17041577.63
1509,127,2025-12-19,completed,28996602.29
1510,588,2025-12-28,completed,26718972.76
1511,849,2025-11-20,completed,40473883.02
1512,299,2025-09-11,pending,18755117.93
1513,61,2025-07-12,failed,17904708.06
1514,157,2025-06-20,failed,6045632.43
1515,869,2025-04-18,pending,22126617.6
1516,718,2025-04-26,pending,17432466.11
1517,946,2025-01-27,failed,39461836.44
1518,878,2025-04-02,completed,26673287.58
1519,307,2025-07-20,failed,3974194.86
1520,935,2025-12-04,failed,50044280.58
1521,23,2025-03-23,cancelled,14568426.61
1522,346,2025-07-20,completed,27930681.58
1523,485,2025-12-14,completed,29193765.4
1524,401,2025-07-20,completed,23234272.44
1525,745,2025-09-28,completed,14933550.48
1526,714,2025-05-25,completed,38288306.37
1527,877,2025-12-25,cancelled,4127098.95
1528,100,2025-07-21,completed,957210.08
1529,771,2025-06-15,failed,23417751.72
1530,887,2025-10-25,failed,26707234.49
1531,871,2025-01-28,pending,28194131.98
1532,469,2025-06-05,pending,6394768.0
1533,592,2025-03-25,completed,10976947.13
1534,713,2025-08-15,completed,26872427.19
1535,919,2025-05-30,completed,9900183.63
1536,224,2025-04-18,failed,21396450.88
1537,753,2025-04-11,pending,9314656.26
1538,371,2025-01-05,pending,12879847.88
1539,105,2025-10-22,pending,9249504.11
1540,386,2025-03-17,completed,4900691.98
1541,862,2025-12-14,completed,38401832.82
1542,99,2025-01-29,completed,31061881.1
1543,184,2025-08-31,completed,2637374.59
1544,528,2025-03-02,pending,23516614.42
1545,608,2025-06-23,completed,8461985.84
1546,643,2025-03-18,pending,47654935.44
1547,251,2025-07-26,completed,37370744.84
1548,247,2025-03-02,completed,17151982.03
1549,310,2025-09-08,pending,957210.08
1550,978,2025-11-02,completed,14689855.37
1551,764,2025-12-01,completed,2640992.4
1552,815,2025-12-21,pending,7409420.52
1553,92,2025-12-04,failed,9734773.15
1554,886,2025-08-26,failed,19615247.83
1555,392,2025-11-29,completed,15515435.09
1556,669,2025-11-20,completed,32999312.27
1557,12,2025-07-08,completed,12890108.26
1558,85,2025-03-01,completed,24999080.17
1559,657,2025-09-08,pending,17362641.91
1560,231,2025-09-18,completed,7027899.47
1561,587,2025-10-28,cancelled,31164974.01
1562,281,2025-09-03,pending,40121887.57
1563,814,2025-02-18,cancelled,1431514.55
1564,394,2025-04-03,completed,23015337.18
1565,720,2025-11-27,completed,18434500.38
1566,586,2025-06-02,completed,14489401.96
1567,334,2025-02-20,completed,9190431.65
1568,190,2025-10-03,completed,17871657.8
1569,21,2025-12-25,completed,11494246.08
1570,838,2025-10-12,cancelled,4921379.14
1571,501,2025-09-29,completed,14487766.35
1572,858,2025-09-23,cancelled,46631739.0
1573,731,2025-10-03,failed,3678209.44
1574,128,2025-11-30,failed,35004523.39
1575,989,2025-04-17,pending,33113661.2
1576,186,2025-03-02,failed,3879019.78
1577,712,2025-11-03,completed,7337788.62
1578,569,2025-01-03,completed,10268506.0
1579,126,2025-06-10,completed,7136017.56
1580,589,2025-03-07,completed,4931268.06
1581,166,2025-12-01,completed,13862100.68
1582,263,2025-10-15,failed,19817831.37
1583,87,2025-01-18,completed,6390915.65
1584,306,2025-09-17,completed,21544081.89
1585,176,2025-10-06,completed,47129589.14
1586,1,2025-12-03,completed,7369841.98
1587,48,2025-06-03,cancelled,18333429.08
1588,675,2025-05-31,cancelled,41320043.11
1589,144,2025-08-16,cancelled,8114899.9
1590,712,2025-09-09,completed,22228131.52
1591,933,2025-09-25,completed,8530260.61
1592,552,2025-11-07,cancelled,13783636.71
1593,705,2025-04-18,completed,6878498.25
1594,840,2025-12-06,completed,30358843.52
1595,38,2025-05-02,completed,13779384.35
1596,307,2025-03-14,failed,6584807.6
1597,981,2025-04-21,completed,25507334.53
1598,566,2025-11-05,completed,21605634.04
1599,368,2025-10-30,completed,35039334.42
1600,747,2025-03-07,cancelled,37040495.29
1601,77,2025-08-05,cancelled,9341556.96
1602,267,2025-05-11,completed,17002523.45
1603,926,2025-11-29,completed,5358000.89
1604,468,2025-07-24,completed,7425628.98
1605,693,2025-05-11,completed,5434396.71
1606,147,2025-12-22,cancelled,12886013.01
1607,73,2025-04-15,pending,31021971.56
1608,649,2025-05-18,pending,12471815.39
1609,198,2025-11-27,pending,52147441.45
1610,578,2025-07-10,pending,30308126.34
1611,841,2025-11-28,cancelled,19035031.16
1612,168,2025-11-06,completed,24288525.16
1613,324,2025-03-20,failed,38632447.99
1614,389,2025-08-11,completed,25503434.19
1615,254,2025-11-06,completed,8702628.33
1616,128,2025-05-19,cancelled,13055241.14
1617,701,2025-02-26,cancelled,90893.2
1618,68,2025-07-28,completed,586613.11
1619,92,2025-11-24,completed,4731931.46
1620,797,2025-06-20,completed,43285061.19
1621,890,2025-03-16,failed,16693123.48
1622,281,2025-04-26,completed,43992967.58
1623,387,2025-02-20,completed,1018775.0
1624,975,2025-07-13,completed,22302760.42
1625,180,2025-03-05,cancelled,13455368.44
1626,603,2025-06-06,failed,9881411.05
1627,98,2025-09-08,cancelled,24204032.73
1628,718,2025-06-28,cancelled,28852224.82
1629,565,2025-05-25,completed,18132442.09
1630,102,2025-11-08,completed,19329055.19
1631,326,2025-03-29,failed,8339418.68
1632,186,2025-07-19,completed,43427447.8
1633,992,2025-12-14,failed,15059088.9
1634,565,2025-09-30,cancelled,21075669.26
1635,489,2025-07-26,cancelled,5937325.15
1636,266,2025-03-07,completed,36069178.0
1637,526,2025-12-18,pending,4105817.09
1638,674,2025-03-21,completed,15777544.95
1639,388,2025-03-15,cancelled,13007929.57
1640,55,2025-05-17,pending,13058814.0
1641,998,2025-11-24,completed,16165114.27
1642,797,2025-12-29,completed,12299478.36
1643,624,2025-12-14,completed,28164737.5
1644,469,2025-12-28,completed,30360281.35
1645,363,2025-08-13,failed,11930415.8
1646,515,2025-08-28,completed,14346041.07
1647,976,2025-05-22,completed,17375021.69
1648,965,2025-09-24,pending,31315278.74
1649,313,2025-04-28,pending,55033848.5
1650,971,2025-02-14,completed,6628030.82
1651,790,2025-07-28,completed,43568096.45
1652,650,2025-02-16,completed,29581658.75
1653,748,2025-02-09,completed,18963547.06
1654,170,2025-02-17,cancelled,7885060.14
1655,87,2025-01-30,pending,27121612.83
1656,568,2025-05-27,completed,33456758.18
1657,986,2025-01-06,completed,20781192.48
1658,521,2025-12-13,pending,17760425.91
1659,492,2025-03-11,completed,38052513.16
1660,702,2025-09-21,pending,40587283.55
1661,715,2025-09-30,completed,30183172.15
1662,15,2025-07-27,cancelled,11374384.92
1663,933,2025-04-08,failed,9273506.4
1664,732,2025-01-04,completed,23936946.94
1665,548,2025-12-26,pending,18450929.66
1666,251,2025-06-26,pending,36524339.53
1667,974,2025-12-05,failed,12941810.67
1668,701,2025-09-28,cancelled,5734878.38
1669,622,2025-01-22,completed,14374892.4
1670,691,2025-03-28,failed,17399191.19
1671,926,2025-09-26,completed,16888573.0
1672,77,2025-03-31,completed,33372190.41
1673,527,2025-03-10,completed,7205153.8
1674,433,2025-01-27,completed,1022763.67
1675,175,2025-07-14,completed,13786216.88
1676,347,2025-02-27,pending,13955813.4
1677,852,2025-05-08,cancelled,8624935.44
1678,298,2025-03-02,completed,18440847.35
1679,301,2025-09-05,completed,19863597.85
1680,3,2025-04-20,pending,26261968.82
1681,583,2025-11-20,completed,15261480.0
1682,946,2025-04-22,completed,10910759.64
1683,528,2025-11-26,failed,29826476.98
1684,958,2025-01-19,completed,13877199.07
1685,869,2025-11-13,completed,15845130.64
1686,365,2025-01-30,completed,33346465.26
1687,472,2025-11-12,completed,17563549.03
1688,363,2025-06-02,completed,8586668.32
1689,359,2025-01-03,pending,27288554.11
1690,412,2025-04-06,completed,15636844.01
1691,104,2025-01-05,completed,2671585.4
1692,203,2025-09-09,completed,16348826.01
1693,527,2025-09-28,completed,19154566.58
1694,127,2025-07-30,completed,745252.5
1695,160,2025-01-04,failed,8211634.18
1696,257,2025-12-03,completed,21411702.17
1697,405,2025-08-29,completed,22115802.27
1698,374,2025-06-03,completed,26727634.78
1699,550,2025-04-04,failed,21451225.71
1700,112,2025-05-18,completed,19728042.54
1701,860,2025-12-03,completed,17317219.38
1702,144,2025-03-24,completed,4870111.36
1703,6,2025-08-11,completed,4931268.06
1704,204,2025-12-30,completed,8586668.32
1705,292,2025-04-08,completed,32940171.01
1706,405,2025-03-10,completed,18258494.66
1707,923,2025-06-19,completed,2968781.15
1708,683,2025-03-24,completed,15568364.56
1709,983,2025-09-03,pending,21730107.7
1710,122,2025-05-17,completed,6727684.22
1711,564,2025-09-08,completed,6149739.18
1712,732,2025-12-16,completed,17951286.52
1713,770,2025-06-16,failed,48300813.81
1714,514,2025-07-24,pending,19803970.97
1715,135,2025-07-19,completed,13807365.51
1716,812,2025-02-25,completed,4908943.72
1717,160,2025-03-06,completed,26518446.28
1718,14,2025-09-14,failed,12102201.15
1719,243,2025-12-17,completed,2375024.92
1720,850,2025-12-14,completed,29580872.19
1721,1000,2025-08-08,cancelled,20875979.12
1722,445,2025-01-05,completed,32222770.37
1723,289,2025-05-29,completed,12413644.31
1724,780,2025-02-12,completed,4179651.04
1725,633,2025-05-07,completed,28886094.71
1726,192,2025-09-19,completed,45221859.58
1727,786,2025-05-24,completed,40909819.69
1728,718,2025-05-15,completed,32112408.67
1729,841,2025-12-08,completed,25276544.09
1730,486,2025-04-12,pending,26236040.92
1731,718,2025-02-22,pending,7766555.44
1732,626,2025-09-15,completed,16604378.05
1733,876,2025-04-07,cancelled,24242889.85
1734,650,2025-11-19,completed,21188514.41
1735,124,2025-04-28,completed,34695833.92
1736,40,2025-07-25,completed,8183547.7
1737,952,2025-04-09,completed,10585425.1
1738,19,2025-08-07,cancelled,8549077.29
1739,94,2025-04-13,failed,17983759.19
1740,390,2025-01-27,completed,10281791.89
1741,314,2025-09-26,pending,23677706.11
1742,237,2025-11-21,completed,22659103.32
1743,437,2025-06-22,completed,9004018.29
1744,523,2025-02-01,completed,19050771.65
1745,53,2025-11-26,completed,8325410.14
1746,276,2025-02-26,completed,2257766.32
1747,966,2025-05-24,completed,1616560.2
1748,429,2025-12-31,completed,19442471.96
1749,917,2025-06-13,completed,1772049.4
1750,42,2025-04-04,completed,12234878.54
1751,677,2025-01-27,pending,10088183.2
1752,218,2025-06-14,completed,15675959.8
1753,287,2025-08-30,cancelled,8868970.95
1754,442,2025-02-21,completed,16913984.67
1755,972,2025-05-10,completed,15896897.78
1756,343,2025-07-06,completed,28490404.64
1757,100,2025-02-27,pending,18164712.79
1758,700,2025-01-07,cancelled,15990925.25
1759,340,2025-03-08,completed,14263369.98
1760,761,2025-07-05,failed,22801873.88
1761,542,2025-10-29,cancelled,34732923.3
1762,244,2025-07-10,pending,11374384.92
1763,216,2025-05-22,cancelled,6824351.74
1764,90,2025-07-16,completed,33501919.44
1765,645,2025-03-08,pending,12134019.05
1766,124,2025-11-05,completed,12219318.83
1767,992,2025-10-28,pending,14671607.95
1768,198,2025-04-08,pending,8035144.55
1769,948,2025-08-17,completed,1145211.64
1770,965,2025-02-08,cancelled,24796342.98
1771,352,2025-11-13,completed,7690297.78
1772,780,2025-08-31,completed,3828840.32
1773,739,2025-10-01,completed,17099302.8
1774,131,2025-01-23,completed,18760178.75
1775,564,2025-08-03,pending,30068906.11
1776,913,2025-05-10,failed,5576820.6
1777,999,2025-10-14,completed,116781.96
1778,460,2025-07-07,pending,18216652.13
1779,933,2025-03-02,completed,27306430.75
1780,495,2025-02-04,completed,16878957.28
1781,954,2025-09-26,cancelled,14473860.0
1782,171,2025-01-12,cancelled,9303154.48
1783,714,2025-05-21,completed,4305605.65
1784,47,2025-05-29,cancelled,10155448.75
1785,814,2025-02-01,pending,29482941.9
1786,759,2025-04-08,failed,29270619.12
1787,507,2025-07-23,pending,169238.61
1788,892,2025-09-30,cancelled,24780354.35
1789,170,2025-02-08,completed,5468042.46
1790,394,2025-09-18,cancelled,19564817.42
1791,411,2025-07-19,cancelled,8792873.96
1792,212,2025-05-20,completed,5349639.42
1793,164,2025-01-02,cancelled,23895951.62
1794,607,2025-04-22,pending,16324328.39
1795,901,2025-01-05,failed,16260092.23
1796,467,2025-09-20,cancelled,33529413.83
1797,738,2025-12-29,cancelled,36520780.41
1798,311,2025-05-13,failed,9333261.22
1799,304,2025-04-23,pending,4093562.94
1800,566,2025-05-18,completed,14745265.4
1801,230,2025-03-29,completed,3698089.8
1802,244,2025-10-01,completed,9274698.42
1803,655,2025-01-21,completed,23775416.96
1804,950,2025-05-23,completed,3125661.2
1805,895,2025-05-19,failed,12622503.58
1806,658,2025-01-27,completed,4151550.91
1807,548,2025-04-18,completed,7312408.83
1808,665,2025-01-01,completed,3958217.64
1809,620,2025-11-20,completed,12341102.22
1810,86,2025-06-16,pending,8236505.55
1811,271,2025-10-09,pending,2729041.96
1812,419,2025-03-10,cancelled,4565760.2
1813,333,2025-05-31,completed,34250985.18
1814,836,2025-11-17,completed,19975504.84
1815,225,2025-07-02,pending,42165412.12
1816,181,2025-05-24,completed,9738465.68
1817,551,2025-01-09,pending,19297060.89
1818,109,2025-10-26,pending,5080681.28
1819,392,2025-12-19,pending,3125661.2
1820,891,2025-05-12,pending,12680898.17
1821,619,2025-11-21,cancelled,13904612.89
1822,837,2025-04-16,completed,4127098.95
1823,333,2025-04-23,completed,6372590.32
1824,596,2025-04-15,pending,12900325.81
1825,160,2025-07-22,completed,23078184.68
1826,748,2025-04-29,pending,6406565.98
1827,378,2025-08-11,completed,28197792.45
1828,96,2025-09-03,completed,20753233.62
1829,471,2025-04-03,completed,27806994.49
1830,194,2025-04-01,cancelled,3791461.64
1831,966,2025-09-09,pending,6508404.07
1832,664,2025-04-03,completed,3166147.76
1833,318,2025-01-11,completed,47742185.35
1834,838,2025-04-01,completed,29013731.22
1835,623,2025-12-18,completed,37768472.76
1836,147,2025-02-05,completed,7315345.42
1837,252,2025-08-07,completed,26038399.55
1838,994,2025-11-27,completed,19882307.76
1839,742,2025-02-21,cancelled,14200882.64
1840,745,2025-03-12,failed,9636308.64
1841,618,2025-01-07,completed,25400236.03
1842,394,2025-07-13,completed,20637455.7
1843,847,2025-02-26,completed,11240615.47
1844,958,2025-11-26,completed,20017773.18
1845,255,2025-03-09,failed,1781268.69
1846,275,2025-02-12,completed,6406565.98
1847,615,2025-11-18,completed,2084854.67
1848,981,2025-01-05,failed,18208421.4
1849,556,2025-02-24,pending,55134523.46
1850,874,2025-06-23,pending,1208788.51
1851,208,2025-02-13,completed,22261647.5
1852,778,2025-09-03,cancelled,1063229.64
1853,836,2025-08-16,completed,4951689.05
1854,340,2025-06-07,completed,3713610.1
1855,250,2025-03-21,completed,24696675.44
1856,709,2025-10-06,completed,13256338.4
1857,557,2025-11-18,completed,21217540.56
1858,845,2025-01-11,completed,21251560.84
1859,558,2025-02-22,completed,36895585.96
1860,524,2025-02-22,failed,4759383.54
1861,146,2025-08-01,completed,12820183.82
1862,25,2025-04-25,completed,537087.75
1863,395,2025-08-07,completed,20779559.61
1864,672,2025-06-30,completed,15476884.81
1865,944,2025-04-26,pending,23473207.82
1866,704,2025-07-16,pending,41424244.9
1867,504,2025-02-27,completed,30708192.6
1868,230,2025-02-26,completed,5095688.6
1869,366,2025-05-25,completed,13367637.99
1870,342,2025-11-12,completed,8868970.95
1871,946,2025-07-04,completed,30977466.99
1872,620,2025-01-23,completed,19754077.87
1873,439,2025-04-02,cancelled,11221929.34
1874,615,2025-06-21,completed,29751556.65
1875,436,2025-12-14,completed,7882699.21
1876,704,2025-12-08,completed,14337195.95
1877,838,2025-11-16,completed,5745342.68
1878,897,2025-06-28,completed,2044205.32
1879,939,2025-05-19,completed,4788507.82
1880,378,2025-12-05,completed,18657498.32
1881,818,2025-12-31,completed,8339418.68
1882,883,2025-01-02,completed,24867147.01
1883,151,2025-12-02,completed,42939217.96
1884,400,2025-03-17,completed,42929566.75
1885,835,2025-09-02,completed,41728363.37
1886,592,2025-02-27,completed,765891.32
1887,149,2025-05-23,completed,27187397.27
1888,131,2025-06-15,completed,37412564.94
1889,362,2025-07-17,completed,23306371.15
1890,435,2025-09-11,completed,18684792.96
1891,997,2025-12-22,completed,31663686.81
1892,813,2025-11-05,pending,25021918.48
1893,142,2025-06-20,failed,16195596.84
1894,944,2025-12-01,completed,31647344.95
1895,429,2025-07-16,cancelled,20324410.38
1896,552,2025-09-12,cancelled,23469799.55
1897,546,2025-09-10,cancelled,2590672.0
1898,394,2025-04-28,completed,8709263.48
1899,733,2025-10-25,completed,37575536.9
1900,592,2025-09-27,failed,37205627.29
1901,831,2025-12-22,pending,2346452.44
1902,720,2025-04-23,completed,40727064.94
1903,371,2025-05-01,completed,24584175.78
1904,872,2025-04-15,completed,18144837.47
1905,572,2025-07-05,completed,24817380.79
1906,944,2025-03-10,completed,23779687.24
1907,934,2025-01-31,completed,26570634.38
1908,870,2025-07-04,failed,30080000.85
1909,302,2025-03-13,completed,13723077.15
1910,856,2025-03-15,failed,5114297.59
1911,996,2025-10-10,completed,26226648.75
1912,216,2025-05-05,failed,7291248.34
1913,58,2025-04-25,pending,11312737.84
1914,121,2025-03-12,pending,21163435.8
1915,147,2025-12-27,completed,29951092.13
1916,713,2025-01-14,completed,5229748.24
1917,56,2025-07-10,pending,6213002.38
1918,679,2025-02-24,cancelled,9749878.44
1919,489,2025-02-07,failed,3840987.19
1920,892,2025-11-01,completed,17770996.72
1921,151,2025-01-16,completed,12364406.36
1922,81,2025-03-14,completed,20298300.1
1923,13,2025-02-09,cancelled,26146128.84
1924,154,2025-08-02,failed,11140830.3
1925,482,2025-04-04,pending,16719516.73
1926,767,2025-03-13,cancelled,9562066.29
1927,972,2025-12-24,completed,24380033.55
1928,422,2025-08-29,pending,17072695.98
1929,455,2025-06-22,failed,7010334.36
1930,712,2025-11-27,completed,15573651.76
1931,114,2025-05-27,completed,20991957.55
1932,903,2025-01-31,pending,18081624.04
1933,619,2025-01-17,failed,36426627.45
1934,516,2025-03-30,completed,12345417.39
1935,406,2025-01-06,failed,13058814.0
1936,697,2025-08-05,completed,11092748.11
1937,729,2025-10-11,failed,14549370.76
1938,942,2025-05-13,cancelled,20047790.92
1939,314,2025-09-14,pending,11392738.7
1940,434,2025-04-27,completed,23887896.02
1941,997,2025-05-20,completed,37258229.11
1942,387,2025-09-25,completed,11132780.21
1943,411,2025-04-19,cancelled,9201499.53
1944,225,2025-01-29,completed,8250380.21
1945,843,2025-04-05,pending,5346144.26
1946,620,2025-10-14,failed,15570743.69
1947,837,2025-02-09,pending,15837981.52
1948,489,2025-08-28,completed,21851111.8
1949,658,2025-12-01,completed,16436384.12
1950,169,2025-07-14,completed,7832949.52
1951,663,2025-07-10,completed,4988437.26
1952,277,2025-04-10,completed,15640161.98
1953,80,2025-02-23,completed,1901606.8
1954,798,2025-11-05,failed,42699350.48
1955,29,2025-06-21,completed,9628631.15
1956,167,2025-05-25,cancelled,7874371.44
1957,67,2025-02-24,completed,3967343.92
1958,12,2025-11-02,failed,3334418.49
1959,193,2025-06-08,cancelled,24093882.72
1960,654,2025-04-14,completed,2148351.0
1961,276,2025-05-04,completed,5861771.47
1962,579,2025-10-19,completed,12328109.87
1963,810,2025-10-16,completed,24279949.21
1964,50,2025-01-24,completed,5160158.82
1965,967,2025-02-17,completed,22432910.05
1966,366,2025-01-05,failed,20475380.84
1967,982,2025-05-25,completed,27721790.49
1968,200,2025-09-14,completed,12893375.66
1969,744,2025-07-20,completed,15584761.58
1970,720,2025-03-08,pending,14127162.6
1971,340,2025-02-19,completed,6575024.08
1972,104,2025-09-15,cancelled,11011596.78
1973,25,2025-03-18,cancelled,2673072.13
1974,489,2025-07-15,cancelled,30105054.02
1975,298,2025-01-20,completed,12251729.95
1976,699,2025-03-19,completed,13739074.9
1977,907,2025-02-10,pending,15362406.57
1978,976,2025-02-17,pending,54893976.95
1979,906,2025-04-29,completed,26236049.55
1980,670,2025-12-15,completed,16815257.48
1981,987,2025-03-24,cancelled,5645740.27
1982,747,2025-09-22,cancelled,41255076.76
1983,536,2025-11-30,failed,7163176.18
1984,459,2025-06-24,failed,34959550.05
1985,348,2025-03-09,completed,15444790.47
1986,639,2025-07-04,failed,50609670.38
1987,41,2025-08-09,pending,26060020.42
1988,397,2025-12-16,completed,23056653.19
1989,626,2025-04-17,cancelled,5618020.88
1990,982,2025-02-08,completed,32553412.16
1991,643,2025-10-18,completed,23589035.75
1992,825,2025-02-19,completed,29507232.02
1993,785,2025-03-15,failed,23780979.38
1994,561,2025-06-08,failed,2325788.62
1995,511,2025-02-14,completed,33662806.83
1996,322,2025-08-21,completed,45649400.22
1997,166,2025-06-01,completed,12926861.94
1998,591,2025-05-24,completed,15933324.67
1999,92,2025-06-30,completed,16016414.95
2000,728,2025-04-02,failed,10689978.5
2001,265,2025-08-24,completed,13748733.57
2002,782,2025-05-12,completed,16199052.69
2003,947,2025-11-29,completed,8339418.68
2004,996,2025-03-05,cancelled,5162908.68
2005,41,2025-09-07,completed,21117128.45
2006,411,2025-05-27,completed,18647365.69
2007,940,2025-11-14,pending,12667209.1
2008,452,2025-03-08,completed,7069989.12
2009,866,2025-09-20,cancelled,7843165.16
2010,383,2025-06-10,completed,22815823.22
2011,424,2025-12-16,cancelled,7832949.52
2012,270,2025-08-19,pending,26297889.89
2013,636,2025-01-22,pending,26159746.91
2014,759,2025-01-30,failed,28765731.8
2015,717,2025-05-06,failed,25061174.16
2016,9,2025-10-15,completed,6174943.06
2017,298,2025-02-23,completed,20696994.2
2018,584,2025-03-23,completed,30472197.08
2019,229,2025-02-07,completed,21350020.9
2020,686,2025-08-25,completed,31102144.63
2021,478,2025-06-28,completed,41520162.82
2022,548,2025-11-25,failed,24452476.98
2023,112,2025-08-27,completed,3333562.77
2024,750,2025-04-03,completed,9825358.54
2025,787,2025-07-23,completed,4961568.03
2026,412,2025-04-13,completed,8802276.42
2027,325,2025-02-03,completed,9105808.32
2028,498,2025-11-06,completed,9241488.58
2029,760,2025-12-26,completed,15778719.44
2030,286,2025-02-28,completed,15987344.58
2031,559,2025-01-20,completed,13935033.05
2032,150,2025-08-29,pending,16976299.81
2033,328,2025-04-20,cancelled,43326495.75
2034,616,2025-01-17,failed,9535538.06
2035,64,2025-07-14,failed,19451073.12
2036,809,2025-07-05,completed,53278029.49
2037,219,2025-08-31,completed,12623031.87
2038,889,2025-04-19,completed,33589852.69
2039,434,2025-12-17,completed,11151662.23
2040,651,2025-05-10,completed,4977491.23
2041,146,2025-02-12,completed,15647668.26
2042,415,2025-05-21,completed,32906292.28
2043,895,2025-06-02,pending,18630683.52
2044,893,2025-08-20,completed,39603525.75
2045,220,2025-09-26,pending,10832251.86
2046,189,2025-05-13,failed,20249079.13
2047,95,2025-01-28,completed,52316498.43
2048,987,2025-06-25,failed,45783660.0
2049,169,2025-06-02,completed,14332026.39
2050,965,2025-06-28,completed,9983782.01
2051,487,2025-09-04,cancelled,6642991.96
2052,803,2025-12-19,completed,11497612.88
2053,448,2025-12-23,completed,13561270.53
2054,585,2025-12-21,completed,25795958.89
2055,575,2025-01-06,failed,52316755.14
2056,204,2025-11-02,completed,6642079.63
2057,593,2025-12-08,cancelled,15617311.4
2058,332,2025-03-16,pending,2649463.24
2059,15,2025-06-12,completed,12251729.95
2060,957,2025-08-23,completed,29553814.36
2061,886,2025-09-13,completed,6779892.6
2062,812,2025-02-28,pending,15449670.21
2063,270,2025-07-28,cancelled,42695986.99
2064,462,2025-01-02,failed,26100090.87
2065,650,2025-03-06,completed,40247927.6
2066,993,2025-11-24,cancelled,11219615.69
2067,38,2025-02-19,completed,30388535.68
2068,431,2025-04-07,pending,21319924.52
2069,793,2025-10-07,completed,15121822.06
2070,387,2025-11-04,completed,7796344.98
2071,215,2025-06-28,completed,23624129.16
2072,591,2025-12-14,completed,29773368.65
2073,834,2025-07-09,completed,1583073.88
2074,310,2025-01-09,completed,29371319.24
2075,839,2025-09-15,failed,14274038.61
2076,717,2025-03-05,completed,11589687.35
2077,467,2025-11-29,completed,9273506.4
2078,361,2025-07-30,completed,11140830.3
2079,437,2025-10-05,cancelled,5533390.2
2080,117,2025-06-21,completed,3550220.66
2081,439,2025-08-23,completed,16760883.15
2082,567,2025-04-01,cancelled,21147371.76
2083,556,2025-03-25,completed,20822063.9
2084,292,2025-07-15,failed,20673323.28
2085,706,2025-12-04,pending,6149739.18
2086,650,2025-08-12,completed,37400995.13
2087,636,2025-12-26,failed,43952086.55
2088,90,2025-02-20,failed,15543380.64
2089,92,2025-02-23,pending,10875260.88
2090,632,2025-01-09,completed,15964480.39
2091,509,2025-02-23,pending,8314062.1
2092,950,2025-11-16,cancelled,27682114.5
2093,649,2025-02-21,completed,25191753.13
2094,596,2025-09-15,failed,24199653.98
2095,684,2025-01-17,completed,34902902.43
2096,217,2025-08-04,completed,14075140.28
2097,565,2025-08-21,completed,6955247.39
2098,201,2025-02-28,failed,26985540.54
2099,974,2025-08-29,completed,31611101.57
2100,991,2025-06-29,failed,4644124.89
2101,423,2025-08-26,failed,2155413.6
2102,721,2025-11-27,failed,26458621.73
2103,8,2025-07-22,completed,31360840.67
2104,520,2025-04-25,completed,447151.5
2105,901,2025-05-18,pending,22039553.12
2106,315,2025-05-16,failed,29043197.05
2107,690,2025-08-01,completed,33750993.88
2108,922,2025-01-03,completed,30075817.39
2109,16,2025-01-17,completed,22497745.28
2110,810,2025-03-20,completed,13194106.75
2111,840,2025-09-23,pending,13829537.78
2112,326,2025-11-04,completed,34302053.15
2113,983,2025-03-29,cancelled,33611252.8
2114,248,2025-08-09,cancelled,42781173.07
2115,198,2025-07-20,cancelled,28619651.73
2116,403,2025-11-26,failed,25271882.54
2117,821,2025-01-27,cancelled,4169709.34
2118,132,2025-08-08,pending,11160030.34
2119,746,2025-07-19,completed,26171716.86
2120,926,2025-07-26,completed,24659820.65
2121,163,2025-09-22,completed,9585065.64
2122,102,2025-04-29,pending,25280468.42
2123,517,2025-03-06,completed,26982831.8
2124,591,2025-11-20,failed,13848299.14
2125,864,2025-07-20,failed,17279036.07
2126,939,2025-11-18,completed,51228577.49
2127,163,2025-10-11,completed,12349886.12
2128,96,2025-04-15,completed,8143558.9
2129,448,2025-01-14,completed,27222797.1
2130,789,2025-11-18,cancelled,39755066.19
2131,29,2025-03-20,cancelled,17032350.35
2132,557,2025-12-29,completed,25929783.71
2133,392,2025-10-20,completed,8961873.96
2134,465,2025-03-08,pending,7728274.71
2135,797,2025-11-20,completed,37984439.1
2136,246,2025-04-06,pending,13058814.0
2137,305,2025-04-24,completed,26984353.24
2138,861,2025-10-02,completed,17178383.34
2139,789,2025-07-13,completed,15592689.96
2140,53,2025-12-04,completed,22665608.86
2141,958,2025-02-12,completed,11432154.95
2142,24,2025-11-18,pending,16164113.96
2143,888,2025-10-24,completed,10057689.41
2144,471,2025-02-26,cancelled,7489839.43
2145,110,2025-03-04,completed,38008688.14
2146,269,2025-05-25,completed,9004018.29
2147,80,2025-02-17,completed,4750407.4
2148,935,2025-07-05,failed,6712340.66
2149,401,2025-04-17,completed,7447535.6
2150,815,2025-09-09,completed,9114190.96
2151,76,2025-07-31,completed,19304449.28
2152,79,2025-11-17,completed,17851960.72
2153,430,2025-12-18,completed,27505861.91
2154,649,2025-06-10,completed,23535948.69
2155,185,2025-03-24,completed,3461337.56
2156,926,2025-01-06,completed,32715421.36
2157,581,2025-12-04,pending,4452329.5
2158,876,2025-11-07,completed,58726725.56
2159,1000,2025-03-02,completed,10130480.07
2160,496,2025-06-27,cancelled,14250290.64
2161,560,2025-11-04,completed,13582981.2
2162,535,2025-03-23,pending,145977.45
2163,949,2025-05-11,completed,2853745.65
2164,621,2025-04-09,completed,6426726.5
2165,24,2025-10-02,cancelled,47530696.07
2166,780,2025-09-20,completed,6149739.18
2167,888,2025-04-21,completed,23589035.75
2168,921,2025-02-28,completed,693030.3
2169,336,2025-01-16,completed,223926.27
2170,86,2025-04-23,pending,25939385.19
2171,963,2025-12-21,completed,12603605.75
2172,281,2025-05-18,completed,4213515.66
2173,977,2025-04-13,completed,20985392.94
2174,726,2025-06-28,cancelled,37744359.89
2175,302,2025-11-30,completed,24181986.39
2176,447,2025-09-11,cancelled,50002929.61
2177,945,2025-07-24,completed,15151214.12
2178,178,2025-05-09,completed,12758243.69
2179,867,2025-12-18,pending,45601026.41
2180,985,2025-05-24,completed,23768412.85
2181,598,2025-02-22,failed,16333435.3
2182,320,2025-10-28,completed,27773750.27
2183,977,2025-04-16,pending,40368984.74
2184,444,2025-09-07,completed,5315616.36
2185,611,2025-08-05,pending,38115410.34
2186,836,2025-05-20,completed,9425674.41
2187,111,2025-11-15,cancelled,13465200.45
2188,440,2025-07-16,completed,17015423.7
2189,362,2025-10-18,completed,26186737.64
2190,840,2025-11-20,completed,50424448.4
2191,172,2025-08-19,completed,23544022.65
2192,260,2025-09-19,cancelled,19950168.25
2193,301,2025-07-29,cancelled,53801236.84
2194,974,2025-11-27,cancelled,15189652.39
2195,408,2025-06-30,completed,45899127.48
2196,185,2025-02-28,failed,29002541.98
2197,440,2025-06-15,failed,8026568.44
2198,367,2025-04-06,completed,7319002.85
2199,221,2025-02-07,pending,13699459.53
2200,381,2025-07-10,completed,19128054.76
2201,126,2025-06-10,completed,16233080.25
2202,705,2025-06-13,completed,8256949.93
2203,219,2025-06-18,completed,684196.5
2204,815,2025-10-18,completed,21565758.13
2205,576,2025-04-30,completed,36040546.15
2206,291,2025-07-17,cancelled,10095309.8
2207,540,2025-04-19,completed,16292469.34
2208,575,2025-02-22,completed,20896997.64
2209,969,2025-11-08,failed,858908.73
2210,77,2025-12-10,cancelled,16593884.16
2211,432,2025-11-27,pending,22051683.31
2212,326,2025-08-11,failed,30106101.09
2213,203,2025-06-13,completed,42581108.56
2214,822,2025-01-26,completed,37735258.11
2215,48,2025-09-13,completed,8571586.2
2216,123,2025-08-04,completed,15237308.27
2217,176,2025-08-20,cancelled,29934583.49
2218,606,2025-06-17,completed,24019253.57
2219,591,2025-05-02,completed,25377370.08
2220,19,2025-05-26,pending,2649463.24
2221,5,2025-10-22,completed,19015110.33
2222,135,2025-05-26,failed,39576784.73
2223,38,2025-07-26,cancelled,40880356.08
2224,41,2025-09-28,completed,1163607.22
2225,17,2025-11-27,completed,5112732.52
2226,98,2025-08-29,failed,23406384.07
2227,741,2025-08-01,completed,18305048.15
2228,325,2025-05-21,failed,33511984.4
2229,410,2025-06-27,completed,2987831.86
2230,794,2025-10-12,completed,35429065.61
2231,628,2025-09-10,completed,6584807.6
2232,306,2025-07-21,pending,15701423.51
2233,506,2025-08-21,failed,2862125.13
2234,991,2025-11-25,completed,33121153.7
2235,961,2025-07-11,cancelled,18281053.5
2236,30,2025-02-22,completed,21520285.86
2237,846,2025-01-25,completed,8080097.45
2238,108,2025-03-13,completed,30845262.71
2239,742,2025-12-19,completed,20908770.17
2240,175,2025-04-26,completed,16606203.64
2241,742,2025-04-08,failed,21856161.39
2242,836,2025-07-08,cancelled,19052526.77
2243,957,2025-01-03,pending,9450902.36
2244,266,2025-01-27,failed,26282531.33
2245,114,2025-01-23,completed,30151785.22
2246,77,2025-06-05,completed,48515767.6
2247,705,2025-06-18,cancelled,10528123.31
2248,277,2025-07-14,pending,6358665.39
2249,948,2025-03-29,completed,16028536.12
2250,472,2025-10-26,completed,41894442.1
2251,327,2025-03-06,failed,3440105.88
2252,772,2025-03-17,cancelled,19610241.17
2253,653,2025-07-31,completed,5019926.06
2254,126,2025-12-09,cancelled,25613508.91
2255,247,2025-09-28,cancelled,16375533.51
2256,678,2025-09-02,completed,11087097.82
2257,330,2025-05-24,failed,18265946.04
2258,232,2025-09-05,completed,1476353.95
2259,785,2025-05-16,completed,19491598.36
2260,85,2025-12-31,completed,44085884.48
2261,856,2025-10-13,failed,21468577.09
2262,676,2025-05-05,pending,26600804.23
2263,712,2025-04-16,completed,10692288.52
2264,996,2025-02-08,completed,15764492.72
2265,218,2025-01-31,completed,8502351.18
2266,222,2025-12-10,completed,13604727.92
2267,193,2025-07-17,completed,12981225.02
2268,349,2025-02-23,completed,18996706.21
2269,780,2025-10-30,cancelled,6127946.72
2270,880,2025-09-21,completed,5687516.06
2271,726,2025-06-09,completed,22608497.53
2272,158,2025-12-02,failed,19234048.88
2273,109,2025-09-16,completed,17751103.3
2274,939,2025-04-23,completed,35601034.85
2275,999,2025-07-17,completed,15762757.7
2276,526,2025-11-14,completed,26120198.12
2277,193,2025-07-24,completed,2874978.48
2278,434,2025-05-23,completed,22413040.55
2279,315,2025-12-18,failed,25080122.23
2280,664,2025-10-23,completed,10439945.11
2281,473,2025-03-17,completed,27260443.29
2282,247,2025-02-26,completed,58390.98
2283,192,2025-08-24,completed,15497744.72
2284,488,2025-01-15,pending,21243175.69
2285,464,2025-09-29,completed,14150312.38
2286,122,2025-05-16,cancelled,26774668.38
2287,363,2025-02-13,completed,2282996.52
2288,155,2025-04-19,completed,12128360.6
2289,442,2025-09-15,cancelled,19634810.15
2290,55,2025-06-20,completed,16915930.71
2291,379,2025-05-20,completed,6605473.86
2292,665,2025-01-26,completed,39088170.67
2293,199,2025-08-05,completed,12487965.78
2294,413,2025-04-07,completed,24713068.91
2295,283,2025-11-01,cancelled,57904522.15
2296,506,2025-11-08,cancelled,7875422.93
2297,112,2025-08-10,pending,44381994.54
2298,662,2025-01-26,completed,16638326.96
2299,225,2025-02-26,completed,24350311.03
2300,917,2025-01-28,completed,37653476.67
2301,273,2025-10-22,completed,46663525.69
2302,545,2025-02-03,completed,17168855.6
2303,232,2025-05-22,cancelled,16457003.33
2304,734,2025-12-25,completed,15155398.22
2305,403,2025-07-20,completed,9182870.32
2306,752,2025-04-23,failed,9144192.02
2307,275,2025-12-21,completed,8720593.62
2308,176,2025-04-16,failed,1394205.15
2309,356,2025-04-15,pending,33250396.49
2310,723,2025-05-28,cancelled,16564047.08
2311,752,2025-05-28,completed,34903431.05
2312,190,2025-02-18,cancelled,22181891.2
2313,638,2025-12-25,completed,25575040.99
2314,874,2025-06-06,pending,2884285.56
2315,175,2025-05-03,completed,25510472.09
2316,72,2025-12-15,completed,2149591.69
2317,341,2025-04-06,completed,15800697.74
2318,986,2025-03-14,completed,25407459.16
2319,486,2025-12-08,completed,8141921.55
2320,22,2025-06-21,completed,11448500.52
2321,903,2025-05-16,completed,20309411.37
2322,696,2025-03-29,failed,11264371.41
2323,609,2025-01-05,completed,13542588.59
2324,598,2025-08-31,completed,3468801.92
2325,895,2025-09-08,completed,35387768.69
2326,113,2025-08-30,completed,33541657.56
2327,581,2025-01-09,pending,11815218.57
2328,856,2025-05-29,completed,13767770.28
2329,516,2025-09-26,completed,16154362.13
2330,794,2025-03-17,completed,35232896.71
2331,312,2025-02-21,failed,23068141.93
2332,464,2025-06-21,completed,28947501.31
2333,559,2025-06-29,completed,18455853.93
2334,499,2025-12-06,completed,16521496.55
2335,470,2025-07-06,completed,23218007.05
2336,309,2025-06-30,pending,24703260.75
2337,913,2025-06-20,cancelled,24341799.45
2338,878,2025-12-06,failed,1295336.0
2339,496,2025-11-02,completed,23987714.42
2340,703,2025-05-19,cancelled,4220465.41
2341,22,2025-11-24,completed,12018892.94
2342,877,2025-07-30,completed,4201427.86
2343,146,2025-12-04,completed,66786303.28
2344,32,2025-09-12,completed,26041743.16
2345,759,2025-10-23,pending,23473001.9
2346,369,2025-08-09,completed,14806536.6
2347,199,2025-02-15,completed,25334168.72
2348,111,2025-11-24,completed,29444147.55
2349,696,2025-11-17,cancelled,40070841.08
2350,982,2025-08-19,cancelled,22267172.24
2351,272,2025-03-31,pending,1181083.16
2352,910,2025-06-28,completed,5476999.25
2353,604,2025-07-20,completed,2557907.2
2354,317,2025-05-22,completed,31805678.32
2355,594,2025-01-22,cancelled,22868468.42
2356,352,2025-12-26,failed,14849276.78
2357,126,2025-11-10,completed,22375290.82
2358,581,2025-08-21,failed,44362600.71
2359,296,2025-06-27,completed,33717651.55
2360,511,2025-01-05,pending,26626362.42
2361,478,2025-03-17,pending,24095448.42
2362,536,2025-03-18,completed,25778925.55
2363,572,2025-11-16,pending,13211846.98
2364,311,2025-03-25,completed,14292082.95
2365,67,2025-05-28,failed,6429112.91
2366,16,2025-05-31,completed,8703812.11
2367,223,2025-01-21,completed,10218762.52
2368,127,2025-10-31,completed,24137078.69
2369,314,2025-09-08,completed,64378009.31
2370,361,2025-08-09,pending,25182085.6
2371,52,2025-01-01,completed,37666287.17
2372,359,2025-03-12,completed,11847522.18
2373,682,2025-09-15,failed,9751001.52
2374,159,2025-10-15,completed,23224333.59
2375,147,2025-05-19,pending,3836860.8
2376,443,2025-04-11,cancelled,14021220.8
2377,298,2025-02-11,completed,14134797.08
2378,485,2025-01-17,completed,3957684.7
2379,832,2025-05-08,pending,9701786.78
2380,396,2025-11-23,completed,34167899.92
2381,991,2025-07-24,completed,7039860.81
2382,943,2025-05-14,completed,4792532.82
2383,319,2025-11-02,completed,45369747.47
2384,447,2025-10-16,pending,28175069.5
2385,824,2025-06-15,cancelled,7058341.1
2386,700,2025-03-13,failed,20998288.25
2387,257,2025-04-13,completed,7267875.42
2388,568,2025-08-02,completed,14333932.91
2389,313,2025-06-04,completed,14403727.82
2390,581,2025-06-02,pending,26636324.21
2391,559,2025-08-25,completed,23735656.41
2392,802,2025-07-12,failed,3538354.15
2393,99,2025-08-12,completed,20103185.6
2394,453,2025-09-27,pending,35303186.96
2395,516,2025-06-10,pending,58390.98
2396,367,2025-12-31,completed,3397179.24
2397,438,2025-07-01,completed,27111297.28
2398,985,2025-08-04,completed,23936381.29
2399,29,2025-08-25,cancelled,17143172.4
2400,981,2025-01-14,failed,15551396.53
2401,91,2025-08-04,failed,18448065.7
2402,630,2025-03-13,completed,17209802.35
2403,595,2025-05-05,cancelled,9974687.62
2404,131,2025-07-11,cancelled,46827764.37
2405,922,2025-10-06,cancelled,14374892.4
2406,55,2025-05-31,failed,34400652.94
2407,129,2025-07-21,completed,39504070.5
2408,7,2025-12-10,completed,24609012.4
2409,472,2025-09-23,failed,8303101.82
2410,87,2025-01-28,completed,38271488.92
2411,850,2025-05-19,pending,13186872.95
2412,342,2025-02-24,cancelled,27468691.89
2413,842,2025-02-19,completed,18431430.91
2414,494,2025-10-17,pending,15690951.57
2415,886,2025-06-19,completed,16098464.39
2416,759,2025-03-04,cancelled,28439453.5
2417,524,2025-12-12,pending,12094275.46
2418,719,2025-01-28,completed,48080865.5
2419,148,2025-09-22,cancelled,22801941.42
2420,140,2025-09-11,completed,16658603.39
2421,656,2025-12-12,failed,12520555.3
2422,309,2025-03-21,pending,60456519.08
2423,737,2025-06-09,completed,21906243.84
2424,639,2025-09-06,pending,12698061.48
2425,118,2025-04-13,completed,14907883.41
2426,157,2025-01-01,cancelled,4037589.45
2427,533,2025-03-03,completed,29078114.95
2428,210,2025-05-07,completed,28325695.82
2429,26,2025-08-31,failed,18211616.64
2430,455,2025-09-16,completed,18563908.7
2431,949,2025-01-29,completed,31204153.42
2432,415,2025-06-03,completed,25793908.92
2433,840,2025-04-05,completed,11252268.56
2434,267,2025-10-07,failed,7706784.28
2435,698,2025-11-10,completed,5940309.81
2436,632,2025-12-03,completed,16607479.9
2437,150,2025-08-10,pending,37810581.28
2438,190,2025-01-12,completed,14630690.84
2439,247,2025-12-03,completed,31758332.25
2440,760,2025-09-19,pending,10095309.8
2441,206,2025-10-07,completed,14586711.28
2442,297,2025-09-03,completed,28316538.85
2443,103,2025-12-08,cancelled,10925052.84
2444,377,2025-09-10,pending,25712384.36
2445,401,2025-05-21,completed,47483695.66
2446,820,2025-12-24,completed,19634810.15
2447,427,2025-08-26,failed,11850378.53
2448,152,2025-08-06,completed,570749.13
2449,469,2025-05-26,completed,25964743.02
2450,399,2025-10-16,completed,17469245.42
2451,311,2025-10-25,completed,19829760.02
2452,667,2025-11-27,pending,14210988.4
2453,456,2025-11-14,completed,2809010.44
2454,986,2025-07-01,completed,17629875.01
2455,904,2025-08-28,pending,14333245.14
2456,284,2025-08-23,completed,22471076.01
2457,367,2025-03-23,cancelled,5749956.96
2458,216,2025-09-15,completed,26709541.42
2459,538,2025-12-28,completed,30952563.77
2460,65,2025-09-20,completed,1914420.16
2461,156,2025-12-02,completed,17644814.09
2462,737,2025-12-02,cancelled,2581454.34
2463,471,2025-06-23,pending,20123062.67
2464,286,2025-03-13,failed,12502644.8
2465,311,2025-12-04,completed,7934687.84
2466,939,2025-02-04,failed,26301875.76
2467,496,2025-11-27,completed,3945384.01
2468,621,2025-08-30,pending,21695324.77
2469,590,2025-04-03,pending,14566737.12
2470,795,2025-09-17,pending,20720706.2
2471,266,2025-09-27,completed,8027041.47
2472,332,2025-12-24,cancelled,19418838.43
2473,357,2025-10-25,cancelled,17539806.29
2474,850,2025-11-13,completed,28746422.78
2475,47,2025-02-04,completed,11066308.29
2476,238,2025-03-23,completed,36188534.79
2477,109,2025-12-07,completed,23659008.59
2478,488,2025-12-14,completed,9496955.12
2479,791,2025-04-29,failed,16975497.73
2480,108,2025-05-02,completed,35019520.66
2481,774,2025-07-16,completed,10419175.17
2482,64,2025-02-02,cancelled,34027690.36
2483,118,2025-05-09,completed,4676116.46
2484,453,2025-02-07,failed,15532505.95
2485,622,2025-07-11,pending,14936611.78
2486,946,2025-01-16,completed,24609983.58
2487,111,2025-06-14,pending,3967343.92
2488,387,2025-08-19,completed,338477.22
2489,588,2025-11-23,cancelled,26616481.9
2490,201,2025-04-13,completed,14566737.12
2491,449,2025-09-09,pending,12376048.3
2492,231,2025-05-27,completed,14313191.36
2493,445,2025-03-24,failed,15335832.55
2494,829,2025-09-28,failed,5502798.6
2495,89,2025-04-09,cancelled,4733128.9
2496,645,2025-01-13,pending,30430782.49
2497,209,2025-02-19,completed,1226160.98
2498,915,2025-03-13,completed,7248625.93
2499,793,2025-07-04,completed,14949591.9
2500,560,2025-10-18,failed,6267191.36
2501,349,2025-02-06,completed,35246253.77
2502,748,2025-12-16,pending,3032090.15
2503,541,2025-11-25,completed,9906212.82
2504,853,2025-04-08,completed,18378182.28
2505,848,2025-10-20,completed,4600671.26
2506,361,2025-09-14,completed,1466093.49
2507,922,2025-11-13,cancelled,10819124.25
2508,821,2025-03-12,completed,27919169.42
2509,438,2025-08-13,pending,1518912.87
2510,895,2025-07-12,completed,9452304.24
2511,81,2025-10-19,completed,7629290.76
2512,306,2025-09-22,completed,20967884.82
2513,511,2025-03-02,completed,2045527.34
2514,616,2025-01-27,cancelled,9107755.02
2515,24,2025-06-19,completed,37531023.06
2516,945,2025-05-29,failed,23965998.01
2517,400,2025-05-09,pending,21035667.99
2518,70,2025-07-03,failed,39180364.8
2519,992,2025-03-22,completed,26507755.29
2520,548,2025-02-08,cancelled,6227704.64
2521,874,2025-05-04,cancelled,32218748.14
2522,513,2025-11-09,completed,17721068.23
2523,634,2025-07-24,completed,36404585.84
2524,715,2025-10-07,completed,40117745.59
2525,483,2025-10-26,completed,19196873.05
2526,31,2025-12-01,completed,52100497.13
2527,432,2025-06-23,completed,28725442.52
2528,343,2025-04-13,failed,29699482.9
2529,143,2025-01-31,completed,7546892.24
2530,837,2025-10-08,pending,32169778.38
2531,947,2025-06-18,failed,39814825.09
2532,935,2025-12-06,completed,4241992.81
2533,506,2025-05-01,completed,45780996.36
2534,927,2025-10-16,cancelled,1861883.9
2535,856,2025-12-26,failed,17547468.07
2536,355,2025-01-19,completed,6153683.89
2537,613,2025-08-02,pending,1903448.56
2538,952,2025-11-10,completed,19335555.9
2539,491,2025-10-10,completed,13748733.57
2540,741,2025-05-19,completed,25993569.34
2541,37,2025-02-23,completed,12323227.68
2542,231,2025-09-17,pending,24956621.54
2543,442,2025-06-29,completed,22759668.76
2544,801,2025-06-05,failed,31017788.31
2545,22,2025-04-27,completed,35140963.16
2546,793,2025-01-14,failed,24811624.56
2547,548,2025-04-11,cancelled,40441921.38
2548,699,2025-07-14,pending,21209964.05
2549,566,2025-01-10,completed,15441454.06
2550,397,2025-01-27,failed,2638821.35
2551,713,2025-07-13,completed,26624258.03
2552,719,2025-08-09,completed,22560181.22
2553,142,2025-10-09,completed,1111472.83
2554,121,2025-08-13,cancelled,4028579.25
2555,361,2025-07-08,completed,21778705.8
2556,448,2025-06-25,completed,5405008.43
2557,238,2025-05-02,completed,9735889.97
2558,11,2025-10-29,completed,8180049.84
2559,766,2025-07-31,failed,20365683.48
2560,582,2025-10-02,completed,17851960.72
2561,895,2025-01-08,pending,11829828.65
2562,833,2025-05-08,completed,2867439.19
2563,59,2025-02-09,completed,8465374.32
2564,185,2025-08-13,completed,20757754.55
2565,322,2025-01-23,completed,33809647.97
2566,671,2025-11-05,completed,8143113.24
2567,133,2025-05-30,cancelled,9311137.33
2568,491,2025-07-23,pending,9524579.51
2569,673,2025-03-04,completed,10612513.65
2570,257,2025-02-09,cancelled,15163759.8
2571,507,2025-04-16,pending,684196.5
2572,920,2025-07-02,failed,14303302.93
2573,455,2025-04-23,pending,18695578.33
2574,965,2025-06-04,completed,10133824.9
2575,300,2025-10-10,failed,4566486.51
2576,251,2025-12-01,cancelled,15709457.35
2577,327,2025-05-17,pending,13298893.09
2578,516,2025-10-05,completed,43956719.33
2579,355,2025-01-28,completed,23589035.75
2580,974,2025-12-28,cancelled,18549396.84
2581,287,2025-09-06,completed,16933014.57
2582,934,2025-04-15,completed,18211241.17
2583,237,2025-09-24,completed,21476733.49
2584,216,2025-10-11,completed,11141650.29
2585,743,2025-07-10,failed,19916399.67
2586,37,2025-03-14,completed,9203702.01
2587,451,2025-12-24,pending,10601097.81
2588,976,2025-08-21,completed,32623070.04
2589,511,2025-01-11,failed,26183640.43
2590,277,2025-01-18,completed,13890300.02
2591,394,2025-10-29,completed,21853307.98
2592,62,2025-02-13,completed,33686059.66
2593,394,2025-11-09,completed,16979169.66
2594,884,2025-01-10,completed,26800339.65
2595,455,2025-07-16,completed,9284436.64
2596,211,2025-04-25,completed,29132383.32
2597,676,2025-04-05,completed,36526582.9
2598,54,2025-09-30,pending,17418526.96
2599,33,2025-06-06,cancelled,21652278.45
2600,960,2025-06-28,completed,25823007.2
2601,773,2025-11-08,completed,4817135.95
2602,830,2025-05-15,failed,30189292.81
2603,222,2025-10-30,failed,27913484.27
2604,350,2025-01-15,pending,15395513.41
2605,445,2025-11-15,failed,21818718.4
2606,802,2025-08-07,pending,8823460.44
2607,827,2025-01-30,completed,21725189.81
2608,398,2025-10-11,pending,8143113.24
2609,295,2025-12-14,failed,355064.55
2610,475,2025-10-01,completed,8694361.06
2611,737,2025-10-21,cancelled,25883927.35
2612,267,2025-09-23,completed,14706408.69
2613,479,2025-07-15,pending,45741842.42
2614,136,2025-05-02,completed,14955635.74
2615,819,2025-05-24,pending,14808799.77
2616,88,2025-05-21,completed,858908.73
2617,303,2025-10-05,completed,14774328.71
2618,405,2025-10-20,completed,14346041.07
2619,281,2025-11-12,completed,32641559.58
2620,676,2025-05-18,completed,3668894.31
2621,830,2025-12-01,failed,7973200.46
2622,13,2025-11-08,completed,72760539.73
2623,583,2025-06-07,pending,4638030.5
2624,857,2025-06-14,completed,16819210.55
2625,455,2025-04-02,completed,40575641.25
2626,451,2025-01-09,completed,25895629.33
2627,38,2025-08-27,completed,18286623.39
2628,654,2025-09-03,failed,145977.45
2629,224,2025-10-12,completed,36654329.41
2630,594,2025-01-30,completed,17683238.63
2631,919,2025-05-22,cancelled,36270189.51
2632,322,2025-10-10,completed,13783636.71
2633,185,2025-08-14,completed,4685196.32
2634,266,2025-05-22,failed,34702514.53
2635,131,2025-09-11,completed,25115017.27
2636,179,2025-11-19,completed,51321690.53
2637,672,2025-11-13,completed,2029296.46
2638,118,2025-04-30,pending,17796557.51
2639,189,2025-01-20,pending,4788404.22
2640,882,2025-09-17,completed,14046858.38
2641,325,2025-10-24,completed,19901011.17
2642,735,2025-10-11,completed,25365693.21
2643,975,2025-02-01,pending,2217799.2
2644,999,2025-05-13,completed,2122852.23
2645,695,2025-01-09,failed,9435614.3
2646,554,2025-06-30,pending,12584413.2
2647,615,2025-01-23,completed,29758384.17
2648,112,2025-06-29,completed,9944008.03
2649,455,2025-09-17,completed,22385575.28
2650,80,2025-09-19,completed,1922857.04
2651,334,2025-04-15,cancelled,9098255.88
2652,850,2025-07-10,failed,6995036.83
2653,426,2025-12-15,completed,31831897.68
2654,437,2025-11-25,completed,25192257.74
2655,26,2025-03-15,completed,20943575.62
2656,808,2025-11-07,completed,9443999.74
2657,999,2025-06-21,completed,2671585.4
2658,384,2025-11-30,completed,22971420.25
2659,637,2025-05-31,completed,12555239.8
2660,378,2025-03-24,completed,11628943.1
2661,953,2025-05-29,completed,11907143.14
2662,27,2025-10-30,completed,19939229.22
2663,217,2025-11-08,failed,4105817.09
2664,524,2025-06-10,pending,5229029.35
2665,803,2025-09-18,cancelled,12537967.88
2666,353,2025-12-31,completed,36319414.59
2667,851,2025-07-13,cancelled,48615196.37
2668,673,2025-01-17,pending,26695049.73
2669,391,2025-03-18,failed,6693558.51
2670,81,2025-11-29,completed,25407851.68
2671,579,2025-04-25,cancelled,16171703.44
2672,646,2025-10-22,cancelled,3222036.96
2673,552,2025-08-03,pending,7562683.19
2674,868,2025-03-04,cancelled,14744249.61
2675,622,2025-01-27,completed,30319676.31
2676,538,2025-12-04,cancelled,27769048.64
2677,325,2025-08-14,completed,1201908.64
2678,857,2025-04-10,cancelled,37457326.15
2679,933,2025-05-31,completed,7981890.64
2680,249,2025-06-18,failed,15674811.13
2681,237,2025-07-05,completed,26108942.53
2682,767,2025-06-11,completed,30283492.94
2683,247,2025-12-21,completed,5169821.67
2684,371,2025-07-29,completed,11772662.06
2685,574,2025-06-30,cancelled,4299183.38
2686,937,2025-02-09,completed,45522620.03
2687,496,2025-12-01,cancelled,6406565.98
2688,460,2025-04-28,failed,32855585.54
2689,236,2025-08-03,cancelled,27443447.38
2690,948,2025-03-06,cancelled,21189246.7
2691,796,2025-05-06,completed,17225039.53
2692,599,2025-12-12,pending,3440105.88
2693,621,2025-03-12,completed,16359269.93
2694,350,2025-05-27,completed,9262414.59
2695,84,2025-03-02,completed,22600704.74
2696,518,2025-08-04,completed,9155167.88
2697,507,2025-10-22,pending,5502798.6
2698,922,2025-04-12,completed,7590830.53
2699,16,2025-08-21,completed,19655794.34
2700,429,2025-03-03,completed,50902318.01
2701,729,2025-10-11,completed,8010409.24
2702,130,2025-02-21,failed,25730550.52
2703,854,2025-01-18,completed,7737803.88
2704,707,2025-01-13,completed,14905975.24
2705,136,2025-02-07,cancelled,23867386.72
2706,941,2025-09-29,completed,23981767.51
2707,363,2025-08-05,completed,9801383.96
2708,714,2025-07-25,cancelled,29131618.19
2709,730,2025-05-04,completed,37936952.32
2710,345,2025-03-02,failed,25778426.83
2711,606,2025-06-22,cancelled,26509601.6
2712,111,2025-11-12,pending,39525556.03
2713,76,2025-01-24,pending,3745081.7
2714,973,2025-07-01,completed,17472631.16
2715,646,2025-07-29,completed,40631201.52
2716,297,2025-08-12,failed,5724250.26
2717,717,2025-09-02,completed,30282811.74
2718,742,2025-04-04,failed,162407.82
2719,939,2025-10-29,failed,35331994.93
2720,86,2025-09-18,completed,27551806.73
2721,608,2025-01-04,cancelled,22803120.89
2722,691,2025-07-09,pending,7315345.42
2723,389,2025-08-21,completed,18784920.15
2724,181,2025-08-13,cancelled,27200665.31
2725,287,2025-10-29,failed,31005825.77
2726,238,2025-02-19,completed,12731717.84
2727,350,2025-09-10,completed,24423461.82
2728,531,2025-10-16,cancelled,20649685.62
2729,521,2025-10-24,failed,27168417.01
2730,293,2025-08-07,completed,13365360.65
2731,327,2025-07-16,failed,12926861.94
2732,977,2025-04-02,completed,6254564.01
2733,834,2025-01-22,pending,831528.8
2734,441,2025-04-18,cancelled,10936084.92
2735,589,2025-05-23,cancelled,18068586.63
2736,102,2025-06-10,completed,14248758.9
2737,170,2025-05-26,completed,21238142.72
2738,281,2025-05-28,completed,24243865.12
2739,230,2025-08-13,completed,24758445.25
2740,962,2025-05-28,completed,30070582.04
2741,772,2025-11-07,completed,28063860.75
2742,683,2025-04-29,completed,24758445.25
2743,99,2025-03-14,completed,20807383.75
2744,859,2025-10-10,cancelled,6977365.86
2745,29,2025-03-28,cancelled,48727092.87
2746,983,2025-01-21,cancelled,19786138.35
2747,819,2025-10-03,completed,25823198.2
2748,501,2025-01-04,failed,10821322.14
2749,379,2025-01-14,completed,9912897.93
2750,965,2025-05-25,cancelled,49349346.46
2751,750,2025-08-07,completed,32139905.9
2752,130,2025-09-24,failed,17010755.16
2753,303,2025-08-21,completed,20454657.25
2754,942,2025-12-28,failed,243611.73
2755,456,2025-03-03,completed,15542989.18
2756,270,2025-09-10,completed,236709.7
2757,286,2025-03-12,pending,20757754.55
2758,120,2025-12-09,completed,27322573.88
2759,763,2025-02-10,failed,29613995.38
2760,745,2025-04-24,completed,447151.5
2761,161,2025-06-17,cancelled,25362346.22
2762,283,2025-06-21,completed,4717807.15
2763,754,2025-11-19,cancelled,24637066.79
2764,796,2025-12-11,completed,23680389.4
2765,705,2025-12-28,completed,17941226.77
2766,444,2025-01-20,completed,23186737.45
2767,814,2025-12-28,cancelled,21868785.59
2768,195,2025-06-12,failed,13232116.32
2769,677,2025-10-13,failed,14158670.76
2770,37,2025-11-17,pending,7202874.13
2771,9,2025-11-18,completed,26763764.16
2772,601,2025-03-12,completed,33378119.28
2773,690,2025-04-23,completed,35690754.2
2774,482,2025-05-16,completed,4445293.78
2775,834,2025-09-06,completed,3222036.96
2776,290,2025-09-12,completed,18601733.68
2777,651,2025-04-12,completed,16444351.74
2778,878,2025-09-22,pending,15305243.08
2779,4,2025-04-20,completed,14476997.51
2780,503,2025-02-04,cancelled,4931268.06
2781,214,2025-11-09,pending,24177373.7
2782,40,2025-04-02,completed,5169821.67
2783,270,2025-12-19,cancelled,4779138.35
2784,647,2025-07-14,cancelled,324815.64
2785,654,2025-05-01,completed,11865764.49
2786,544,2025-09-05,pending,3828840.32
2787,899,2025-04-03,completed,29865806.24
2788,897,2025-04-29,completed,13472333.6
2789,497,2025-12-09,completed,33376915.67
2790,402,2025-11-19,cancelled,3461337.56
2791,557,2025-07-02,completed,11829828.65
2792,99,2025-06-01,completed,44506331.19
2793,987,2025-02-27,failed,20800306.02
2794,430,2025-05-28,completed,15967350.93
2795,254,2025-06-16,pending,19902998.56
2796,119,2025-08-06,completed,27762939.68
2797,980,2025-08-26,completed,2610536.36
2798,117,2025-12-05,completed,3133467.59
2799,408,2025-12-23,pending,9801383.96
2800,793,2025-03-07,completed,537087.75
2801,616,2025-09-08,completed,12147769.5
2802,241,2025-12-18,completed,11435123.55
2803,275,2025-05-29,cancelled,6801009.38
2804,912,2025-04-21,failed,1190957.46
2805,63,2025-07-29,cancelled,5827225.2
2806,268,2025-06-15,pending,3304299.31
2807,422,2025-06-12,completed,12905035.41
2808,436,2025-08-15,completed,3468801.92
2809,935,2025-05-14,completed,35447964.7
2810,498,2025-05-18,pending,24584805.89
2811,348,2025-04-23,pending,572605.82
2812,316,2025-01-24,completed,6182337.6
2813,227,2025-07-29,cancelled,22444822.68
2814,549,2025-03-27,completed,2338058.23
2815,113,2025-11-17,cancelled,27193611.08
2816,338,2025-11-09,completed,13670106.15
2817,553,2025-11-06,completed,15891034.44
2818,822,2025-01-11,completed,11718631.73
2819,800,2025-02-16,pending,8496530.63
2820,935,2025-06-20,completed,31402859.07
2821,65,2025-10-11,pending,14374892.4
2822,532,2025-01-26,completed,6650579.37
2823,549,2025-07-05,completed,12736574.51
2824,859,2025-03-22,cancelled,20349459.75
2825,881,2025-07-22,pending,32632364.34
2826,298,2025-04-28,failed,26059136.74
2827,933,2025-03-24,completed,41949099.6
2828,424,2025-06-19,completed,31704619.44
2829,751,2025-10-11,completed,5080681.28
2830,37,2025-01-07,failed,43453203.45
2831,774,2025-01-11,cancelled,14626502.28
2832,514,2025-02-22,completed,4137346.63
2833,44,2025-09-06,completed,15111221.26
2834,309,2025-05-25,completed,33263213.33
2835,647,2025-04-28,failed,7283368.56
2836,254,2025-12-19,completed,14709151.22
2837,768,2025-05-20,completed,21786793.47
2838,672,2025-07-13,completed,23039479.34
2839,838,2025-03-09,pending,35206197.62
2840,883,2025-05-19,completed,12138891.07
2841,76,2025-02-09,cancelled,27209571.45
2842,781,2025-12-27,pending,37324779.02
2843,21,2025-08-01,completed,1777800.47
2844,620,2025-10-05,completed,21394732.62
2845,754,2025-02-18,cancelled,14103992.28
2846,199,2025-07-20,failed,17368149.02
2847,880,2025-11-07,completed,34504821.69
2848,436,2025-06-15,cancelled,6651249.68
2849,310,2025-01-12,completed,3620756.02
2850,208,2025-08-23,completed,35841222.33
2851,993,2025-05-16,pending,14816223.56
2852,483,2025-10-23,completed,26108068.99
2853,440,2025-05-30,completed,17137573.06
2854,991,2025-04-24,completed,23349589.34
2855,286,2025-10-15,completed,30121186.56
2856,930,2025-05-26,pending,31978057.88
2857,519,2025-10-01,completed,19762663.92
2858,18,2025-07-15,completed,9181851.72
2859,975,2025-07-21,completed,43350266.82
2860,732,2025-10-07,completed,52155601.38
2861,230,2025-08-20,cancelled,21884088.19
2862,407,2025-01-13,failed,6602551.05
2863,458,2025-04-29,completed,26750333.08
2864,577,2025-09-02,completed,593756.23
2865,319,2025-11-26,completed,14248873.14
2866,830,2025-03-15,pending,10066248.33
2867,98,2025-02-12,cancelled,9882205.67
2868,213,2025-03-28,failed,12426004.76
2869,608,2025-09-08,completed,46678023.21
2870,145,2025-02-12,completed,23589035.75
2871,859,2025-11-12,completed,11252268.56
2872,741,2025-09-25,failed,13390813.46
2873,779,2025-10-18,completed,18813575.79
2874,786,2025-01-31,completed,3382925.7
2875,422,2025-05-10,completed,8465374.32
2876,855,2025-06-22,completed,43836564.79
2877,330,2025-01-19,pending,18540430.08
2878,614,2025-10-17,completed,8364929.16
2879,275,2025-01-03,pending,11778810.23
2880,774,2025-04-18,cancelled,20457551.97
2881,559,2025-09-08,completed,5412238.4
2882,983,2025-06-10,pending,27185126.55
2883,330,2025-05-01,completed,15510687.75
2884,495,2025-12-29,cancelled,24420658.48
2885,880,2025-10-12,pending,9105808.32
2886,944,2025-02-11,completed,31676756.07
2887,717,2025-08-06,completed,16224186.09
2888,131,2025-07-12,failed,16674111.87
2889,166,2025-01-07,cancelled,17175815.5
2890,171,2025-03-04,completed,6957045.75
2891,891,2025-08-13,completed,14011975.32
2892,907,2025-01-20,completed,5914997.53
2893,175,2025-09-11,pending,32618631.5
2894,499,2025-09-26,completed,16521496.55
2895,429,2025-10-08,completed,2853745.65
2896,304,2025-01-05,completed,12868759.28
2897,302,2025-08-11,pending,13790470.7
2898,278,2025-12-13,cancelled,21545336.19
2899,630,2025-06-15,completed,39742232.95
2900,666,2025-10-16,completed,23164778.72
2901,298,2025-03-14,cancelled,8007915.24
2902,210,2025-12-17,failed,27629307.94
2903,975,2025-11-11,pending,22622576.88
2904,532,2025-07-10,cancelled,21082628.66
2905,484,2025-05-09,completed,17346014.4
2906,959,2025-04-18,completed,12406108.02
2907,169,2025-03-11,cancelled,19540259.14
2908,11,2025-08-31,completed,12538953.12
2909,184,2025-08-02,completed,23216714.21
2910,69,2025-08-29,completed,4750893.14
2911,719,2025-06-09,completed,13307150.48
2912,711,2025-04-13,completed,1022102.66
2913,470,2025-10-03,completed,30620558.95
2914,63,2025-02-18,cancelled,22374271.9
2915,609,2025-08-28,completed,22567916.97
2916,359,2025-02-04,pending,19199626.22
2917,905,2025-10-14,completed,1585063.65
2918,644,2025-06-26,completed,23229205.84
2919,282,2025-04-09,completed,21586854.44
2920,599,2025-08-07,pending,2867439.19
2921,377,2025-06-06,cancelled,22280486.83
2922,957,2025-07-26,completed,44411972.17
2923,555,2025-10-15,pending,1655959.26
2924,208,2025-12-04,completed,20880818.97
2925,157,2025-10-31,completed,27068887.4
2926,287,2025-04-21,completed,3068291.01
2927,578,2025-05-15,completed,24789278.65
2928,817,2025-03-06,cancelled,27038539.58
2929,661,2025-10-28,failed,10864557.13
2930,339,2025-07-16,cancelled,15252911.52
2931,620,2025-10-31,completed,2475209.66
2932,685,2025-11-12,completed,16559429.56
2933,173,2025-04-18,completed,7422402.17
2934,222,2025-04-29,completed,4017255.41
2935,151,2025-11-11,completed,2575059.33
2936,487,2025-03-26,failed,12363185.09
2937,332,2025-01-01,completed,6045606.18
2938,141,2025-01-27,cancelled,5732049.57
2939,436,2025-08-14,pending,12811732.12
2940,335,2025-08-30,completed,15560336.8
2941,779,2025-09-14,completed,2037550.0
2942,574,2025-05-04,completed,10813987.74
2943,793,2025-07-13,completed,40770891.29
2944,486,2025-12-28,completed,10306818.74
2945,859,2025-06-09,cancelled,4392973.61
2946,544,2025-06-12,completed,26883788.93
2947,863,2025-11-06,completed,23910068.45
2948,969,2025-03-27,pending,35332460.5
2949,729,2025-05-23,completed,44668422.03
2950,574,2025-08-12,completed,27839858.26
2951,712,2025-09-08,failed,30920083.51
2952,702,2025-05-09,completed,3967446.02
2953,922,2025-10-13,completed,24339947.46
2954,357,2025-11-30,completed,26434162.02
2955,887,2025-01-13,completed,26211131.8
2956,790,2025-08-27,pending,21424223.81
2957,746,2025-06-27,completed,13584960.23
2958,632,2025-04-20,cancelled,21073458.52
2959,392,2025-04-08,completed,7351037.97
2960,956,2025-04-02,pending,18426247.09
2961,201,2025-01-06,completed,5162908.68
2962,539,2025-07-04,completed,20560423.36
2963,601,2025-01-03,completed,58356750.03
2964,97,2025-06-18,completed,27558670.82
2965,515,2025-05-10,completed,24422061.14
2966,280,2025-11-07,completed,16870410.36
2967,282,2025-11-28,pending,23489070.32
2968,408,2025-09-03,completed,45598632.62
2969,722,2025-12-23,completed,2590672.0
2970,641,2025-05-21,completed,17973184.3
2971,844,2025-10-20,completed,14256588.17
2972,623,2025-08-30,pending,3433412.44
2973,503,2025-08-21,completed,15429529.27
2974,768,2025-08-31,failed,24936618.46
2975,769,2025-11-28,cancelled,31347315.6
2976,40,2025-02-23,completed,27109990.22
2977,628,2025-01-15,pending,6064180.3
2978,723,2025-03-20,pending,6563637.96
2979,892,2025-04-01,failed,28204173.57
2980,85,2025-03-09,completed,1652766.85
2981,58,2025-03-03,completed,9469255.2
2982,728,2025-11-23,completed,2729041.96
2983,100,2025-06-10,failed,18605763.23
2984,285,2025-10-06,failed,21938911.11
2985,671,2025-04-10,cancelled,43891742.22
2986,341,2025-01-09,failed,35571397.19
2987,869,2025-12-11,completed,5240834.35
2988,174,2025-12-30,cancelled,10206942.51
2989,529,2025-07-07,completed,191472.83
2990,413,2025-12-07,completed,21601379.19
2991,686,2025-12-08,completed,2955944.25
2992,198,2025-02-03,failed,23092713.36
2993,152,2025-09-14,pending,3508372.0
2994,86,2025-05-17,completed,6973275.03
2995,46,2025-08-16,completed,24344512.64
2996,204,2025-11-08,pending,10549498.36
2997,420,2025-09-16,completed,16920138.96
2998,765,2025-11-22,failed,19761695.47
2999,319,2025-01-02,completed,13699611.2
3000,360,2025-10-15,completed,11746924.54
