payment_id,order_id,payment_date,payment_method,payment_status,amount
1,1,2025-12-08 02:00:00,credit_card,paid,25835378.79
2,2,2025-03-19 08:00:00,e_wallet,paid,2787006.61
3,3,2025-07-20 15:00:00,bank_transfer,paid,19430842.18
4,4,2025-09-21 23:00:00,bank_transfer,failed,1077706.8
5,5,2025-09-09 07:00:00,debit_card,paid,8019216.39
6,6,2025-07-27 23:00:00,bank_transfer,pending,22817566.79
7,7,2025-02-05 21:00:00,debit_card,paid,42325484.0
8,8,2025-01-02 07:00:00,bank_transfer,pending,4738031.54
9,9,2025-09-04 14:00:00,credit_card,failed,22830004.87
10,10,2025-10-03 15:00:00,debit_card,paid,27641955.6
11,11,2025-06-20 01:00:00,e_wallet,paid,18211616.64
12,12,2025-07-26 15:00:00,e_wallet,pending,15312360.5
13,13,2025-11-29 10:00:00,bank_transfer,paid,40833745.06
14,14,2025-10-02 16:00:00,credit_card,paid,21095614.81
15,15,2025-02-12 18:00:00,e_wallet,paid,38231950.78
16,16,2025-05-30 21:00:00,bank_transfer,paid,11147393.03
17,17,2025-04-02 00:00:00,e_wallet,paid,3562395.09
18,18,2025-07-16 09:00:00,bank_transfer,paid,7546892.24
19,19,2025-06-04 23:00:00,credit_card,paid,35880433.25
20,20,2025-02-25 12:00:00,debit_card,pending,23751342.41
21,21,2025-07-04 21:00:00,credit_card,paid,35958970.39
22,22,2025-11-21 06:00:00,e_wallet,pending,40531082.13
23,23,2025-04-09 17:00:00,debit_card,paid,30444686.25
24,24,2025-04-09 22:00:00,credit_card,pending,24620809.52
25,25,2025-11-01 03:00:00,e_wallet,paid,10721010.41
26,26,2025-07-20 09:00:00,credit_card,failed,8465374.32
27,27,2025-10-04 05:00:00,debit_card,paid,6125744.29
28,28,2025-09-13 14:00:00,e_wallet,failed,13457028.92
29,29,2025-08-19 13:00:00,e_wallet,paid,11169215.86
30,30,2025-01-20 05:00:00,credit_card,paid,14720026.94
31,31,2025-06-23 07:00:00,debit_card,pending,4270040.62
32,32,2025-01-22 08:00:00,e_wallet,paid,33189643.6
33,33,2025-04-20 19:00:00,debit_card,pending,34516074.0
34,34,2025-12-09 22:00:00,bank_transfer,paid,22385954.28
35,35,2025-12-14 01:00:00,debit_card,failed,32286665.93
36,36,2025-10-02 20:00:00,debit_card,pending,19189808.06
37,37,2025-10-25 18:00:00,debit_card,paid,42682486.31
38,38,2025-01-20 18:00:00,debit_card,paid,6801009.38
39,39,2025-09-10 00:00:00,bank_transfer,paid,4097975.57
40,40,2025-08-31 21:00:00,debit_card,refunded,36007057.02
41,41,2025-01-24 04:00:00,e_wallet,pending,26394611.56
42,42,2025-11-30 20:00:00,debit_card,paid,8586668.32
43,43,2025-03-30 12:00:00,debit_card,paid,25706802.03
44,44,2025-06-08 04:00:00,bank_transfer,failed,20552672.46
45,45,2025-02-19 01:00:00,credit_card,failed,27217175.06
46,46,2025-03-30 18:00:00,bank_transfer,refunded,35907071.68
47,47,2025-02-02 19:00:00,bank_transfer,failed,11951327.44
48,48,2025-02-24 11:00:00,bank_transfer,paid,35319010.93
49,49,2025-11-01 10:00:00,credit_card,failed,15533110.88
50,50,2025-04-23 11:00:00,bank_transfer,failed,47935807.9
51,51,2025-04-14 16:00:00,bank_transfer,paid,34561099.08
52,52,2025-12-14 01:00:00,bank_transfer,paid,17886873.64
53,53,2025-03-04 05:00:00,e_wallet,pending,21756236.7
54,54,2025-10-22 23:00:00,credit_card,paid,14616087.19
55,55,2025-06-14 08:00:00,e_wallet,failed,35581492.35
56,56,2025-04-21 19:00:00,credit_card,paid,29091397.44
57,57,2025-10-31 22:00:00,e_wallet,paid,34678551.61
58,58,2025-02-02 18:00:00,credit_card,paid,27138937.71
59,59,2025-03-15 16:00:00,bank_transfer,paid,40059966.93
60,60,2025-03-28 07:00:00,bank_transfer,paid,4424805.47
61,61,2025-10-12 08:00:00,bank_transfer,paid,227233.0
62,62,2025-05-06 16:00:00,credit_card,refunded,16737812.82
63,63,2025-01-21 13:00:00,e_wallet,paid,19838942.26
64,64,2025-11-20 03:00:00,bank_transfer,paid,37322210.33
65,65,2025-03-22 20:00:00,debit_card,paid,17320660.25
66,66,2025-02-11 20:00:00,bank_transfer,paid,31857876.37
67,67,2025-04-02 06:00:00,credit_card,paid,16291522.86
68,68,2025-12-29 01:00:00,credit_card,refunded,3626365.53
69,69,2025-05-27 19:00:00,credit_card,pending,29353086.46
70,70,2025-09-01 02:00:00,debit_card,paid,5160158.82
71,71,2025-04-16 21:00:00,e_wallet,pending,27856664.02
72,72,2025-05-19 21:00:00,bank_transfer,paid,20185174.52
73,73,2025-07-30 12:00:00,debit_card,paid,6476680.0
74,74,2025-11-09 03:00:00,debit_card,paid,4749860.12
75,75,2025-11-02 16:00:00,e_wallet,pending,24876797.79
76,76,2025-09-14 01:00:00,e_wallet,paid,25251785.29
77,77,2025-11-19 04:00:00,e_wallet,failed,14717498.47
78,78,2025-06-05 15:00:00,debit_card,paid,40687635.56
79,79,2025-01-03 11:00:00,bank_transfer,paid,4245389.15
80,80,2025-04-09 15:00:00,e_wallet,refunded,23539860.21
81,81,2025-02-18 06:00:00,bank_transfer,paid,33898038.4
82,82,2025-10-04 06:00:00,credit_card,paid,6957045.75
83,83,2025-08-27 17:00:00,debit_card,pending,24676204.91
84,84,2025-12-05 15:00:00,credit_card,paid,26139315.47
85,85,2025-01-29 16:00:00,debit_card,paid,33134017.28
86,86,2025-03-18 20:00:00,debit_card,failed,29917828.6
87,87,2025-08-31 18:00:00,debit_card,paid,8653343.9
88,88,2025-03-23 19:00:00,credit_card,paid,28523801.96
89,89,2025-01-29 01:00:00,e_wallet,paid,34824150.13
90,90,2025-05-27 20:00:00,debit_card,paid,15189565.22
91,91,2025-05-09 18:00:00,e_wallet,refunded,18812835.4
92,92,2025-08-21 13:00:00,debit_card,paid,9131717.02
93,93,2025-01-28 20:00:00,debit_card,failed,17693134.26
94,94,2025-04-01 16:00:00,bank_transfer,failed,8963495.58
95,95,2025-01-16 07:00:00,bank_transfer,refunded,5752593.76
96,96,2025-03-01 07:00:00,e_wallet,paid,16650621.04
97,97,2025-08-17 16:00:00,bank_transfer,failed,32726220.77
98,98,2025-06-17 23:00:00,credit_card,paid,13283502.44
99,99,2025-12-14 09:00:00,e_wallet,paid,18265946.04
100,100,2025-04-29 00:00:00,bank_transfer,paid,3605862.64
101,101,2025-06-16 12:00:00,bank_transfer,paid,18597648.92
102,102,2025-05-02 16:00:00,debit_card,paid,31347356.76
103,103,2025-04-14 01:00:00,debit_card,paid,13856417.59
104,104,2025-02-07 22:00:00,credit_card,failed,38263054.96
105,105,2025-09-07 05:00:00,bank_transfer,paid,49931102.16
106,106,2025-03-16 22:00:00,credit_card,refunded,2222945.66
107,107,2025-08-22 13:00:00,bank_transfer,paid,10993354.53
108,108,2025-07-11 11:00:00,bank_transfer,paid,15868118.26
109,109,2025-04-11 15:00:00,bank_transfer,paid,22599861.38
110,110,2025-05-20 07:00:00,credit_card,paid,28779409.33
111,111,2025-03-07 16:00:00,e_wallet,pending,13816249.46
112,112,2025-10-20 15:00:00,e_wallet,paid,18647149.74
113,113,2025-03-11 19:00:00,bank_transfer,failed,21484965.36
114,114,2025-08-27 14:00:00,bank_transfer,paid,29716581.96
115,115,2025-03-30 15:00:00,credit_card,paid,5584115.11
116,116,2025-04-24 07:00:00,e_wallet,paid,10492977.56
117,117,2025-11-06 22:00:00,credit_card,failed,1018775.0
118,118,2025-11-24 06:00:00,credit_card,failed,8979051.81
119,119,2025-03-29 01:00:00,credit_card,refunded,10177526.66
120,120,2025-04-29 14:00:00,bank_transfer,paid,10095309.8
121,121,2025-09-25 18:00:00,debit_card,failed,2078822.0
122,122,2025-04-22 12:00:00,e_wallet,paid,14775620.68
123,123,2025-08-25 14:00:00,bank_transfer,paid,2858158.84
124,124,2025-08-08 19:00:00,e_wallet,failed,16060392.98
125,125,2025-05-08 19:00:00,e_wallet,paid,11309962.35
126,126,2025-08-12 10:00:00,e_wallet,paid,23497814.42
127,127,2025-10-31 04:00:00,e_wallet,paid,44148788.39
128,128,2025-10-22 14:00:00,bank_transfer,paid,24650262.41
129,129,2025-08-03 06:00:00,credit_card,paid,961428.52
130,130,2025-08-30 03:00:00,credit_card,failed,33859552.64
131,131,2025-09-17 06:00:00,credit_card,paid,14854440.4
132,132,2025-09-30 04:00:00,credit_card,paid,5141381.2
133,133,2025-12-23 06:00:00,bank_transfer,paid,26065829.19
134,134,2025-08-21 16:00:00,e_wallet,paid,676954.44
135,135,2025-02-12 06:00:00,credit_card,failed,25563998.97
136,136,2025-01-07 02:00:00,debit_card,pending,34174377.97
137,137,2025-07-29 10:00:00,bank_transfer,paid,24479368.82
138,138,2025-03-10 22:00:00,e_wallet,paid,30200582.93
139,139,2025-05-03 07:00:00,bank_transfer,paid,34300436.34
140,140,2025-01-10 02:00:00,e_wallet,pending,12306865.11
141,141,2025-06-06 23:00:00,e_wallet,pending,6873657.68
142,142,2025-08-25 23:00:00,bank_transfer,failed,32116326.07
143,143,2025-10-26 01:00:00,bank_transfer,paid,10393195.6
144,144,2025-08-26 05:00:00,e_wallet,paid,1259493.2
145,145,2025-12-27 02:00:00,credit_card,paid,6303585.02
146,146,2025-07-10 01:00:00,e_wallet,paid,37898652.11
147,147,2025-12-28 19:00:00,bank_transfer,paid,23928809.94
148,148,2025-11-18 17:00:00,debit_card,paid,9772999.96
149,149,2025-12-20 19:00:00,debit_card,refunded,21818451.77
150,150,2025-01-18 00:00:00,e_wallet,paid,36877238.62
151,151,2025-05-19 02:00:00,bank_transfer,failed,23639656.86
152,152,2025-10-05 21:00:00,credit_card,failed,23137985.9
153,153,2025-04-18 18:00:00,bank_transfer,pending,36958594.9
154,154,2025-02-12 03:00:00,e_wallet,paid,45049305.77
155,155,2025-01-30 22:00:00,debit_card,pending,34701630.13
156,156,2025-07-07 08:00:00,bank_transfer,paid,24419844.67
157,157,2025-02-26 20:00:00,credit_card,paid,6641751.22
158,158,2025-08-27 09:00:00,bank_transfer,paid,30954780.75
159,159,2025-07-07 12:00:00,e_wallet,paid,14081227.86
160,160,2025-11-28 05:00:00,e_wallet,pending,20034795.68
161,161,2025-02-05 21:00:00,debit_card,pending,27538269.98
162,162,2025-04-15 22:00:00,e_wallet,paid,3533699.27
163,163,2025-05-03 08:00:00,bank_transfer,paid,34653171.01
164,164,2025-11-29 03:00:00,debit_card,pending,5807631.52
165,165,2025-10-25 22:00:00,credit_card,pending,14428935.9
166,166,2025-04-19 20:00:00,debit_card,pending,21715515.64
167,167,2025-04-27 11:00:00,bank_transfer,paid,7796344.98
168,168,2025-05-18 22:00:00,e_wallet,pending,5115814.4
169,169,2025-08-06 04:00:00,debit_card,paid,16117189.03
170,170,2025-02-03 01:00:00,bank_transfer,paid,27770308.13
171,171,2025-08-21 17:00:00,e_wallet,refunded,18939010.91
172,172,2025-09-27 16:00:00,bank_transfer,paid,10681711.38
173,173,2025-08-31 00:00:00,e_wallet,refunded,29588405.43
174,174,2025-12-15 19:00:00,e_wallet,refunded,49676363.18
175,175,2025-05-30 21:00:00,bank_transfer,refunded,18899830.7
176,176,2025-07-08 15:00:00,credit_card,pending,36783534.1
177,177,2025-12-22 23:00:00,credit_card,paid,6546010.06
178,178,2025-04-07 02:00:00,credit_card,paid,14161275.96
179,179,2025-02-14 10:00:00,e_wallet,paid,11526662.22
180,180,2025-04-03 12:00:00,e_wallet,paid,14134797.08
181,181,2025-02-26 15:00:00,bank_transfer,paid,475401.7
182,182,2025-02-27 06:00:00,debit_card,paid,40591066.39
183,183,2025-09-12 01:00:00,bank_transfer,failed,14884553.15
184,184,2025-04-16 18:00:00,bank_transfer,pending,8346561.74
185,185,2025-01-12 10:00:00,e_wallet,paid,9137870.76
186,186,2025-12-17 06:00:00,bank_transfer,paid,21189246.7
187,187,2025-09-01 10:00:00,e_wallet,paid,7369778.98
188,188,2025-08-17 07:00:00,credit_card,pending,8000638.7
189,189,2025-01-11 14:00:00,e_wallet,paid,15165846.56
190,190,2025-02-02 21:00:00,e_wallet,failed,29103066.53
191,191,2025-04-29 04:00:00,debit_card,refunded,2037550.0
192,192,2025-11-29 00:00:00,e_wallet,paid,19795307.13
193,193,2025-10-24 14:00:00,bank_transfer,pending,14740384.76
194,194,2025-11-27 20:00:00,bank_transfer,paid,15412980.21
195,195,2025-09-06 14:00:00,bank_transfer,pending,4874939.22
196,196,2025-12-24 02:00:00,e_wallet,failed,8212562.98
197,197,2025-10-10 00:00:00,debit_card,paid,21359311.73
198,198,2025-06-05 15:00:00,credit_card,paid,4568935.38
199,199,2025-06-07 11:00:00,credit_card,failed,34111564.21
200,200,2025-05-15 20:00:00,debit_card,paid,14808799.77
201,201,2025-07-10 13:00:00,debit_card,paid,4470572.78
202,202,2025-01-26 00:00:00,e_wallet,paid,25236671.19
203,203,2025-05-27 20:00:00,e_wallet,paid,9148043.75
204,204,2025-11-13 06:00:00,e_wallet,paid,4202476.36
205,205,2026-01-01 22:00:00,credit_card,paid,31598546.82
206,206,2025-04-05 05:00:00,debit_card,paid,46693411.51
207,207,2025-12-29 08:00:00,e_wallet,pending,16923762.58
208,208,2025-03-20 20:00:00,bank_transfer,paid,2500005.52
209,209,2025-03-01 23:00:00,e_wallet,paid,25023062.02
210,210,2025-10-23 06:00:00,e_wallet,paid,64197516.5
211,211,2025-05-14 12:00:00,e_wallet,paid,21806253.57
212,212,2025-04-16 09:00:00,e_wallet,pending,8867439.16
213,213,2025-01-18 16:00:00,e_wallet,paid,3366233.04
214,214,2025-06-27 05:00:00,bank_transfer,paid,1375699.65
215,215,2025-08-19 21:00:00,credit_card,paid,16568931.27
216,216,2025-10-02 09:00:00,e_wallet,paid,37272628.77
217,217,2025-01-14 08:00:00,bank_transfer,paid,23814201.69
218,218,2025-03-17 08:00:00,bank_transfer,paid,13823367.34
219,219,2025-06-14 16:00:00,bank_transfer,paid,11034628.32
220,220,2025-10-08 18:00:00,debit_card,failed,9711045.08
221,221,2025-06-19 19:00:00,bank_transfer,pending,19170131.28
222,222,2025-06-01 09:00:00,bank_transfer,paid,14487766.35
223,223,2025-10-21 13:00:00,e_wallet,paid,35471622.83
224,224,2025-10-19 00:00:00,e_wallet,paid,9619290.6
225,225,2025-06-23 17:00:00,credit_card,paid,22600157.1
226,226,2025-09-03 16:00:00,e_wallet,paid,10334408.99
227,227,2025-03-14 06:00:00,e_wallet,failed,24017390.68
228,228,2025-03-02 12:00:00,e_wallet,paid,25654156.76
229,229,2025-07-25 19:00:00,credit_card,failed,28535544.31
230,230,2025-04-23 17:00:00,debit_card,paid,46009441.58
231,231,2025-02-17 02:00:00,e_wallet,paid,8582460.37
232,232,2025-11-09 03:00:00,e_wallet,paid,18530453.02
233,233,2025-10-26 23:00:00,credit_card,paid,34431245.6
234,234,2025-05-23 20:00:00,e_wallet,paid,15026780.52
235,235,2025-02-12 23:00:00,debit_card,failed,24053443.66
236,236,2025-08-17 20:00:00,credit_card,pending,28050133.83
237,237,2025-02-14 21:00:00,e_wallet,refunded,14337195.95
238,238,2025-07-21 14:00:00,debit_card,paid,39412071.37
239,239,2025-06-13 16:00:00,credit_card,refunded,5565506.25
240,240,2025-09-19 03:00:00,credit_card,paid,11374384.92
241,241,2025-12-09 13:00:00,bank_transfer,paid,9577015.64
242,242,2025-03-19 00:00:00,credit_card,failed,35548729.31
243,243,2025-08-08 03:00:00,bank_transfer,paid,20822063.9
244,244,2025-07-11 02:00:00,bank_transfer,paid,29511810.58
245,245,2025-06-27 23:00:00,debit_card,paid,8602317.57
246,246,2025-08-19 00:00:00,bank_transfer,refunded,28899260.92
247,247,2025-02-15 23:00:00,bank_transfer,pending,22320921.55
248,248,2025-08-16 22:00:00,debit_card,paid,31191384.04
249,249,2025-08-16 10:00:00,bank_transfer,paid,47307958.4
250,250,2025-08-07 18:00:00,e_wallet,paid,1394205.15
251,251,2025-03-13 16:00:00,bank_transfer,failed,9130461.76
252,252,2025-11-03 12:00:00,debit_card,paid,46158274.1
253,253,2025-04-18 20:00:00,debit_card,paid,15707848.12
254,254,2025-09-27 03:00:00,e_wallet,paid,39738687.24
255,255,2025-10-30 03:00:00,credit_card,paid,15996264.8
256,256,2025-02-15 03:00:00,bank_transfer,paid,33823152.07
257,257,2025-11-25 06:00:00,credit_card,paid,24549610.34
258,258,2025-08-01 05:00:00,credit_card,refunded,29135279.7
259,259,2025-08-25 20:00:00,bank_transfer,refunded,27308810.8
260,260,2025-03-13 03:00:00,credit_card,paid,9341556.96
261,261,2025-07-16 15:00:00,e_wallet,refunded,1123700.86
262,262,2025-09-09 21:00:00,credit_card,failed,20656232.82
263,263,2025-06-05 12:00:00,credit_card,refunded,26814648.03
264,264,2025-06-06 09:00:00,debit_card,failed,9766256.85
265,265,2025-08-28 00:00:00,e_wallet,paid,61498934.56
266,266,2025-01-02 18:00:00,e_wallet,paid,3452666.71
267,267,2025-06-04 04:00:00,credit_card,pending,20866404.35
268,268,2025-11-22 20:00:00,bank_transfer,paid,49991334.64
269,269,2025-12-02 07:00:00,e_wallet,paid,36384228.98
270,270,2025-08-03 04:00:00,credit_card,paid,28550188.38
271,271,2025-12-20 09:00:00,e_wallet,paid,5125457.34
272,272,2025-01-16 09:00:00,e_wallet,failed,6831207.58
273,273,2025-05-23 19:00:00,credit_card,paid,32489166.51
274,274,2025-11-03 18:00:00,e_wallet,paid,29495230.93
275,275,2025-10-26 02:00:00,e_wallet,failed,13318698.47
276,276,2025-08-13 12:00:00,debit_card,paid,27060816.65
277,277,2025-11-19 22:00:00,credit_card,paid,42379871.26
278,278,2025-12-24 00:00:00,bank_transfer,paid,37913195.48
279,279,2025-07-12 22:00:00,debit_card,pending,32194909.51
280,280,2025-10-23 00:00:00,e_wallet,failed,27926501.38
281,281,2025-05-14 15:00:00,bank_transfer,failed,44283816.11
282,282,2025-01-30 02:00:00,credit_card,paid,39104629.48
283,283,2025-08-25 18:00:00,debit_card,pending,19467716.91
284,284,2025-03-12 21:00:00,debit_card,paid,17313259.4
285,285,2025-01-29 21:00:00,debit_card,paid,19318419.27
286,286,2025-08-03 01:00:00,debit_card,paid,1074012.32
287,287,2025-01-26 13:00:00,debit_card,paid,32483673.06
288,288,2025-09-30 08:00:00,e_wallet,paid,2037550.0
289,289,2025-09-21 19:00:00,credit_card,failed,2019061.96
290,290,2025-11-18 21:00:00,bank_transfer,failed,24758445.25
291,291,2025-02-19 07:00:00,debit_card,failed,26847381.52
292,292,2025-03-28 16:00:00,e_wallet,paid,42078989.48
293,293,2025-06-11 12:00:00,debit_card,failed,3137417.61
294,294,2025-12-17 05:00:00,bank_transfer,paid,31329062.19
295,295,2025-05-19 04:00:00,bank_transfer,pending,12868444.56
296,296,2025-12-19 05:00:00,debit_card,paid,791536.94
297,297,2025-10-01 06:00:00,e_wallet,paid,12661396.23
298,298,2025-03-16 01:00:00,credit_card,paid,11893928.06
299,299,2025-09-23 20:00:00,e_wallet,paid,34412383.81
300,300,2025-09-06 20:00:00,e_wallet,paid,24380119.47
301,301,2025-03-25 16:00:00,debit_card,paid,6956734.29
302,302,2025-03-22 12:00:00,credit_card,paid,12698061.48
303,303,2025-04-08 06:00:00,bank_transfer,failed,5468042.46
304,304,2025-11-11 11:00:00,bank_transfer,failed,5798244.61
305,305,2025-09-27 20:00:00,bank_transfer,failed,29185710.84
306,306,2025-12-31 09:00:00,credit_card,pending,20912913.19
307,307,2025-02-28 13:00:00,bank_transfer,paid,26387011.66
308,308,2025-02-10 15:00:00,bank_transfer,failed,593756.23
309,309,2025-03-09 19:00:00,credit_card,paid,27659064.79
310,310,2025-09-03 02:00:00,debit_card,paid,24003744.69
311,311,2025-12-21 23:00:00,debit_card,paid,27842961.68
312,312,2025-08-16 18:00:00,debit_card,failed,41019761.66
313,313,2025-09-25 23:00:00,credit_card,paid,9838375.44
314,314,2025-03-31 11:00:00,e_wallet,paid,23755129.45
315,315,2025-01-16 03:00:00,bank_transfer,failed,19798382.82
316,316,2025-03-03 08:00:00,e_wallet,paid,10650661.98
317,317,2025-12-22 20:00:00,credit_card,pending,38524141.21
318,318,2025-04-27 14:00:00,credit_card,paid,21332650.35
319,319,2025-04-18 14:00:00,bank_transfer,paid,13382089.61
320,320,2025-08-06 05:00:00,debit_card,failed,7506801.4
321,321,2025-02-27 01:00:00,debit_card,paid,9900838.64
322,322,2025-09-05 23:00:00,bank_transfer,paid,8108389.18
323,323,2025-01-22 13:00:00,bank_transfer,paid,11459173.54
324,324,2025-01-18 03:00:00,bank_transfer,pending,10842947.15
325,325,2025-09-21 11:00:00,credit_card,paid,16796457.14
326,326,2025-08-29 23:00:00,debit_card,paid,37480267.92
327,327,2025-01-24 16:00:00,bank_transfer,paid,7447535.6
328,328,2025-12-09 17:00:00,debit_card,failed,26696919.95
329,329,2025-02-20 21:00:00,credit_card,paid,12426004.76
330,330,2025-11-06 12:00:00,bank_transfer,failed,4364466.19
331,331,2025-04-13 22:00:00,credit_card,pending,5574013.22
332,332,2025-06-30 13:00:00,bank_transfer,paid,34711852.85
333,333,2025-03-17 22:00:00,credit_card,pending,13492974.69
334,334,2025-05-24 12:00:00,e_wallet,refunded,22407608.08
335,335,2025-06-28 22:00:00,bank_transfer,paid,36358714.84
336,336,2025-09-15 10:00:00,credit_card,pending,8359302.08
337,337,2025-11-11 06:00:00,bank_transfer,failed,6174943.06
338,338,2025-10-20 16:00:00,debit_card,paid,4565230.88
339,339,2025-10-24 14:00:00,debit_card,paid,10431086.66
340,340,2025-09-28 07:00:00,debit_card,pending,13148776.57
341,341,2025-04-09 20:00:00,credit_card,paid,4819843.19
342,342,2025-03-30 12:00:00,credit_card,failed,7912123.77
343,343,2025-10-04 23:00:00,credit_card,pending,29573812.89
344,344,2025-02-20 13:00:00,credit_card,paid,32466214.22
345,345,2025-09-16 17:00:00,e_wallet,pending,45914787.73
346,346,2025-09-01 13:00:00,bank_transfer,pending,7768783.23
347,347,2025-10-29 09:00:00,debit_card,paid,511051.33
348,348,2025-12-11 20:00:00,debit_card,paid,24101389.39
349,349,2025-04-03 07:00:00,bank_transfer,paid,9437031.69
350,350,2025-07-15 13:00:00,e_wallet,paid,32456275.2
351,351,2025-09-23 00:00:00,debit_card,paid,2275114.48
352,352,2025-02-27 04:00:00,credit_card,paid,30219372.51
353,353,2025-03-05 12:00:00,credit_card,paid,23252135.64
354,354,2025-09-25 09:00:00,bank_transfer,paid,20046745.88
355,355,2025-07-04 10:00:00,e_wallet,paid,10834288.95
356,356,2025-10-13 13:00:00,bank_transfer,paid,20038239.48
357,357,2025-02-12 06:00:00,credit_card,paid,52506840.68
358,358,2025-03-01 19:00:00,e_wallet,paid,33451634.51
359,359,2025-08-22 06:00:00,debit_card,pending,15119546.65
360,360,2025-06-09 16:00:00,credit_card,failed,22418398.15
361,361,2025-08-17 18:00:00,bank_transfer,failed,35631892.66
362,362,2025-07-29 00:00:00,debit_card,failed,24600035.32
363,363,2025-08-08 04:00:00,credit_card,failed,23105583.37
364,364,2025-02-05 21:00:00,debit_card,failed,31990910.94
365,365,2025-09-01 03:00:00,debit_card,pending,11637098.7
366,366,2025-07-08 04:00:00,bank_transfer,paid,27702168.97
367,367,2025-12-12 19:00:00,credit_card,pending,11880979.13
368,368,2025-02-24 05:00:00,e_wallet,paid,2367313.8
369,369,2025-09-26 11:00:00,credit_card,pending,15598254.5
370,370,2025-02-14 19:00:00,credit_card,paid,17803193.16
371,371,2025-07-22 04:00:00,e_wallet,pending,45635452.3
372,372,2025-10-31 00:00:00,bank_transfer,pending,13878354.88
373,373,2025-03-29 19:00:00,bank_transfer,paid,22750022.39
374,374,2025-04-12 21:00:00,e_wallet,paid,10127250.9
375,375,2025-11-02 03:00:00,e_wallet,paid,31654178.09
376,376,2025-03-04 16:00:00,bank_transfer,failed,19659150.58
377,377,2025-08-06 21:00:00,bank_transfer,paid,14319338.0
378,378,2025-05-23 08:00:00,debit_card,pending,16134503.86
379,379,2025-10-26 15:00:00,credit_card,paid,26667407.94
380,380,2025-11-26 10:00:00,e_wallet,paid,7553721.33
381,381,2025-07-03 16:00:00,bank_transfer,pending,5398118.47
382,382,2025-11-05 22:00:00,debit_card,paid,34422573.95
383,383,2025-09-06 04:00:00,e_wallet,paid,15709457.35
384,384,2025-03-17 20:00:00,credit_card,paid,7022526.1
385,385,2025-02-26 16:00:00,credit_card,paid,9801383.96
386,386,2025-09-08 02:00:00,e_wallet,paid,21673752.76
387,387,2025-11-18 07:00:00,e_wallet,paid,24151921.35
388,388,2025-01-17 18:00:00,e_wallet,pending,43449275.06
389,389,2025-01-29 21:00:00,credit_card,paid,34198314.57
390,390,2025-09-13 02:00:00,credit_card,paid,1137557.24
391,391,2025-04-02 11:00:00,bank_transfer,refunded,877093.0
392,392,2025-12-14 09:00:00,credit_card,paid,17373047.72
393,393,2025-06-06 11:00:00,debit_card,failed,7437417.81
394,394,2025-02-20 03:00:00,debit_card,paid,4213515.66
395,395,2025-12-06 20:00:00,credit_card,refunded,13186872.95
396,396,2025-09-11 17:00:00,e_wallet,paid,14926979.6
397,397,2025-04-14 23:00:00,e_wallet,pending,13399263.89
398,398,2025-09-13 18:00:00,e_wallet,refunded,16423268.36
399,399,2025-05-15 16:00:00,e_wallet,paid,17404165.63
400,400,2025-10-04 10:00:00,credit_card,paid,15908541.22
401,401,2025-01-18 10:00:00,debit_card,paid,26661817.88
402,402,2025-07-17 17:00:00,bank_transfer,paid,32054272.95
403,403,2025-07-13 08:00:00,credit_card,paid,5462502.33
404,404,2025-01-21 00:00:00,credit_card,paid,4421286.96
405,405,2025-10-13 01:00:00,bank_transfer,failed,30146076.52
406,406,2025-06-06 13:00:00,debit_card,pending,23140092.19
407,407,2025-03-26 09:00:00,bank_transfer,paid,11152485.82
408,408,2025-03-11 08:00:00,debit_card,pending,8486936.07
409,409,2025-07-19 09:00:00,e_wallet,failed,4779138.35
410,410,2025-02-26 04:00:00,debit_card,pending,27607715.84
411,411,2025-09-09 10:00:00,credit_card,refunded,27516788.19
412,412,2025-12-18 18:00:00,e_wallet,refunded,52512481.49
413,413,2025-08-30 12:00:00,bank_transfer,failed,14926785.84
414,414,2025-03-23 16:00:00,e_wallet,paid,57441820.8
415,415,2025-07-22 00:00:00,debit_card,paid,10601097.81
416,416,2025-10-30 17:00:00,debit_card,paid,28785691.13
417,417,2025-11-13 12:00:00,e_wallet,paid,21004716.89
418,418,2025-05-26 08:00:00,debit_card,paid,28661286.99
419,419,2025-01-16 16:00:00,bank_transfer,paid,33281566.3
420,420,2025-03-07 06:00:00,bank_transfer,paid,14189953.56
421,421,2025-06-28 22:00:00,debit_card,pending,22453036.47
422,422,2025-10-27 22:00:00,credit_card,failed,29444969.47
423,423,2025-11-17 22:00:00,credit_card,paid,21724852.94
424,424,2025-02-20 22:00:00,debit_card,paid,13457265.6
425,425,2025-07-03 17:00:00,e_wallet,paid,12611443.11
426,426,2025-01-29 02:00:00,e_wallet,paid,36229349.38
427,427,2025-05-07 03:00:00,bank_transfer,pending,16146037.79
428,428,2025-06-10 12:00:00,credit_card,paid,24078428.74
429,429,2025-12-19 12:00:00,debit_card,failed,18403305.24
430,430,2025-06-06 17:00:00,credit_card,paid,37065544.59
431,431,2025-03-28 23:00:00,bank_transfer,failed,12299478.36
432,432,2025-06-17 07:00:00,bank_transfer,paid,34253694.55
433,433,2025-12-04 05:00:00,e_wallet,paid,13993485.78
434,434,2025-10-19 21:00:00,bank_transfer,paid,7966792.15
435,435,2025-05-17 03:00:00,credit_card,pending,18116271.49
436,436,2025-08-29 17:00:00,credit_card,paid,36495708.57
437,437,2025-06-13 04:00:00,e_wallet,failed,20057298.57
438,438,2025-07-19 14:00:00,credit_card,failed,5852823.57
439,439,2025-02-20 07:00:00,e_wallet,paid,4881282.39
440,440,2025-02-21 22:00:00,bank_transfer,pending,23109789.67
441,441,2025-04-17 04:00:00,debit_card,paid,8273837.35
442,442,2025-09-15 15:00:00,e_wallet,failed,19913508.18
443,443,2025-12-09 10:00:00,e_wallet,paid,14120575.22
444,444,2025-11-12 23:00:00,e_wallet,paid,1839241.47
445,445,2025-08-12 23:00:00,e_wallet,paid,27057327.32
446,446,2025-11-23 21:00:00,debit_card,failed,30095935.13
447,447,2025-02-08 05:00:00,debit_card,failed,6814456.42
448,448,2025-10-03 01:00:00,credit_card,paid,5817607.11
449,449,2025-05-17 03:00:00,debit_card,paid,13676873.5
450,450,2025-10-21 09:00:00,credit_card,failed,1693324.74
451,451,2025-04-26 06:00:00,credit_card,pending,35419292.51
452,452,2025-02-18 23:00:00,debit_card,failed,26606346.93
453,453,2025-10-24 01:00:00,bank_transfer,failed,9863983.55
454,454,2025-06-23 07:00:00,bank_transfer,paid,27282940.92
455,455,2025-10-18 06:00:00,credit_card,failed,9275864.14
456,456,2025-09-01 14:00:00,credit_card,paid,19109072.33
457,457,2025-06-27 14:00:00,bank_transfer,paid,24844743.5
458,458,2025-11-30 08:00:00,bank_transfer,paid,33817626.31
459,459,2025-09-17 10:00:00,bank_transfer,paid,13074370.6
460,460,2025-08-11 12:00:00,debit_card,refunded,6406565.98
461,461,2025-06-11 22:00:00,bank_transfer,paid,60754777.97
462,462,2025-07-25 05:00:00,credit_card,failed,46397295.04
463,463,2025-09-21 17:00:00,e_wallet,pending,28412872.25
464,464,2025-10-09 13:00:00,credit_card,paid,17139811.24
465,465,2025-11-18 15:00:00,bank_transfer,failed,34557654.65
466,466,2025-04-07 05:00:00,debit_card,paid,10442145.44
467,467,2025-04-21 12:00:00,debit_card,failed,9558276.7
468,468,2025-08-29 14:00:00,bank_transfer,pending,8415099.77
469,469,2025-10-02 00:00:00,e_wallet,refunded,29504257.31
470,470,2025-08-11 14:00:00,credit_card,failed,15909284.72
471,471,2025-11-18 23:00:00,debit_card,failed,20685687.54
472,472,2025-04-13 09:00:00,e_wallet,paid,21519599.98
473,473,2025-03-18 08:00:00,credit_card,paid,15828360.2
474,474,2025-12-18 12:00:00,bank_transfer,paid,295270.79
475,475,2025-08-12 09:00:00,e_wallet,paid,2849751.78
476,476,2025-02-03 17:00:00,e_wallet,paid,15858867.8
477,477,2025-07-31 22:00:00,e_wallet,failed,6002678.86
478,478,2025-05-28 21:00:00,debit_card,paid,3670484.77
479,479,2025-05-13 00:00:00,debit_card,refunded,10936444.01
480,480,2025-05-01 11:00:00,debit_card,paid,6535598.4
481,481,2025-03-01 22:00:00,credit_card,paid,55709357.4
482,482,2025-01-15 08:00:00,debit_card,failed,9107619.05
483,483,2025-06-08 10:00:00,debit_card,paid,21944557.08
484,484,2025-10-15 00:00:00,debit_card,paid,18549396.84
485,485,2025-11-28 03:00:00,e_wallet,paid,16437678.53
486,486,2025-04-15 09:00:00,bank_transfer,paid,13835678.57
487,487,2025-03-12 04:00:00,bank_transfer,paid,12806170.75
488,488,2025-05-24 08:00:00,e_wallet,failed,5807631.52
489,489,2025-04-02 17:00:00,e_wallet,failed,37581017.22
490,490,2025-01-23 09:00:00,credit_card,pending,17372838.27
491,491,2025-09-07 16:00:00,e_wallet,paid,10556626.58
492,492,2025-01-29 18:00:00,bank_transfer,paid,29519012.58
493,493,2025-06-11 12:00:00,debit_card,paid,42541115.91
494,494,2025-02-03 07:00:00,bank_transfer,paid,26698644.62
495,495,2025-07-07 23:00:00,bank_transfer,pending,23405208.92
496,496,2025-02-17 13:00:00,bank_transfer,failed,53172575.43
497,497,2025-03-14 13:00:00,e_wallet,paid,16692704.28
498,498,2025-10-20 10:00:00,credit_card,failed,29195.49
499,499,2025-03-03 15:00:00,bank_transfer,pending,2375446.57
500,500,2025-10-26 17:00:00,debit_card,failed,2759932.1
501,501,2025-09-26 06:00:00,e_wallet,paid,25044843.42
502,502,2025-02-16 23:00:00,bank_transfer,failed,11902031.76
503,503,2025-03-05 15:00:00,debit_card,failed,24508130.99
504,504,2025-06-11 09:00:00,e_wallet,failed,26694391.1
505,505,2025-10-27 18:00:00,e_wallet,paid,26518857.64
506,506,2025-05-01 18:00:00,credit_card,paid,12922083.59
507,507,2025-04-23 20:00:00,credit_card,paid,1953251.37
508,508,2025-04-01 22:00:00,bank_transfer,paid,6448775.07
509,509,2025-08-15 10:00:00,e_wallet,paid,6406565.98
510,510,2025-10-30 20:00:00,debit_card,paid,243611.73
511,511,2025-10-02 04:00:00,e_wallet,pending,19015751.36
512,512,2025-02-27 08:00:00,credit_card,failed,31894253.58
513,513,2025-08-06 16:00:00,e_wallet,pending,23748880.52
514,514,2025-05-08 04:00:00,bank_transfer,paid,34574725.29
515,515,2025-03-16 22:00:00,debit_card,paid,2853745.65
516,516,2025-07-08 18:00:00,e_wallet,paid,26027121.02
517,517,2025-01-11 21:00:00,credit_card,failed,9376983.6
518,518,2025-01-18 23:00:00,e_wallet,pending,3446547.78
519,519,2025-12-06 20:00:00,credit_card,paid,2772121.2
520,520,2025-12-21 16:00:00,e_wallet,failed,27093021.07
521,521,2025-12-11 05:00:00,e_wallet,paid,30613972.01
522,522,2025-10-10 16:00:00,credit_card,paid,58740625.3
523,523,2025-11-24 04:00:00,debit_card,pending,846193.05
524,524,2025-07-05 23:00:00,debit_card,failed,15532505.95
525,525,2025-12-17 08:00:00,e_wallet,refunded,49865645.58
526,526,2025-05-02 13:00:00,credit_card,paid,23990831.5
527,527,2025-07-18 06:00:00,bank_transfer,paid,6174943.06
528,528,2025-05-12 13:00:00,e_wallet,paid,37755000.79
529,529,2025-05-02 18:00:00,debit_card,paid,27928832.01
530,530,2025-03-24 12:00:00,bank_transfer,paid,13283502.44
531,531,2025-11-20 10:00:00,debit_card,failed,27782722.53
532,532,2025-11-27 10:00:00,bank_transfer,failed,116781.96
533,533,2025-01-19 11:00:00,debit_card,failed,2035533.64
534,534,2025-02-11 20:00:00,debit_card,failed,43609375.41
535,535,2025-09-10 07:00:00,e_wallet,pending,9328805.81
536,536,2025-08-01 03:00:00,credit_card,failed,2557907.2
537,537,2025-06-21 13:00:00,bank_transfer,paid,26093460.4
538,538,2025-02-22 04:00:00,credit_card,paid,11441911.57
539,539,2025-12-25 17:00:00,credit_card,refunded,4049256.5
540,540,2025-02-03 18:00:00,credit_card,paid,16621257.24
541,541,2025-11-05 14:00:00,debit_card,failed,25418461.29
542,542,2025-10-08 20:00:00,credit_card,paid,4900691.98
543,543,2025-08-21 05:00:00,bank_transfer,paid,14385321.92
544,544,2025-01-27 15:00:00,e_wallet,pending,27059856.87
545,545,2025-04-07 00:00:00,debit_card,paid,21210942.47
546,546,2025-11-26 00:00:00,e_wallet,paid,2903815.76
547,547,2025-07-26 02:00:00,e_wallet,pending,18760771.28
548,548,2025-06-06 23:00:00,bank_transfer,refunded,15359834.84
549,549,2025-02-12 17:00:00,bank_transfer,paid,6584807.6
550,550,2025-05-09 03:00:00,credit_card,pending,136339.8
551,551,2025-11-29 23:00:00,debit_card,paid,40181649.72
552,552,2025-11-02 14:00:00,debit_card,paid,27213802.26
553,553,2025-06-14 02:00:00,credit_card,paid,20731875.73
554,554,2025-03-11 16:00:00,e_wallet,paid,7095347.3
555,555,2025-12-19 08:00:00,bank_transfer,failed,9004018.29
556,556,2025-06-19 00:00:00,e_wallet,paid,33611250.35
557,557,2025-04-13 17:00:00,debit_card,paid,51334414.47
558,558,2025-07-09 08:00:00,debit_card,paid,23951018.22
559,559,2025-07-13 04:00:00,bank_transfer,failed,20477197.95
560,560,2025-10-22 00:00:00,debit_card,paid,22944491.48
561,561,2025-01-13 21:00:00,bank_transfer,failed,10215477.75
562,562,2025-11-29 16:00:00,credit_card,pending,25812397.78
563,563,2025-04-28 07:00:00,debit_card,paid,13671502.09
564,564,2025-08-26 22:00:00,bank_transfer,paid,17252781.56
565,565,2025-12-27 03:00:00,e_wallet,paid,31804724.0
566,566,2025-01-27 09:00:00,bank_transfer,refunded,9608799.09
567,567,2025-08-10 00:00:00,credit_card,paid,3871855.46
568,568,2025-03-18 11:00:00,credit_card,paid,22502967.86
569,569,2025-03-29 21:00:00,debit_card,failed,9814264.15
570,570,2025-03-03 12:00:00,debit_card,pending,27175953.17
571,571,2025-09-27 02:00:00,e_wallet,failed,14965562.83
572,572,2025-08-22 06:00:00,bank_transfer,pending,43255657.3
573,573,2025-09-11 21:00:00,debit_card,paid,7067398.54
574,574,2025-04-15 06:00:00,debit_card,failed,1643756.02
575,575,2025-05-18 01:00:00,debit_card,pending,243611.73
576,576,2025-09-12 03:00:00,bank_transfer,paid,18208421.4
577,577,2025-08-09 14:00:00,bank_transfer,paid,30775669.89
578,578,2025-11-05 02:00:00,e_wallet,failed,2367313.8
579,579,2025-05-26 18:00:00,bank_transfer,pending,11699793.49
580,580,2025-04-07 19:00:00,e_wallet,paid,18295564.5
581,581,2025-07-29 01:00:00,e_wallet,paid,17773073.42
582,582,2025-01-16 12:00:00,credit_card,paid,28946292.44
583,583,2025-05-02 07:00:00,bank_transfer,paid,4568935.38
584,584,2025-05-09 19:00:00,credit_card,refunded,16648965.82
585,585,2025-12-18 15:00:00,credit_card,paid,3900336.1
586,586,2025-02-14 06:00:00,e_wallet,paid,5160460.65
587,587,2025-03-11 00:00:00,bank_transfer,paid,26495827.8
588,588,2025-12-21 05:00:00,debit_card,pending,25045709.68
589,589,2025-04-20 13:00:00,bank_transfer,paid,33179216.68
590,590,2025-12-29 20:00:00,credit_card,pending,31636297.9
591,591,2025-11-02 20:00:00,debit_card,paid,11840793.92
592,592,2025-02-18 22:00:00,debit_card,paid,13821007.29
593,593,2025-01-28 20:00:00,credit_card,paid,36861016.59
594,594,2025-08-31 04:00:00,bank_transfer,paid,16896515.34
595,595,2025-11-08 16:00:00,debit_card,pending,15826509.45
596,596,2025-11-04 10:00:00,debit_card,pending,15437357.65
597,597,2025-01-25 10:00:00,bank_transfer,paid,24015985.12
598,598,2025-09-17 19:00:00,e_wallet,paid,24321885.89
599,599,2025-06-04 18:00:00,e_wallet,pending,39316318.87
600,600,2025-07-10 04:00:00,bank_transfer,failed,11374384.92
601,601,2025-01-23 01:00:00,bank_transfer,paid,2222945.66
602,602,2025-05-15 07:00:00,credit_card,refunded,8571586.2
603,603,2025-09-11 00:00:00,bank_transfer,paid,5370061.6
604,604,2025-08-28 20:00:00,bank_transfer,paid,169238.61
605,605,2025-06-13 17:00:00,bank_transfer,refunded,37097639.48
606,606,2025-08-10 15:00:00,e_wallet,paid,20511931.48
607,607,2025-03-02 11:00:00,e_wallet,paid,534317.08
608,608,2025-03-08 19:00:00,e_wallet,failed,2557907.2
609,609,2025-05-24 07:00:00,bank_transfer,paid,16795263.25
610,610,2025-08-10 03:00:00,debit_card,paid,6278395.14
611,611,2025-11-10 10:00:00,credit_card,failed,8183547.7
612,612,2025-05-17 14:00:00,bank_transfer,paid,13092020.12
613,613,2025-08-13 16:00:00,credit_card,paid,29055969.77
614,614,2025-06-12 08:00:00,e_wallet,paid,7934687.84
615,615,2025-03-20 21:00:00,debit_card,failed,26386232.37
616,616,2025-12-03 20:00:00,credit_card,failed,7696643.32
617,617,2025-08-14 23:00:00,debit_card,paid,33003358.7
618,618,2025-03-19 00:00:00,e_wallet,paid,12014155.12
619,619,2025-04-05 06:00:00,credit_card,paid,8124619.19
620,620,2025-05-14 04:00:00,credit_card,pending,42152032.38
621,621,2025-08-28 08:00:00,credit_card,paid,40327468.63
622,622,2025-09-11 22:00:00,bank_transfer,paid,29708108.29
623,623,2025-07-03 06:00:00,debit_card,failed,136839.3
624,624,2025-09-06 19:00:00,bank_transfer,paid,38896050.12
625,625,2025-02-27 16:00:00,credit_card,pending,19520047.37
626,626,2025-03-18 19:00:00,bank_transfer,paid,4563444.32
627,627,2025-02-18 21:00:00,e_wallet,failed,6938241.98
628,628,2025-05-26 09:00:00,debit_card,failed,18653521.3
629,629,2025-03-29 00:00:00,e_wallet,failed,25216325.06
630,630,2025-05-21 09:00:00,bank_transfer,pending,1754186.0
631,631,2025-10-27 17:00:00,credit_card,failed,10516748.22
632,632,2025-01-03 15:00:00,bank_transfer,failed,10936084.92
633,633,2025-10-20 18:00:00,e_wallet,paid,40000272.8
634,634,2025-02-09 20:00:00,credit_card,failed,28952741.33
635,635,2025-09-14 02:00:00,bank_transfer,paid,16836828.75
636,636,2025-06-19 18:00:00,bank_transfer,paid,39824060.42
637,637,2025-12-16 06:00:00,debit_card,paid,16815257.48
638,638,2025-07-21 10:00:00,debit_card,failed,20048967.26
639,639,2025-02-24 10:00:00,bank_transfer,paid,36634015.13
640,640,2025-03-21 00:00:00,bank_transfer,paid,60022206.85
641,641,2025-08-25 12:00:00,credit_card,pending,7958792.68
642,642,2025-12-05 20:00:00,bank_transfer,paid,7316630.18
643,643,2025-11-19 08:00:00,bank_transfer,paid,14579167.22
644,644,2025-11-02 08:00:00,bank_transfer,paid,10219753.54
645,645,2025-06-19 09:00:00,credit_card,paid,16901676.94
646,646,2025-12-03 18:00:00,e_wallet,paid,11024701.32
647,647,2025-06-17 02:00:00,credit_card,pending,19734352.0
648,648,2025-10-19 10:00:00,bank_transfer,paid,41566102.26
649,649,2025-01-26 17:00:00,credit_card,pending,31015972.29
650,650,2025-05-25 13:00:00,e_wallet,failed,32408352.55
651,651,2025-01-29 11:00:00,debit_card,paid,11656316.25
652,652,2025-10-10 00:00:00,bank_transfer,refunded,33142848.45
653,653,2025-07-16 05:00:00,credit_card,paid,16188144.22
654,654,2025-05-11 20:00:00,credit_card,paid,18062373.71
655,655,2025-07-25 06:00:00,credit_card,paid,54647299.7
656,656,2025-04-17 17:00:00,e_wallet,paid,27282243.33
657,657,2025-07-27 14:00:00,e_wallet,pending,38672401.8
658,658,2025-12-02 17:00:00,credit_card,paid,36272050.51
659,659,2025-06-02 17:00:00,e_wallet,failed,35257473.53
660,660,2025-08-11 19:00:00,e_wallet,failed,30010725.98
661,661,2025-06-09 23:00:00,debit_card,pending,30636025.01
662,662,2025-11-05 19:00:00,credit_card,paid,6213002.38
663,663,2025-12-08 12:00:00,bank_transfer,failed,16423268.36
664,664,2025-07-09 22:00:00,bank_transfer,paid,10788094.29
665,665,2025-09-09 13:00:00,bank_transfer,paid,17370160.79
666,666,2025-09-02 10:00:00,debit_card,refunded,29822310.24
667,667,2025-11-05 08:00:00,bank_transfer,paid,90893.2
668,668,2025-08-06 00:00:00,e_wallet,paid,46126091.99
669,669,2025-11-11 03:00:00,credit_card,paid,35858699.29
670,670,2025-11-20 06:00:00,credit_card,paid,957364.15
671,671,2025-01-21 13:00:00,e_wallet,paid,11237657.11
672,672,2025-08-26 07:00:00,credit_card,paid,31386351.91
673,673,2025-11-28 05:00:00,e_wallet,pending,40245733.02
674,674,2025-03-21 23:00:00,credit_card,paid,26913972.16
675,675,2025-09-28 19:00:00,credit_card,pending,23842285.16
676,676,2025-09-26 07:00:00,e_wallet,paid,4388317.44
677,677,2025-08-30 00:00:00,credit_card,paid,41140119.54
678,678,2025-09-03 01:00:00,e_wallet,paid,25101046.32
679,679,2025-03-08 13:00:00,bank_transfer,paid,23189660.35
680,680,2025-05-09 13:00:00,credit_card,paid,20146964.47
681,681,2025-06-02 08:00:00,e_wallet,paid,30179042.57
682,682,2025-10-11 21:00:00,debit_card,paid,39973983.24
683,683,2025-09-20 21:00:00,credit_card,failed,20158541.53
684,684,2025-08-07 02:00:00,debit_card,paid,38408076.63
685,685,2025-08-26 08:00:00,bank_transfer,pending,18281170.45
686,686,2025-10-20 14:00:00,debit_card,paid,22208313.77
687,687,2025-07-02 05:00:00,e_wallet,failed,25009878.21
688,688,2025-02-11 23:00:00,debit_card,refunded,23264645.54
689,689,2025-01-10 04:00:00,e_wallet,pending,32160204.33
690,690,2025-12-05 16:00:00,bank_transfer,paid,29120442.45
691,691,2025-04-05 20:00:00,bank_transfer,paid,38171615.05
692,692,2025-01-25 22:00:00,e_wallet,paid,24357333.25
693,693,2025-12-27 03:00:00,e_wallet,paid,33416643.62
694,694,2025-10-28 04:00:00,e_wallet,paid,51821411.85
695,695,2025-12-10 09:00:00,debit_card,refunded,10595371.95
696,696,2025-05-16 18:00:00,credit_card,failed,957364.15
697,697,2025-04-06 14:00:00,debit_card,paid,23376870.45
698,698,2025-02-10 07:00:00,debit_card,failed,11032376.56
699,699,2025-05-14 16:00:00,credit_card,pending,27752963.31
700,700,2025-02-24 18:00:00,debit_card,refunded,4038123.92
701,701,2025-01-10 04:00:00,e_wallet,paid,22623470.1
702,702,2025-03-01 20:00:00,debit_card,paid,23267090.28
703,703,2025-12-03 08:00:00,bank_transfer,paid,10681106.82
704,704,2025-12-22 16:00:00,debit_card,failed,8211634.18
705,705,2025-12-04 04:00:00,e_wallet,pending,9819015.09
706,706,2025-11-06 20:00:00,debit_card,paid,24843719.08
707,707,2025-06-05 21:00:00,e_wallet,failed,17658953.25
708,708,2025-11-13 22:00:00,e_wallet,pending,32178874.98
709,709,2025-12-12 05:00:00,credit_card,pending,6642991.96
710,710,2025-12-13 21:00:00,bank_transfer,failed,9617188.56
711,711,2025-06-05 10:00:00,credit_card,paid,17376899.58
712,712,2025-03-11 13:00:00,credit_card,paid,6969502.51
713,713,2025-02-28 19:00:00,credit_card,paid,18451444.07
714,714,2025-12-24 06:00:00,debit_card,paid,8558257.98
715,715,2025-01-15 00:00:00,e_wallet,paid,9558276.7
716,716,2025-11-30 00:00:00,debit_card,pending,21797483.62
717,717,2025-05-05 01:00:00,credit_card,failed,9974687.62
718,718,2025-11-18 09:00:00,debit_card,failed,3836860.8
719,719,2025-10-03 22:00:00,debit_card,paid,6957045.75
720,720,2025-06-05 19:00:00,e_wallet,paid,18673556.27
721,721,2025-03-17 16:00:00,e_wallet,paid,35101904.0
722,722,2025-01-13 14:00:00,bank_transfer,paid,2649463.24
723,723,2025-03-21 22:00:00,credit_card,pending,21550254.29
724,724,2025-08-16 10:00:00,e_wallet,paid,18781932.45
725,725,2025-08-31 04:00:00,credit_card,failed,11081715.51
726,726,2025-08-19 06:00:00,debit_card,paid,16719338.92
727,727,2025-04-14 13:00:00,debit_card,refunded,22845156.0
728,728,2025-07-20 05:00:00,bank_transfer,paid,23593872.2
729,729,2025-01-06 17:00:00,debit_card,pending,27447530.91
730,730,2025-08-10 21:00:00,debit_card,failed,1643756.02
731,731,2025-09-11 06:00:00,credit_card,failed,9273506.4
732,732,2025-11-03 18:00:00,debit_card,failed,22678720.56
733,733,2025-05-29 22:00:00,bank_transfer,paid,24899420.88
734,734,2025-07-24 21:00:00,e_wallet,failed,16452816.4
735,735,2025-10-31 17:00:00,bank_transfer,failed,11045578.83
736,736,2025-12-15 01:00:00,bank_transfer,failed,14298891.93
737,737,2025-09-08 21:00:00,debit_card,pending,4988930.74
738,738,2025-02-01 12:00:00,bank_transfer,paid,2135020.31
739,739,2025-08-06 20:00:00,bank_transfer,paid,37061364.91
740,740,2025-10-11 18:00:00,bank_transfer,paid,13909679.02
741,741,2025-11-28 05:00:00,credit_card,paid,1187465.03
742,742,2025-03-02 21:00:00,bank_transfer,refunded,48092449.22
743,743,2025-11-27 06:00:00,debit_card,paid,20813276.3
744,744,2025-12-25 01:00:00,e_wallet,paid,17255392.23
745,745,2025-03-24 13:00:00,credit_card,pending,19846915.14
746,746,2025-04-10 20:00:00,bank_transfer,paid,50930652.23
747,747,2025-08-13 04:00:00,debit_card,refunded,18171295.13
748,748,2025-04-24 12:00:00,credit_card,pending,33099690.21
749,749,2025-06-24 05:00:00,e_wallet,refunded,12065152.27
750,750,2025-12-04 09:00:00,bank_transfer,paid,11802199.28
751,751,2025-05-31 07:00:00,bank_transfer,pending,1305249.56
752,752,2025-07-20 08:00:00,credit_card,paid,17338277.13
753,753,2025-12-11 17:00:00,e_wallet,pending,4241992.81
754,754,2025-07-05 19:00:00,debit_card,paid,8604591.92
755,755,2025-03-24 11:00:00,credit_card,paid,29402020.55
756,756,2025-05-25 05:00:00,bank_transfer,pending,22325436.08
757,757,2025-02-15 19:00:00,debit_card,paid,18363907.74
758,758,2025-03-08 13:00:00,debit_card,paid,16922849.54
759,759,2025-03-22 21:00:00,bank_transfer,paid,19423717.63
760,760,2025-02-21 04:00:00,credit_card,paid,21433456.64
761,761,2025-09-10 08:00:00,debit_card,paid,11358844.0
762,762,2025-04-19 05:00:00,debit_card,paid,13217197.24
763,763,2025-01-11 11:00:00,debit_card,paid,21502876.11
764,764,2025-07-03 01:00:00,credit_card,paid,19110891.73
765,765,2025-03-31 13:00:00,credit_card,failed,19667522.68
766,766,2025-09-16 09:00:00,e_wallet,failed,32997822.37
767,767,2025-02-03 02:00:00,bank_transfer,paid,17793349.24
768,768,2025-03-01 06:00:00,e_wallet,paid,14065335.7
769,769,2025-03-03 03:00:00,credit_card,paid,14153421.45
770,770,2025-09-08 03:00:00,e_wallet,paid,25598720.1
771,771,2025-07-02 04:00:00,credit_card,paid,12162742.38
772,772,2025-10-14 11:00:00,debit_card,paid,18713268.78
773,773,2025-12-21 01:00:00,debit_card,failed,10140627.45
774,774,2025-11-08 00:00:00,bank_transfer,paid,31364800.53
775,775,2025-12-28 01:00:00,e_wallet,paid,39438624.79
776,776,2025-08-24 03:00:00,e_wallet,failed,22609842.51
777,777,2025-02-27 21:00:00,credit_card,paid,14750578.88
778,778,2025-11-10 17:00:00,e_wallet,failed,2903815.76
779,779,2025-02-22 07:00:00,e_wallet,refunded,18384824.26
780,780,2025-01-22 10:00:00,credit_card,paid,38831246.67
781,781,2025-03-27 19:00:00,e_wallet,paid,5674411.56
782,782,2025-04-17 12:00:00,credit_card,paid,27616044.28
783,783,2025-03-23 19:00:00,bank_transfer,paid,30184031.18
784,784,2025-12-29 07:00:00,e_wallet,failed,23053934.98
785,785,2025-09-18 13:00:00,debit_card,pending,3949229.17
786,786,2025-02-20 03:00:00,debit_card,pending,6261054.77
787,787,2025-07-07 19:00:00,debit_card,failed,3429738.79
788,788,2025-03-13 01:00:00,bank_transfer,failed,14078628.72
789,789,2025-04-15 18:00:00,bank_transfer,paid,11971269.55
790,790,2025-01-05 02:00:00,bank_transfer,failed,6957045.75
791,791,2025-09-01 16:00:00,e_wallet,paid,9224511.68
792,792,2025-09-17 06:00:00,bank_transfer,paid,9772799.02
793,793,2025-05-17 07:00:00,credit_card,pending,13611907.5
794,794,2025-08-02 02:00:00,credit_card,pending,13970302.51
795,795,2025-12-07 21:00:00,debit_card,paid,17331432.01
796,796,2025-09-30 15:00:00,credit_card,failed,31939646.32
797,797,2025-04-28 01:00:00,bank_transfer,failed,9130461.76
798,798,2025-08-09 13:00:00,credit_card,paid,7800283.27
799,799,2025-08-24 13:00:00,e_wallet,failed,68935198.7
800,800,2025-09-23 18:00:00,credit_card,pending,39245273.57
801,801,2025-07-05 15:00:00,bank_transfer,paid,21152438.45
802,802,2025-08-15 09:00:00,bank_transfer,failed,7040127.94
803,803,2025-01-07 19:00:00,credit_card,failed,31410427.58
804,804,2025-09-23 22:00:00,e_wallet,paid,7857935.27
805,805,2025-02-14 20:00:00,credit_card,paid,31382814.82
806,806,2025-07-25 08:00:00,credit_card,paid,27796713.04
807,807,2025-08-13 00:00:00,bank_transfer,paid,23589035.75
808,808,2025-01-20 12:00:00,credit_card,pending,24350556.8
809,809,2025-03-20 02:00:00,debit_card,refunded,6440001.24
810,810,2025-01-31 14:00:00,e_wallet,pending,23003635.48
811,811,2025-12-05 01:00:00,e_wallet,failed,20352909.82
812,812,2025-06-01 18:00:00,debit_card,paid,4132016.99
813,813,2025-12-15 22:00:00,debit_card,refunded,4213515.66
814,814,2025-06-05 05:00:00,debit_card,pending,12031568.9
815,815,2025-06-11 17:00:00,e_wallet,paid,3202933.03
816,816,2025-01-06 23:00:00,debit_card,paid,3292403.8
817,817,2025-09-28 22:00:00,debit_card,paid,3446547.78
818,818,2025-12-26 02:00:00,credit_card,paid,26860195.84
819,819,2025-11-26 12:00:00,credit_card,refunded,16318074.07
820,820,2025-11-17 13:00:00,credit_card,failed,21422325.67
821,821,2025-12-01 12:00:00,e_wallet,pending,27044391.1
822,822,2025-06-27 00:00:00,bank_transfer,failed,19152106.0
823,823,2025-11-30 09:00:00,credit_card,failed,12128360.6
824,824,2025-04-12 10:00:00,debit_card,paid,18352914.79
825,825,2025-02-14 00:00:00,debit_card,refunded,3886008.0
826,826,2025-06-22 09:00:00,bank_transfer,pending,5353167.13
827,827,2025-03-07 20:00:00,credit_card,refunded,36318331.27
828,828,2025-05-26 01:00:00,e_wallet,paid,26241501.72
829,829,2025-09-20 00:00:00,e_wallet,paid,19990467.61
830,830,2025-09-24 16:00:00,bank_transfer,failed,27403753.85
831,831,2025-11-22 06:00:00,e_wallet,paid,44798999.8
832,832,2025-01-15 20:00:00,bank_transfer,failed,25956673.65
833,833,2025-10-04 17:00:00,e_wallet,paid,6254564.01
834,834,2025-05-05 13:00:00,debit_card,failed,1417639.52
835,835,2025-06-06 21:00:00,bank_transfer,paid,24353693.27
836,836,2025-09-16 08:00:00,credit_card,pending,41368207.72
837,837,2025-01-31 11:00:00,credit_card,paid,23363843.95
838,838,2025-05-13 04:00:00,credit_card,failed,13783636.71
839,839,2025-07-01 10:00:00,debit_card,paid,7860900.19
840,840,2025-11-30 13:00:00,credit_card,paid,35644841.32
841,841,2025-08-19 00:00:00,e_wallet,failed,25661943.22
842,842,2025-01-04 13:00:00,credit_card,paid,27735034.86
843,843,2025-05-01 15:00:00,bank_transfer,pending,28410992.27
844,844,2025-10-26 15:00:00,e_wallet,pending,29232665.61
845,845,2025-11-19 08:00:00,e_wallet,refunded,3551029.34
846,846,2025-11-01 06:00:00,e_wallet,paid,28113651.75
847,847,2025-06-04 21:00:00,credit_card,pending,5734878.38
848,848,2025-10-21 13:00:00,credit_card,paid,6002678.86
849,849,2025-07-13 23:00:00,e_wallet,pending,13775751.4
850,850,2025-05-08 09:00:00,e_wallet,paid,7835288.4
851,851,2025-09-22 04:00:00,bank_transfer,paid,4566486.51
852,852,2025-07-04 05:00:00,debit_card,paid,15192276.46
853,853,2025-03-17 17:00:00,e_wallet,paid,24004246.11
854,854,2025-07-30 01:00:00,bank_transfer,paid,25329394.53
855,855,2025-02-01 06:00:00,e_wallet,paid,24984558.34
856,856,2025-09-01 17:00:00,debit_card,paid,19342586.72
857,857,2025-02-10 17:00:00,bank_transfer,pending,12775008.34
858,858,2025-09-27 16:00:00,e_wallet,refunded,3067166.51
859,859,2025-10-15 01:00:00,bank_transfer,failed,8616369.45
860,860,2025-07-22 08:00:00,e_wallet,paid,59547052.99
861,861,2025-10-28 02:00:00,e_wallet,pending,4734627.6
862,862,2025-08-06 06:00:00,e_wallet,pending,26830924.64
863,863,2025-09-08 04:00:00,credit_card,paid,40987048.15
864,864,2025-03-25 18:00:00,debit_card,failed,3508372.0
865,865,2025-03-07 20:00:00,bank_transfer,pending,45207234.05
866,866,2025-08-24 18:00:00,e_wallet,pending,12811732.12
867,867,2025-09-20 06:00:00,e_wallet,refunded,590541.58
868,868,2025-03-02 16:00:00,credit_card,paid,20777064.43
869,869,2025-08-22 15:00:00,debit_card,paid,1772049.4
870,870,2025-03-22 17:00:00,e_wallet,refunded,27156633.54
871,871,2025-07-11 00:00:00,e_wallet,paid,30428742.1
872,872,2025-11-05 22:00:00,e_wallet,paid,24825600.97
873,873,2025-02-26 17:00:00,bank_transfer,paid,18871228.6
874,874,2025-10-20 08:00:00,credit_card,paid,8071550.15
875,875,2025-09-25 20:00:00,bank_transfer,paid,9319503.57
876,876,2025-07-11 11:00:00,credit_card,paid,12077285.25
877,877,2025-06-06 14:00:00,bank_transfer,paid,17791972.45
878,878,2025-01-16 21:00:00,e_wallet,paid,17751194.23
879,879,2025-03-14 08:00:00,credit_card,refunded,13975321.1
880,880,2025-08-04 23:00:00,e_wallet,paid,44531824.01
881,881,2025-05-26 02:00:00,bank_transfer,paid,3292403.8
882,882,2025-09-08 19:00:00,debit_card,paid,7337788.62
883,883,2025-10-09 07:00:00,credit_card,paid,12914395.36
884,884,2025-01-24 06:00:00,bank_transfer,paid,7160826.86
885,885,2025-10-22 07:00:00,e_wallet,failed,55255826.01
886,886,2025-08-20 08:00:00,credit_card,paid,16831815.17
887,887,2025-07-13 07:00:00,credit_card,failed,12299478.36
888,888,2025-11-08 07:00:00,e_wallet,failed,19236802.12
889,889,2025-03-13 02:00:00,bank_transfer,pending,11084752.34
890,890,2025-08-25 05:00:00,bank_transfer,paid,5340174.99
891,891,2025-12-08 19:00:00,bank_transfer,paid,30221589.22
892,892,2025-06-17 03:00:00,bank_transfer,failed,13699459.53
893,893,2025-11-16 10:00:00,e_wallet,failed,14147612.68
894,894,2025-07-29 10:00:00,debit_card,paid,27580653.15
895,895,2025-07-23 20:00:00,debit_card,failed,11819851.25
896,896,2025-01-24 19:00:00,bank_transfer,pending,63029587.07
897,897,2025-08-15 18:00:00,credit_card,paid,23960649.16
898,898,2025-11-27 14:00:00,credit_card,failed,33702485.06
899,899,2025-03-27 15:00:00,bank_transfer,paid,7575397.05
900,900,2025-10-21 20:00:00,e_wallet,failed,20103185.6
901,901,2025-12-31 00:00:00,e_wallet,failed,42046987.79
902,902,2025-11-27 01:00:00,e_wallet,pending,20280652.09
903,903,2025-10-15 01:00:00,debit_card,paid,30357910.81
904,904,2025-11-13 05:00:00,debit_card,failed,30871347.92
905,905,2025-01-29 03:00:00,e_wallet,refunded,15410932.12
906,906,2025-09-25 03:00:00,e_wallet,failed,27295573.7
907,907,2025-09-02 05:00:00,e_wallet,paid,50494810.25
908,908,2025-03-04 15:00:00,bank_transfer,failed,7430373.38
909,909,2025-04-04 06:00:00,credit_card,paid,21492551.58
910,910,2025-05-22 18:00:00,debit_card,paid,21823498.09
911,911,2025-05-07 13:00:00,e_wallet,pending,15492118.01
912,912,2025-10-24 10:00:00,e_wallet,paid,30674918.0
913,913,2025-10-01 15:00:00,e_wallet,paid,19529836.64
914,914,2025-07-26 06:00:00,debit_card,paid,21102327.05
915,915,2025-09-11 00:00:00,e_wallet,paid,29194057.47
916,916,2025-06-24 05:00:00,credit_card,paid,22242761.69
917,917,2025-08-01 04:00:00,e_wallet,failed,40309236.8
918,918,2025-09-28 16:00:00,bank_transfer,paid,26272913.78
919,919,2025-05-12 08:00:00,debit_card,paid,2772121.2
920,920,2025-02-21 12:00:00,e_wallet,paid,14252162.91
921,921,2025-05-27 12:00:00,debit_card,paid,26279517.27
922,922,2025-05-12 19:00:00,credit_card,paid,21061154.57
923,923,2025-03-21 03:00:00,debit_card,paid,45483373.3
924,924,2025-12-14 19:00:00,debit_card,paid,20703790.86
925,925,2025-11-11 11:00:00,debit_card,paid,35012485.55
926,926,2025-04-03 13:00:00,debit_card,pending,1616560.2
927,927,2025-01-30 04:00:00,debit_card,paid,14310625.65
928,928,2025-02-20 14:00:00,debit_card,paid,3710427.26
929,929,2025-07-31 17:00:00,bank_transfer,paid,9425674.41
930,930,2025-05-14 01:00:00,credit_card,failed,19228846.21
931,931,2025-03-04 02:00:00,credit_card,paid,16641495.16
932,932,2025-05-04 13:00:00,bank_transfer,failed,11688740.37
933,933,2025-10-29 22:00:00,debit_card,paid,32266697.71
934,934,2025-09-19 02:00:00,bank_transfer,refunded,4321694.29
935,935,2025-07-18 18:00:00,debit_card,paid,13392608.81
936,936,2025-05-18 13:00:00,bank_transfer,paid,20391285.36
937,937,2025-08-27 05:00:00,e_wallet,paid,9406323.48
938,938,2025-02-03 21:00:00,debit_card,paid,14487787.21
939,939,2025-07-29 15:00:00,bank_transfer,paid,47855323.48
940,940,2025-01-10 09:00:00,bank_transfer,refunded,4700638.16
941,941,2025-10-28 16:00:00,e_wallet,paid,52762751.9
942,942,2025-05-07 03:00:00,e_wallet,refunded,7270273.24
943,943,2025-11-30 17:00:00,bank_transfer,paid,12395841.35
944,944,2025-06-06 10:00:00,bank_transfer,paid,36362736.91
945,945,2025-08-17 19:00:00,e_wallet,failed,6822604.9
946,946,2025-11-22 22:00:00,debit_card,paid,38331745.74
947,947,2025-03-14 08:00:00,credit_card,refunded,14355707.6
948,948,2025-03-28 17:00:00,debit_card,paid,31513190.28
949,949,2025-10-04 00:00:00,bank_transfer,paid,14771045.4
950,950,2025-10-12 20:00:00,debit_card,paid,13541405.21
951,951,2025-01-02 10:00:00,credit_card,paid,45488873.77
952,952,2025-11-14 21:00:00,debit_card,pending,9107702.14
953,953,2025-03-28 05:00:00,e_wallet,paid,2557907.2
954,954,2025-09-04 09:00:00,bank_transfer,failed,19028979.83
955,955,2025-05-09 22:00:00,credit_card,pending,30326585.23
956,956,2025-07-15 07:00:00,e_wallet,failed,3773446.12
957,957,2025-11-21 11:00:00,e_wallet,failed,2019061.96
958,958,2025-09-19 02:00:00,debit_card,paid,15779119.65
959,959,2025-03-24 15:00:00,debit_card,refunded,40321273.58
960,960,2025-10-16 11:00:00,credit_card,paid,10569372.84
961,961,2025-02-15 16:00:00,credit_card,pending,54148544.84
962,962,2025-03-05 07:00:00,credit_card,paid,5112732.52
963,963,2025-10-12 06:00:00,bank_transfer,paid,1187512.46
964,964,2025-04-19 03:00:00,debit_card,failed,21811594.72
965,965,2025-06-13 14:00:00,debit_card,pending,14945906.57
966,966,2025-06-26 11:00:00,e_wallet,paid,28305964.71
967,967,2025-12-30 13:00:00,e_wallet,paid,32055631.13
968,968,2025-05-06 11:00:00,e_wallet,paid,45793622.59
969,969,2025-06-24 13:00:00,credit_card,paid,12448819.93
970,970,2025-11-03 17:00:00,debit_card,paid,31718791.72
971,971,2025-12-21 20:00:00,bank_transfer,pending,26299679.46
972,972,2025-01-03 03:00:00,debit_card,paid,17881674.92
973,973,2025-01-04 13:00:00,credit_card,paid,447151.5
974,974,2025-12-12 07:00:00,e_wallet,paid,16469594.46
975,975,2025-10-12 20:00:00,bank_transfer,pending,34278852.21
976,976,2025-12-27 08:00:00,e_wallet,failed,21177317.08
977,977,2025-07-21 01:00:00,debit_card,paid,22105491.5
978,978,2025-11-29 13:00:00,debit_card,paid,9692174.71
979,979,2025-10-04 11:00:00,credit_card,failed,18793205.22
980,980,2025-12-11 07:00:00,credit_card,pending,16511976.72
981,981,2025-03-05 02:00:00,bank_transfer,failed,14016698.88
982,982,2025-07-13 21:00:00,credit_card,refunded,16197026.0
983,983,2025-07-03 12:00:00,e_wallet,paid,38488709.66
984,984,2025-12-23 20:00:00,bank_transfer,paid,34850452.84
985,985,2025-08-26 20:00:00,credit_card,paid,12888629.23
986,986,2025-08-16 10:00:00,credit_card,paid,13058814.0
987,987,2025-01-11 10:00:00,debit_card,paid,16718604.16
988,988,2025-12-16 23:00:00,credit_card,pending,28690827.55
989,989,2025-07-03 06:00:00,e_wallet,paid,12493238.34
990,990,2025-11-12 00:00:00,bank_transfer,paid,2808006.2
991,991,2025-04-25 00:00:00,bank_transfer,paid,10698012.06
992,992,2025-07-05 05:00:00,e_wallet,paid,28750877.31
993,993,2025-09-10 18:00:00,e_wallet,pending,3271638.65
994,994,2025-12-29 16:00:00,debit_card,paid,7789788.83
995,995,2025-01-05 19:00:00,credit_card,failed,885812.37
996,996,2025-11-23 04:00:00,bank_transfer,paid,17020297.4
997,997,2025-05-24 03:00:00,debit_card,failed,13912047.63
998,998,2025-09-10 21:00:00,credit_card,failed,14857890.2
999,999,2025-04-10 07:00:00,bank_transfer,pending,15532505.95
1000,1000,2025-10-17 11:00:00,e_wallet,pending,23341512.22
1001,1001,2025-11-06 20:00:00,e_wallet,paid,36514102.74
1002,1002,2025-02-03 17:00:00,bank_transfer,paid,43054536.0
1003,1003,2025-02-03 11:00:00,credit_card,paid,23729211.15
1004,1004,2025-10-19 15:00:00,e_wallet,paid,55757782.78
1005,1005,2025-09-25 04:00:00,e_wallet,failed,22379413.52
1006,1006,2025-05-22 11:00:00,bank_transfer,failed,14711982.98
1007,1007,2025-12-14 19:00:00,debit_card,pending,9441538.13
1008,1008,2025-12-14 01:00:00,bank_transfer,refunded,21771076.35
1009,1009,2025-05-10 10:00:00,debit_card,failed,17055687.68
1010,1010,2025-08-22 21:00:00,debit_card,paid,26735322.34
1011,1011,2025-11-26 02:00:00,credit_card,pending,4750893.14
1012,1012,2025-01-28 04:00:00,credit_card,paid,31921877.31
1013,1013,2025-08-10 06:00:00,bank_transfer,paid,25869088.96
1014,1014,2025-05-21 22:00:00,e_wallet,pending,37957066.59
1015,1015,2025-09-24 15:00:00,debit_card,paid,8817106.01
1016,1016,2025-07-05 15:00:00,debit_card,failed,23710315.05
1017,1017,2025-01-24 02:00:00,e_wallet,pending,2809010.44
1018,1018,2025-04-25 05:00:00,bank_transfer,paid,26664520.73
1019,1019,2025-08-06 00:00:00,bank_transfer,paid,31303841.12
1020,1020,2025-06-12 09:00:00,credit_card,paid,8339418.68
1021,1021,2025-04-11 16:00:00,e_wallet,paid,20866404.35
1022,1022,2025-10-20 01:00:00,credit_card,paid,13629873.2
1023,1023,2025-04-27 00:00:00,credit_card,paid,18922092.55
1024,1024,2025-02-09 23:00:00,credit_card,paid,7796344.98
1025,1025,2025-04-12 13:00:00,e_wallet,paid,48300000.84
1026,1026,2025-06-10 08:00:00,e_wallet,pending,38164952.18
1027,1027,2025-11-18 19:00:00,debit_card,paid,21594682.79
1028,1028,2025-09-03 02:00:00,debit_card,failed,24752704.89
1029,1029,2025-01-13 23:00:00,credit_card,failed,18338197.86
1030,1030,2025-11-18 13:00:00,debit_card,paid,17766110.55
1031,1031,2025-05-09 03:00:00,credit_card,paid,7108893.36
1032,1032,2025-09-01 12:00:00,debit_card,paid,36379440.16
1033,1033,2025-01-29 12:00:00,bank_transfer,paid,31531344.5
1034,1034,2025-09-24 09:00:00,debit_card,paid,8158467.57
1035,1035,2025-02-08 22:00:00,debit_card,refunded,45644042.61
1036,1036,2025-11-15 13:00:00,e_wallet,failed,8721433.92
1037,1037,2025-02-18 01:00:00,bank_transfer,paid,9147075.69
1038,1038,2025-10-25 13:00:00,debit_card,paid,25232270.52
1039,1039,2025-02-02 07:00:00,bank_transfer,paid,15803139.88
1040,1040,2025-07-14 09:00:00,debit_card,failed,3836860.8
1041,1041,2025-12-23 14:00:00,credit_card,failed,7766335.04
1042,1042,2025-03-07 22:00:00,bank_transfer,failed,32970399.29
1043,1043,2025-08-15 21:00:00,credit_card,paid,5229029.35
1044,1044,2025-11-09 05:00:00,e_wallet,paid,6722955.13
1045,1045,2025-02-03 14:00:00,e_wallet,pending,32202439.01
1046,1046,2025-01-29 06:00:00,bank_transfer,paid,4091054.68
1047,1047,2025-06-01 15:00:00,debit_card,paid,30845673.51
1048,1048,2025-07-26 06:00:00,bank_transfer,refunded,7373117.29
1049,1049,2025-07-31 06:00:00,bank_transfer,failed,26612000.79
1050,1050,2025-11-04 21:00:00,credit_card,pending,26288095.93
1051,1051,2025-11-16 20:00:00,debit_card,paid,42752866.05
1052,1052,2025-07-16 20:00:00,e_wallet,failed,21384118.33
1053,1053,2025-08-09 14:00:00,e_wallet,refunded,31208997.66
1054,1054,2025-11-14 11:00:00,e_wallet,paid,3061251.88
1055,1055,2025-11-30 09:00:00,bank_transfer,pending,4224708.95
1056,1056,2025-01-15 10:00:00,debit_card,refunded,24982012.75
1057,1057,2025-06-19 21:00:00,credit_card,paid,19485216.87
1058,1058,2025-02-25 12:00:00,bank_transfer,paid,6546010.06
1059,1059,2025-11-02 18:00:00,e_wallet,paid,26771430.91
1060,1060,2025-11-01 23:00:00,e_wallet,failed,12519842.61
1061,1061,2025-04-11 18:00:00,e_wallet,refunded,16374605.11
1062,1062,2025-03-07 07:00:00,debit_card,failed,2417577.02
1063,1063,2025-05-12 17:00:00,bank_transfer,paid,5576820.6
1064,1064,2025-09-05 17:00:00,bank_transfer,refunded,13976366.82
1065,1065,2025-08-16 13:00:00,bank_transfer,paid,12824691.58
1066,1066,2025-03-12 20:00:00,e_wallet,paid,6406565.98
1067,1067,2025-02-01 10:00:00,e_wallet,paid,2044205.32
1068,1068,2025-10-28 15:00:00,e_wallet,refunded,13779301.98
1069,1069,2025-12-01 00:00:00,e_wallet,paid,16718604.16
1070,1070,2025-06-09 22:00:00,e_wallet,refunded,34729732.1
1071,1071,2025-03-17 22:00:00,bank_transfer,paid,22894876.91
1072,1072,2025-06-08 15:00:00,credit_card,paid,3652535.95
1073,1073,2025-05-30 11:00:00,credit_card,paid,11523036.52
1074,1074,2025-09-23 15:00:00,bank_transfer,pending,2590672.0
1075,1075,2025-12-15 11:00:00,credit_card,paid,10121709.28
1076,1076,2025-05-03 18:00:00,bank_transfer,failed,11434601.56
1077,1077,2025-10-14 09:00:00,bank_transfer,paid,39876915.69
1078,1078,2025-08-06 07:00:00,e_wallet,paid,18367786.4
1079,1079,2025-04-13 04:00:00,credit_card,paid,2649463.24
1080,1080,2025-02-06 23:00:00,credit_card,paid,11602289.81
1081,1081,2025-12-09 13:00:00,bank_transfer,pending,35408589.7
1082,1082,2025-12-22 15:00:00,credit_card,refunded,19170131.28
1083,1083,2025-12-22 03:00:00,bank_transfer,failed,4127098.95
1084,1084,2025-10-25 07:00:00,debit_card,paid,4635014.34
1085,1085,2025-11-13 07:00:00,e_wallet,paid,11913400.16
1086,1086,2025-06-18 09:00:00,bank_transfer,paid,14362974.15
1087,1087,2025-08-21 11:00:00,e_wallet,failed,8912052.27
1088,1088,2025-01-23 01:00:00,debit_card,paid,6956142.5
1089,1089,2025-01-02 09:00:00,bank_transfer,paid,18903648.55
1090,1090,2025-12-21 17:00:00,debit_card,paid,5160158.82
1091,1091,2025-11-16 03:00:00,debit_card,paid,6471220.81
1092,1092,2025-09-05 03:00:00,debit_card,failed,2714371.08
1093,1093,2025-06-19 04:00:00,credit_card,pending,5344903.55
1094,1094,2025-07-13 22:00:00,bank_transfer,paid,26188806.21
1095,1095,2025-04-06 17:00:00,credit_card,paid,24214565.63
1096,1096,2025-07-05 07:00:00,bank_transfer,paid,21119756.09
1097,1097,2025-07-04 06:00:00,debit_card,refunded,10601097.81
1098,1098,2025-02-28 07:00:00,credit_card,paid,30886578.73
1099,1099,2025-08-15 06:00:00,debit_card,pending,9274698.42
1100,1100,2025-10-27 12:00:00,e_wallet,failed,5618020.88
1101,1101,2025-07-04 20:00:00,credit_card,paid,24643792.35
1102,1102,2025-04-12 17:00:00,e_wallet,paid,8475698.68
1103,1103,2025-03-31 22:00:00,e_wallet,paid,34098492.87
1104,1104,2025-04-01 13:00:00,credit_card,failed,21941587.2
1105,1105,2025-10-11 01:00:00,credit_card,paid,1285345.3
1106,1106,2025-04-12 10:00:00,bank_transfer,paid,32094886.79
1107,1107,2025-05-15 09:00:00,debit_card,paid,12268666.04
1108,1108,2025-01-11 14:00:00,bank_transfer,pending,2714371.08
1109,1109,2025-03-13 16:00:00,bank_transfer,pending,46214654.65
1110,1110,2025-02-27 05:00:00,bank_transfer,paid,27464619.6
1111,1111,2025-06-06 11:00:00,debit_card,paid,28957255.79
1112,1112,2025-07-10 13:00:00,debit_card,paid,25364623.62
1113,1113,2025-12-06 16:00:00,e_wallet,failed,13373150.76
1114,1114,2025-11-17 20:00:00,e_wallet,paid,6227704.64
1115,1115,2026-01-01 21:00:00,e_wallet,paid,27346731.1
1116,1116,2025-03-16 07:00:00,credit_card,paid,25947267.62
1117,1117,2025-04-08 16:00:00,credit_card,failed,6856536.5
1118,1118,2025-07-13 11:00:00,debit_card,paid,7879343.77
1119,1119,2025-06-13 04:00:00,debit_card,paid,16367095.4
1120,1120,2025-11-24 00:00:00,bank_transfer,paid,11525935.0
1121,1121,2025-11-13 06:00:00,debit_card,paid,21019071.85
1122,1122,2025-10-03 02:00:00,bank_transfer,failed,4936108.77
1123,1123,2025-03-18 01:00:00,credit_card,paid,4830618.95
1124,1124,2025-01-29 23:00:00,debit_card,failed,15759994.74
1125,1125,2025-05-24 10:00:00,credit_card,paid,15812613.9
1126,1126,2025-09-19 22:00:00,credit_card,refunded,9912897.93
1127,1127,2025-09-09 04:00:00,bank_transfer,pending,21102060.81
1128,1128,2025-02-12 06:00:00,e_wallet,paid,26420136.34
1129,1129,2025-12-06 05:00:00,bank_transfer,paid,37271006.68
1130,1130,2025-03-27 20:00:00,debit_card,paid,26759347.23
1131,1131,2025-11-28 09:00:00,e_wallet,failed,15891497.05
1132,1132,2025-07-13 00:00:00,bank_transfer,refunded,35712889.97
1133,1133,2025-08-26 21:00:00,bank_transfer,paid,9871689.84
1134,1134,2026-01-01 22:00:00,bank_transfer,refunded,7566218.32
1135,1135,2025-12-22 12:00:00,debit_card,pending,5990676.11
1136,1136,2025-09-11 08:00:00,e_wallet,paid,13467567.26
1137,1137,2025-10-26 16:00:00,e_wallet,pending,8252381.75
1138,1138,2025-10-27 15:00:00,debit_card,paid,858353.11
1139,1139,2025-04-18 23:00:00,credit_card,paid,17561953.8
1140,1140,2025-08-22 00:00:00,e_wallet,paid,38710084.69
1141,1141,2025-07-23 05:00:00,bank_transfer,paid,28182066.31
1142,1142,2025-08-06 18:00:00,debit_card,paid,22933661.55
1143,1143,2025-10-21 16:00:00,debit_card,failed,22059205.17
1144,1144,2025-07-11 15:00:00,e_wallet,failed,11128620.15
1145,1145,2025-02-14 14:00:00,credit_card,failed,16020631.46
1146,1146,2025-02-13 18:00:00,bank_transfer,paid,8230278.26
1147,1147,2025-09-23 14:00:00,debit_card,paid,16355018.69
1148,1148,2025-10-27 21:00:00,bank_transfer,paid,21181814.98
1149,1149,2025-09-20 12:00:00,e_wallet,paid,35516668.19
1150,1150,2025-08-08 12:00:00,debit_card,paid,33083640.73
1151,1151,2025-08-10 22:00:00,e_wallet,paid,2146667.08
1152,1152,2025-09-12 13:00:00,debit_card,paid,40667153.02
1153,1153,2025-07-16 09:00:00,credit_card,paid,23696950.3
1154,1154,2025-08-15 15:00:00,debit_card,paid,26203722.3
1155,1155,2025-11-27 02:00:00,e_wallet,paid,39783315.24
1156,1156,2025-02-12 15:00:00,bank_transfer,failed,23270238.39
1157,1157,2025-09-14 16:00:00,debit_card,failed,30563108.97
1158,1158,2025-11-26 04:00:00,debit_card,failed,13186872.95
1159,1159,2025-05-22 15:00:00,e_wallet,paid,22640121.83
1160,1160,2025-02-20 20:00:00,credit_card,paid,18898227.64
1161,1161,2025-07-04 10:00:00,bank_transfer,refunded,27592666.75
1162,1162,2025-04-14 07:00:00,bank_transfer,paid,44212459.54
1163,1163,2025-12-12 02:00:00,bank_transfer,paid,4090024.92
1164,1164,2025-06-04 13:00:00,e_wallet,failed,43608461.44
1165,1165,2025-12-16 11:00:00,credit_card,paid,570749.13
1166,1166,2025-04-08 15:00:00,bank_transfer,refunded,12493238.34
1167,1167,2025-03-12 03:00:00,bank_transfer,failed,1022763.67
1168,1168,2025-10-06 05:00:00,e_wallet,paid,5559453.15
1169,1169,2025-01-05 04:00:00,debit_card,paid,9424896.3
1170,1170,2025-05-25 16:00:00,debit_card,paid,13787990.1
1171,1171,2025-07-26 21:00:00,credit_card,paid,23656579.15
1172,1172,2025-10-24 02:00:00,e_wallet,pending,13783636.71
1173,1173,2025-01-08 22:00:00,credit_card,pending,447151.5
1174,1174,2025-09-21 00:00:00,bank_transfer,paid,14838062.71
1175,1175,2025-07-23 21:00:00,e_wallet,paid,3585974.46
1176,1176,2025-04-18 04:00:00,bank_transfer,paid,136339.8
1177,1177,2025-09-23 17:00:00,credit_card,failed,18586243.0
1178,1178,2025-10-10 18:00:00,debit_card,paid,49471764.45
1179,1179,2025-08-25 10:00:00,bank_transfer,failed,4291765.55
1180,1180,2025-02-13 22:00:00,e_wallet,failed,18378182.28
1181,1181,2025-04-07 20:00:00,credit_card,failed,6245968.79
1182,1182,2025-12-24 06:00:00,debit_card,paid,44155925.02
1183,1183,2025-08-14 00:00:00,bank_transfer,failed,11375429.21
1184,1184,2025-10-13 06:00:00,debit_card,paid,20403054.47
1185,1185,2025-03-13 21:00:00,debit_card,failed,36503113.62
1186,1186,2025-03-08 09:00:00,credit_card,pending,22474656.3
1187,1187,2025-01-06 08:00:00,credit_card,failed,4301359.38
1188,1188,2025-12-05 14:00:00,credit_card,paid,16684832.09
1189,1189,2025-06-23 16:00:00,bank_transfer,paid,43139771.35
1190,1190,2025-08-06 02:00:00,bank_transfer,failed,29475468.49
1191,1191,2025-07-27 22:00:00,debit_card,failed,17505443.08
1192,1192,2025-12-21 23:00:00,bank_transfer,paid,3550220.66
1193,1193,2025-06-17 16:00:00,bank_transfer,paid,22783311.76
1194,1194,2025-10-18 05:00:00,e_wallet,paid,14022330.96
1195,1195,2025-03-13 08:00:00,bank_transfer,paid,51545146.86
1196,1196,2025-10-19 21:00:00,e_wallet,failed,26476329.02
1197,1197,2025-11-05 23:00:00,e_wallet,failed,29265227.86
1198,1198,2025-10-21 08:00:00,e_wallet,paid,9916774.08
1199,1199,2025-07-16 04:00:00,debit_card,paid,26371950.9
1200,1200,2025-02-02 12:00:00,debit_card,paid,40649703.62
1201,1201,2025-04-07 18:00:00,e_wallet,paid,25130919.86
1202,1202,2025-06-18 16:00:00,credit_card,paid,7337788.62
1203,1203,2025-11-25 04:00:00,credit_card,paid,54670855.28
1204,1204,2025-02-19 00:00:00,e_wallet,paid,23134917.99
1205,1205,2025-12-12 09:00:00,credit_card,paid,26402585.6
1206,1206,2025-01-18 19:00:00,bank_transfer,pending,24399651.2
1207,1207,2025-11-06 22:00:00,e_wallet,paid,9303154.48
1208,1208,2025-04-06 16:00:00,bank_transfer,paid,19629467.48
1209,1209,2025-07-17 09:00:00,credit_card,paid,8834396.52
1210,1210,2025-04-30 01:00:00,e_wallet,pending,9429063.11
1211,1211,2025-09-27 04:00:00,credit_card,paid,3475920.35
1212,1212,2025-01-30 03:00:00,bank_transfer,failed,8952439.37
1213,1213,2025-01-06 10:00:00,credit_card,paid,31385053.92
1214,1214,2025-07-30 21:00:00,e_wallet,paid,24377503.8
1215,1215,2025-02-27 19:00:00,e_wallet,failed,17118613.04
1216,1216,2025-08-04 15:00:00,e_wallet,pending,40138253.41
1217,1217,2025-02-06 06:00:00,credit_card,failed,5212723.73
1218,1218,2025-04-16 20:00:00,debit_card,failed,24351131.63
1219,1219,2025-04-17 20:00:00,debit_card,paid,11397127.82
1220,1220,2025-12-31 21:00:00,e_wallet,paid,30890761.69
1221,1221,2025-03-24 09:00:00,credit_card,refunded,26499250.22
1222,1222,2025-06-10 00:00:00,credit_card,paid,18660361.46
1223,1223,2025-09-15 07:00:00,credit_card,pending,10975191.45
1224,1224,2025-08-23 06:00:00,bank_transfer,paid,11903987.98
1225,1225,2025-01-05 03:00:00,credit_card,paid,15079949.8
1226,1226,2025-02-02 04:00:00,debit_card,paid,8935581.92
1227,1227,2025-11-07 15:00:00,debit_card,paid,11392738.7
1228,1228,2025-09-28 09:00:00,credit_card,failed,26263446.1
1229,1229,2025-09-10 11:00:00,debit_card,paid,9042456.43
1230,1230,2025-10-22 03:00:00,bank_transfer,pending,2249425.53
1231,1231,2025-02-17 02:00:00,credit_card,pending,17930432.44
1232,1232,2025-08-23 01:00:00,debit_card,pending,39967220.8
1233,1233,2026-01-01 12:00:00,credit_card,paid,19265611.66
1234,1234,2025-07-21 03:00:00,e_wallet,failed,7796344.98
1235,1235,2025-04-01 22:00:00,bank_transfer,paid,29185629.05
1236,1236,2025-04-03 10:00:00,bank_transfer,refunded,24595883.21
1237,1237,2025-08-11 03:00:00,credit_card,paid,16342646.35
1238,1238,2025-12-04 23:00:00,credit_card,pending,31292759.65
1239,1239,2025-10-20 19:00:00,e_wallet,paid,24676069.35
1240,1240,2025-12-24 22:00:00,e_wallet,paid,23193429.91
1241,1241,2025-05-04 12:00:00,debit_card,failed,38680051.01
1242,1242,2025-03-23 01:00:00,e_wallet,pending,20822063.9
1243,1243,2025-10-03 12:00:00,credit_card,pending,35438082.67
1244,1244,2025-02-04 01:00:00,e_wallet,pending,24779625.86
1245,1245,2025-04-22 10:00:00,e_wallet,paid,28530835.62
1246,1246,2025-07-30 01:00:00,credit_card,refunded,16452816.4
1247,1247,2025-03-05 20:00:00,bank_transfer,paid,4537367.94
1248,1248,2025-02-24 05:00:00,debit_card,failed,3325624.84
1249,1249,2025-06-17 17:00:00,debit_card,paid,7774711.4
1250,1250,2025-03-27 06:00:00,debit_card,paid,39812854.47
1251,1251,2025-09-17 23:00:00,e_wallet,paid,30489445.53
1252,1252,2025-01-14 19:00:00,credit_card,pending,32169879.38
1253,1253,2025-12-23 06:00:00,debit_card,pending,7469490.25
1254,1254,2025-08-26 23:00:00,credit_card,paid,5377960.41
1255,1255,2025-07-25 11:00:00,debit_card,paid,32039059.61
1256,1256,2025-07-23 04:00:00,e_wallet,paid,11923864.47
1257,1257,2025-05-10 15:00:00,e_wallet,pending,56913325.63
1258,1258,2025-03-12 10:00:00,bank_transfer,pending,19747889.41
1259,1259,2025-08-26 07:00:00,bank_transfer,paid,34421931.94
1260,1260,2025-02-04 19:00:00,debit_card,failed,7095347.3
1261,1261,2025-12-04 03:00:00,e_wallet,pending,24999486.16
1262,1262,2025-08-13 06:00:00,bank_transfer,paid,26696657.04
1263,1263,2025-05-24 01:00:00,e_wallet,paid,15006697.15
1264,1264,2025-03-29 17:00:00,credit_card,paid,15735596.78
1265,1265,2025-11-08 04:00:00,e_wallet,paid,10908273.6
1266,1266,2025-06-01 05:00:00,bank_transfer,failed,28570953.31
1267,1267,2025-07-20 05:00:00,bank_transfer,paid,30114812.08
1268,1268,2025-12-11 08:00:00,credit_card,paid,901465.66
1269,1269,2025-12-13 06:00:00,e_wallet,paid,12870633.27
1270,1270,2025-08-14 20:00:00,bank_transfer,paid,5804013.38
1271,1271,2025-04-22 04:00:00,credit_card,paid,28421053.76
1272,1272,2025-12-12 23:00:00,bank_transfer,paid,13037197.34
1273,1273,2025-08-16 02:00:00,debit_card,paid,5557364.15
1274,1274,2025-11-22 16:00:00,credit_card,failed,38850783.12
1275,1275,2025-11-26 09:00:00,credit_card,pending,16847103.66
1276,1276,2025-12-05 17:00:00,e_wallet,paid,29658921.54
1277,1277,2025-07-19 14:00:00,debit_card,paid,30509120.3
1278,1278,2025-08-17 23:00:00,credit_card,refunded,23410821.4
1279,1279,2025-01-03 09:00:00,bank_transfer,failed,47149403.59
1280,1280,2025-07-14 10:00:00,bank_transfer,paid,17213270.84
1281,1281,2025-05-09 04:00:00,bank_transfer,paid,43273514.2
1282,1282,2025-04-13 14:00:00,debit_card,paid,25581231.64
1283,1283,2025-08-05 07:00:00,e_wallet,paid,2788410.3
1284,1284,2025-06-23 07:00:00,debit_card,paid,1858829.81
1285,1285,2025-12-15 02:00:00,debit_card,paid,1305249.56
1286,1286,2025-04-23 07:00:00,e_wallet,paid,4749860.12
1287,1287,2025-12-08 08:00:00,e_wallet,pending,19350853.42
1288,1288,2025-03-27 07:00:00,debit_card,paid,1482759.08
1289,1289,2025-09-21 03:00:00,credit_card,failed,4846607.14
1290,1290,2025-06-17 19:00:00,e_wallet,failed,15774135.03
1291,1291,2025-11-17 01:00:00,credit_card,refunded,3693905.17
1292,1292,2025-04-17 17:00:00,credit_card,refunded,32318651.9
1293,1293,2025-07-22 09:00:00,bank_transfer,paid,3828840.32
1294,1294,2025-03-03 19:00:00,bank_transfer,paid,15437357.65
1295,1295,2025-02-24 21:00:00,credit_card,paid,23663761.52
1296,1296,2025-03-31 19:00:00,credit_card,paid,4173280.87
1297,1297,2025-12-01 22:00:00,bank_transfer,paid,21515334.59
1298,1298,2025-07-20 14:00:00,credit_card,paid,12313754.71
1299,1299,2025-04-24 09:00:00,credit_card,pending,9597135.57
1300,1300,2025-05-24 13:00:00,e_wallet,refunded,27603870.42
1301,1301,2025-07-09 02:00:00,e_wallet,paid,26663583.9
1302,1302,2025-04-22 16:00:00,e_wallet,paid,24965754.74
1303,1303,2025-11-03 09:00:00,bank_transfer,paid,18930027.93
1304,1304,2026-01-01 01:00:00,credit_card,failed,22451354.2
1305,1305,2025-10-20 02:00:00,debit_card,paid,1022763.67
1306,1306,2025-02-18 01:00:00,debit_card,paid,6440001.24
1307,1307,2025-11-20 19:00:00,debit_card,paid,7912123.77
1308,1308,2025-12-15 10:00:00,debit_card,failed,23462412.42
1309,1309,2025-12-23 19:00:00,credit_card,paid,50362455.03
1310,1310,2025-03-31 02:00:00,credit_card,failed,14855067.15
1311,1311,2025-12-20 14:00:00,credit_card,failed,47554643.01
1312,1312,2025-12-08 19:00:00,debit_card,paid,29091495.72
1313,1313,2025-06-21 11:00:00,bank_transfer,failed,16525949.46
1314,1314,2025-10-28 16:00:00,debit_card,paid,34997783.42
1315,1315,2025-09-19 02:00:00,e_wallet,pending,30084737.94
1316,1316,2025-04-30 07:00:00,e_wallet,failed,22770889.62
1317,1317,2025-12-28 13:00:00,e_wallet,paid,19711323.4
1318,1318,2025-01-11 21:00:00,bank_transfer,failed,23385594.94
1319,1319,2025-03-06 03:00:00,e_wallet,paid,11595076.25
1320,1320,2025-08-08 10:00:00,e_wallet,paid,534317.08
1321,1321,2025-11-15 21:00:00,debit_card,paid,9681760.92
1322,1322,2025-03-12 23:00:00,credit_card,paid,20166905.55
1323,1323,2025-06-02 10:00:00,e_wallet,paid,40168331.19
1324,1324,2025-07-12 11:00:00,debit_card,pending,10690271.23
1325,1325,2025-01-20 22:00:00,debit_card,pending,4638030.5
1326,1326,2025-11-04 05:00:00,bank_transfer,paid,25700648.5
1327,1327,2025-06-19 17:00:00,e_wallet,paid,4734627.6
1328,1328,2025-06-12 04:00:00,credit_card,failed,26420737.42
1329,1329,2025-01-21 11:00:00,debit_card,failed,33980851.22
1330,1330,2025-08-01 16:00:00,credit_card,failed,25855541.77
1331,1331,2025-05-28 09:00:00,debit_card,paid,18260923.52
1332,1332,2025-04-28 19:00:00,credit_card,pending,40086961.15
1333,1333,2025-06-20 00:00:00,e_wallet,paid,16607479.9
1334,1334,2025-04-18 00:00:00,e_wallet,paid,7321840.84
1335,1335,2025-12-08 05:00:00,credit_card,failed,28448345.8
1336,1336,2025-12-18 12:00:00,bank_transfer,pending,12317451.27
1337,1337,2025-04-24 06:00:00,bank_transfer,failed,24583348.86
1338,1338,2025-07-16 10:00:00,credit_card,paid,17012392.4
1339,1339,2025-04-04 17:00:00,credit_card,pending,48260625.25
1340,1340,2025-01-05 10:00:00,debit_card,failed,3762571.79
1341,1341,2025-09-10 09:00:00,credit_card,paid,8722602.12
1342,1342,2025-01-27 22:00:00,credit_card,paid,31848455.29
1343,1343,2025-04-16 03:00:00,e_wallet,paid,14310625.65
1344,1344,2025-03-30 03:00:00,credit_card,failed,30644123.81
1345,1345,2025-04-15 14:00:00,debit_card,refunded,6546010.06
1346,1346,2025-02-11 08:00:00,bank_transfer,pending,38616771.56
1347,1347,2025-08-28 18:00:00,e_wallet,paid,12293560.72
1348,1348,2025-04-13 17:00:00,credit_card,paid,4192667.48
1349,1349,2025-04-02 14:00:00,e_wallet,paid,12538828.69
1350,1350,2025-06-06 03:00:00,credit_card,refunded,13991099.22
1351,1351,2025-08-18 21:00:00,debit_card,pending,14657064.76
1352,1352,2025-04-15 07:00:00,e_wallet,failed,29025841.88
1353,1353,2025-09-05 16:00:00,bank_transfer,paid,10678139.44
1354,1354,2025-07-24 12:00:00,bank_transfer,paid,1662812.42
1355,1355,2025-08-30 20:00:00,bank_transfer,paid,18551728.28
1356,1356,2025-09-16 10:00:00,credit_card,pending,1187512.46
1357,1357,2025-08-10 10:00:00,debit_card,paid,21773158.7
1358,1358,2025-09-04 17:00:00,debit_card,failed,15012926.71
1359,1359,2025-07-15 17:00:00,e_wallet,failed,18220634.37
1360,1360,2025-02-12 13:00:00,credit_card,paid,17254774.86
1361,1361,2025-11-01 16:00:00,e_wallet,paid,24779748.6
1362,1362,2025-10-11 16:00:00,e_wallet,paid,25162395.16
1363,1363,2025-05-12 05:00:00,bank_transfer,paid,2556366.26
1364,1364,2025-06-07 00:00:00,credit_card,paid,26650837.13
1365,1365,2025-07-12 05:00:00,credit_card,refunded,6390915.65
1366,1366,2025-09-05 11:00:00,credit_card,paid,5067245.61
1367,1367,2025-03-12 21:00:00,debit_card,paid,30234346.13
1368,1368,2025-04-12 01:00:00,e_wallet,paid,11024564.89
1369,1369,2025-01-04 17:00:00,credit_card,failed,3727515.53
1370,1370,2025-09-14 17:00:00,credit_card,pending,23180801.54
1371,1371,2025-07-12 15:00:00,debit_card,paid,14127162.6
1372,1372,2025-08-02 19:00:00,e_wallet,paid,15995776.96
1373,1373,2025-07-11 01:00:00,e_wallet,paid,17344009.6
1374,1374,2025-06-07 02:00:00,bank_transfer,refunded,19470582.9
1375,1375,2025-02-07 06:00:00,credit_card,paid,38325558.7
1376,1376,2025-03-05 07:00:00,debit_card,refunded,18533237.04
1377,1377,2025-03-26 23:00:00,bank_transfer,failed,22057911.04
1378,1378,2025-08-13 01:00:00,debit_card,paid,24408658.74
1379,1379,2025-06-28 20:00:00,e_wallet,pending,6270264.36
1380,1380,2025-09-09 03:00:00,debit_card,pending,1226160.98
1381,1381,2025-07-08 19:00:00,credit_card,paid,12381227.08
1382,1382,2025-11-30 03:00:00,debit_card,paid,3209756.16
1383,1383,2025-05-07 17:00:00,credit_card,paid,19576509.08
1384,1384,2025-01-18 18:00:00,credit_card,failed,11252268.56
1385,1385,2025-07-05 13:00:00,credit_card,pending,14347828.36
1386,1386,2025-12-14 10:00:00,credit_card,pending,4207677.29
1387,1387,2025-12-07 08:00:00,credit_card,paid,12799944.88
1388,1388,2025-05-14 20:00:00,credit_card,paid,30497998.32
1389,1389,2025-12-15 22:00:00,credit_card,paid,26660838.51
1390,1390,2025-05-07 11:00:00,bank_transfer,refunded,236709.7
1391,1391,2025-12-07 17:00:00,credit_card,paid,5585651.7
1392,1392,2025-01-08 05:00:00,credit_card,failed,9201499.53
1393,1393,2025-02-17 20:00:00,bank_transfer,pending,48679366.21
1394,1394,2025-07-17 05:00:00,credit_card,pending,27126594.66
1395,1395,2025-10-29 09:00:00,bank_transfer,paid,3120307.74
1396,1396,2025-09-24 03:00:00,credit_card,paid,1861883.9
1397,1397,2025-08-06 13:00:00,bank_transfer,failed,34346366.59
1398,1398,2025-08-07 04:00:00,e_wallet,pending,6448775.07
1399,1399,2025-06-04 07:00:00,bank_transfer,failed,7994267.27
1400,1400,2025-12-05 19:00:00,e_wallet,paid,24498951.1
1401,1401,2025-10-29 10:00:00,debit_card,pending,38997781.08
1402,1402,2025-07-30 05:00:00,credit_card,pending,21227387.06
1403,1403,2025-02-15 13:00:00,credit_card,pending,22250480.14
1404,1404,2025-10-21 17:00:00,bank_transfer,failed,19035493.53
1405,1405,2025-06-27 01:00:00,bank_transfer,paid,47606776.09
1406,1406,2025-05-18 21:00:00,e_wallet,paid,14150639.76
1407,1407,2025-07-23 09:00:00,debit_card,paid,39820451.21
1408,1408,2025-01-05 06:00:00,bank_transfer,failed,29183978.89
1409,1409,2025-09-10 19:00:00,e_wallet,paid,7917586.95
1410,1410,2025-02-06 15:00:00,bank_transfer,pending,15592689.96
1411,1411,2025-08-02 04:00:00,e_wallet,paid,9791186.9
1412,1412,2025-12-03 23:00:00,bank_transfer,pending,57123284.96
1413,1413,2025-08-09 02:00:00,debit_card,paid,33378708.36
1414,1414,2025-07-11 14:00:00,e_wallet,pending,19670586.75
1415,1415,2025-03-10 17:00:00,bank_transfer,paid,7376415.32
1416,1416,2025-04-05 16:00:00,e_wallet,paid,11522961.57
1417,1417,2025-08-19 01:00:00,debit_card,failed,33060647.46
1418,1418,2025-04-19 16:00:00,credit_card,paid,12940292.02
1419,1419,2025-02-01 22:00:00,debit_card,paid,38979800.29
1420,1420,2025-04-10 02:00:00,bank_transfer,failed,19902649.23
1421,1421,2025-07-29 06:00:00,debit_card,pending,32079209.65
1422,1422,2025-11-17 17:00:00,e_wallet,failed,2575498.97
1423,1423,2025-11-22 20:00:00,credit_card,paid,9370455.54
1424,1424,2025-05-31 01:00:00,e_wallet,paid,29236522.28
1425,1425,2025-03-05 02:00:00,debit_card,paid,41760748.78
1426,1426,2025-06-26 04:00:00,e_wallet,refunded,20174777.8
1427,1427,2025-05-01 23:00:00,debit_card,paid,30311432.49
1428,1428,2025-12-11 05:00:00,credit_card,paid,7472374.76
1429,1429,2025-01-05 23:00:00,e_wallet,paid,30736782.39
1430,1430,2025-01-04 16:00:00,credit_card,failed,12027965.8
1431,1431,2025-01-23 20:00:00,credit_card,paid,6822604.9
1432,1432,2025-09-25 06:00:00,credit_card,paid,18763915.8
1433,1433,2025-07-13 18:00:00,bank_transfer,failed,17234432.18
1434,1434,2025-05-17 19:00:00,e_wallet,paid,26970700.54
1435,1435,2025-08-31 07:00:00,debit_card,paid,18743525.93
1436,1436,2025-11-06 21:00:00,debit_card,paid,51712362.54
1437,1437,2025-07-10 02:00:00,credit_card,paid,17301082.52
1438,1438,2025-06-12 01:00:00,bank_transfer,paid,14983144.08
1439,1439,2025-07-04 02:00:00,credit_card,paid,6903079.09
1440,1440,2025-07-13 18:00:00,e_wallet,paid,13684747.11
1441,1441,2025-07-02 19:00:00,e_wallet,paid,6653179.85
1442,1442,2025-02-22 06:00:00,bank_transfer,paid,11910617.46
1443,1443,2025-12-25 12:00:00,e_wallet,pending,8465374.32
1444,1444,2025-03-14 09:00:00,bank_transfer,failed,10102291.36
1445,1445,2025-03-05 06:00:00,credit_card,refunded,12463172.54
1446,1446,2025-05-25 18:00:00,debit_card,pending,2729041.96
1447,1447,2025-05-09 02:00:00,credit_card,paid,1683116.52
1448,1448,2025-11-13 02:00:00,credit_card,pending,2285113.83
1449,1449,2025-09-02 06:00:00,e_wallet,paid,18046027.7
1450,1450,2025-12-05 01:00:00,credit_card,paid,3461337.56
1451,1451,2025-11-24 05:00:00,e_wallet,failed,42971645.86
1452,1452,2025-06-14 15:00:00,e_wallet,pending,11942782.64
1453,1453,2025-07-04 21:00:00,bank_transfer,paid,14877426.74
1454,1454,2025-06-17 15:00:00,debit_card,paid,29553267.19
1455,1455,2025-04-30 13:00:00,credit_card,paid,8260077.3
1456,1456,2025-07-25 10:00:00,credit_card,failed,39825578.37
1457,1457,2025-02-11 08:00:00,credit_card,paid,1322213.48
1458,1458,2025-09-02 05:00:00,credit_card,failed,7315345.42
1459,1459,2025-12-26 13:00:00,e_wallet,paid,43288912.97
1460,1460,2025-07-17 03:00:00,bank_transfer,refunded,2420440.23
1461,1461,2025-04-11 16:00:00,credit_card,paid,32076554.0
1462,1462,2025-09-24 06:00:00,bank_transfer,refunded,30848345.72
1463,1463,2025-09-16 19:00:00,bank_transfer,paid,30725368.34
1464,1464,2025-09-12 06:00:00,bank_transfer,paid,14227698.4
1465,1465,2025-06-04 22:00:00,e_wallet,pending,8822337.56
1466,1466,2025-10-09 05:00:00,bank_transfer,paid,2386083.16
1467,1467,2025-03-28 15:00:00,debit_card,paid,21886990.06
1468,1468,2025-03-01 15:00:00,bank_transfer,pending,16870831.4
1469,1469,2025-10-05 19:00:00,e_wallet,paid,950803.4
1470,1470,2025-04-20 21:00:00,bank_transfer,failed,17202215.09
1471,1471,2025-12-05 00:00:00,debit_card,paid,25816209.42
1472,1472,2025-02-24 15:00:00,credit_card,pending,51406492.99
1473,1473,2025-01-16 07:00:00,credit_card,paid,24964452.97
1474,1474,2025-07-16 14:00:00,debit_card,paid,1691462.85
1475,1475,2025-04-24 00:00:00,debit_card,paid,9350900.66
1476,1476,2025-12-07 01:00:00,credit_card,pending,10973018.13
1477,1477,2025-03-05 20:00:00,debit_card,paid,30155741.76
1478,1478,2025-10-02 01:00:00,e_wallet,pending,25021392.68
1479,1479,2025-09-09 23:00:00,debit_card,failed,3668894.31
1480,1480,2025-12-22 23:00:00,e_wallet,failed,14973908.46
1481,1481,2025-04-27 00:00:00,e_wallet,refunded,8411450.46
1482,1482,2025-11-05 18:00:00,e_wallet,pending,25628006.1
1483,1483,2025-06-25 16:00:00,credit_card,pending,2135020.31
1484,1484,2025-07-16 06:00:00,debit_card,pending,2814915.86
1485,1485,2025-10-16 13:00:00,bank_transfer,failed,10633077.35
1486,1486,2025-08-13 04:00:00,debit_card,paid,18199073.11
1487,1487,2025-04-25 18:00:00,e_wallet,paid,9501279.4
1488,1488,2025-05-30 22:00:00,debit_card,paid,54637557.09
1489,1489,2025-02-15 13:00:00,bank_transfer,pending,17348623.02
1490,1490,2025-11-01 10:00:00,e_wallet,paid,15888441.49
1491,1491,2025-03-01 22:00:00,debit_card,paid,60834231.3
1492,1492,2025-03-08 16:00:00,debit_card,paid,36794308.79
1493,1493,2025-07-15 07:00:00,e_wallet,pending,4749860.12
1494,1494,2025-01-02 12:00:00,e_wallet,paid,37378467.72
1495,1495,2025-10-31 19:00:00,credit_card,paid,1423044.04
1496,1496,2025-07-18 17:00:00,credit_card,paid,12810451.2
1497,1497,2025-07-06 16:00:00,bank_transfer,pending,355064.55
1498,1498,2025-03-07 13:00:00,debit_card,pending,14064670.8
1499,1499,2025-11-05 08:00:00,e_wallet,paid,8211634.18
1500,1500,2025-02-25 15:00:00,e_wallet,paid,50320226.26
1501,1501,2025-10-04 05:00:00,credit_card,paid,29136297.89
1502,1502,2025-06-12 04:00:00,credit_card,failed,13041152.99
1503,1503,2025-06-02 00:00:00,bank_transfer,paid,15060226.4
1504,1504,2025-09-14 12:00:00,credit_card,paid,31929708.39
1505,1505,2025-03-18 07:00:00,debit_card,paid,12494471.92
1506,1506,2025-03-16 21:00:00,e_wallet,pending,11930415.8
1507,1507,2025-12-26 08:00:00,credit_card,refunded,28534981.93
1508,1508,2025-06-13 09:00:00,bank_transfer,failed,17041577.63
1509,1509,2025-12-19 02:00:00,e_wallet,paid,28996602.29
1510,1510,2025-12-29 21:00:00,debit_card,paid,26718972.76
1511,1511,2025-11-21 00:00:00,bank_transfer,paid,40473883.02
1512,1512,2025-09-12 02:00:00,bank_transfer,pending,18755117.93
1513,1513,2025-07-13 02:00:00,debit_card,failed,17904708.06
1514,1514,2025-06-21 14:00:00,e_wallet,failed,6045632.43
1515,1515,2025-04-18 01:00:00,credit_card,pending,22126617.6
1516,1516,2025-04-26 19:00:00,bank_transfer,pending,17432466.11
1517,1517,2025-01-28 00:00:00,e_wallet,failed,39461836.44
1518,1518,2025-04-02 01:00:00,debit_card,paid,26673287.58
1519,1519,2025-07-21 15:00:00,debit_card,failed,3974194.86
1520,1520,2025-12-04 17:00:00,debit_card,failed,50044280.58
1521,1521,2025-03-24 21:00:00,credit_card,failed,14568426.61
1522,1522,2025-07-21 23:00:00,e_wallet,paid,27930681.58
1523,1523,2025-12-15 02:00:00,debit_card,paid,29193765.4
1524,1524,2025-07-21 00:00:00,bank_transfer,paid,23234272.44
1525,1525,2025-09-28 09:00:00,credit_card,paid,14933550.48
1526,1526,2025-05-25 22:00:00,credit_card,paid,38288306.37
1527,1527,2025-12-26 01:00:00,credit_card,refunded,4127098.95
1528,1528,2025-07-21 01:00:00,credit_card,paid,957210.08
1529,1529,2025-06-16 19:00:00,credit_card,failed,23417751.72
1530,1530,2025-10-25 08:00:00,credit_card,failed,26707234.49
1531,1531,2025-01-28 06:00:00,bank_transfer,pending,28194131.98
1532,1532,2025-06-06 04:00:00,credit_card,pending,6394768.0
1533,1533,2025-03-26 03:00:00,credit_card,paid,10976947.13
1534,1534,2025-08-16 14:00:00,e_wallet,paid,26872427.19
1535,1535,2025-05-30 13:00:00,bank_transfer,paid,9900183.63
1536,1536,2025-04-18 17:00:00,credit_card,failed,21396450.88
1537,1537,2025-04-11 09:00:00,credit_card,pending,9314656.26
1538,1538,2025-01-05 15:00:00,credit_card,pending,12879847.88
1539,1539,2025-10-22 04:00:00,debit_card,pending,9249504.11
1540,1540,2025-03-18 18:00:00,debit_card,paid,4900691.98
1541,1541,2025-12-15 10:00:00,bank_transfer,paid,38401832.82
1542,1542,2025-01-30 19:00:00,e_wallet,paid,31061881.1
1543,1543,2025-09-01 13:00:00,credit_card,paid,2637374.59
1544,1544,2025-03-03 20:00:00,e_wallet,pending,23516614.42
1545,1545,2025-06-24 07:00:00,debit_card,paid,8461985.84
1546,1546,2025-03-18 13:00:00,debit_card,pending,47654935.44
1547,1547,2025-07-26 05:00:00,credit_card,paid,37370744.84
1548,1548,2025-03-02 17:00:00,bank_transfer,paid,17151982.03
1549,1549,2025-09-09 10:00:00,credit_card,pending,957210.08
1550,1550,2025-11-03 08:00:00,e_wallet,paid,14689855.37
1551,1551,2025-12-02 17:00:00,debit_card,paid,2640992.4
1552,1552,2025-12-22 17:00:00,e_wallet,pending,7409420.52
1553,1553,2025-12-05 00:00:00,bank_transfer,failed,9734773.15
1554,1554,2025-08-27 23:00:00,e_wallet,failed,19615247.83
1555,1555,2025-11-29 05:00:00,debit_card,paid,15515435.09
1556,1556,2025-11-20 09:00:00,credit_card,paid,32999312.27
1557,1557,2025-07-09 10:00:00,debit_card,paid,12890108.26
1558,1558,2025-03-01 09:00:00,credit_card,paid,24999080.17
1559,1559,2025-09-09 03:00:00,debit_card,pending,17362641.91
1560,1560,2025-09-18 06:00:00,e_wallet,paid,7027899.47
1561,1561,2025-10-28 08:00:00,e_wallet,failed,31164974.01
1562,1562,2025-09-04 01:00:00,credit_card,pending,40121887.57
1563,1563,2025-02-18 02:00:00,debit_card,refunded,1431514.55
1564,1564,2025-04-03 13:00:00,e_wallet,paid,23015337.18
1565,1565,2025-11-27 17:00:00,credit_card,paid,18434500.38
1566,1566,2025-06-03 21:00:00,e_wallet,paid,14489401.96
1567,1567,2025-02-21 15:00:00,debit_card,paid,9190431.65
1568,1568,2025-10-04 04:00:00,debit_card,paid,17871657.8
1569,1569,2025-12-25 21:00:00,credit_card,paid,11494246.08
1570,1570,2025-10-13 06:00:00,e_wallet,failed,4921379.14
1571,1571,2025-09-29 18:00:00,credit_card,paid,14487766.35
1572,1572,2025-09-23 10:00:00,debit_card,refunded,46631739.0
1573,1573,2025-10-04 13:00:00,credit_card,failed,3678209.44
1574,1574,2025-12-01 22:00:00,debit_card,failed,35004523.39
1575,1575,2025-04-18 19:00:00,debit_card,pending,33113661.2
1576,1576,2025-03-02 22:00:00,debit_card,failed,3879019.78
1577,1577,2025-11-04 11:00:00,debit_card,paid,7337788.62
1578,1578,2025-01-04 17:00:00,e_wallet,paid,10268506.0
1579,1579,2025-06-11 06:00:00,credit_card,paid,7136017.56
1580,1580,2025-03-07 12:00:00,e_wallet,paid,4931268.06
1581,1581,2025-12-02 15:00:00,debit_card,paid,13862100.68
1582,1582,2025-10-16 06:00:00,bank_transfer,failed,19817831.37
1583,1583,2025-01-19 15:00:00,bank_transfer,paid,6390915.65
1584,1584,2025-09-17 11:00:00,debit_card,paid,21544081.89
1585,1585,2025-10-06 21:00:00,debit_card,paid,47129589.14
1586,1586,2025-12-04 16:00:00,e_wallet,paid,7369841.98
1587,1587,2025-06-03 17:00:00,bank_transfer,failed,18333429.08
1588,1588,2025-05-31 16:00:00,e_wallet,failed,41320043.11
1589,1589,2025-08-17 09:00:00,credit_card,failed,8114899.9
1590,1590,2025-09-09 08:00:00,credit_card,paid,22228131.52
1591,1591,2025-09-25 20:00:00,debit_card,paid,8530260.61
1592,1592,2025-11-07 03:00:00,e_wallet,refunded,13783636.71
1593,1593,2025-04-18 17:00:00,credit_card,paid,6878498.25
1594,1594,2025-12-07 15:00:00,credit_card,paid,30358843.52
1595,1595,2025-05-02 21:00:00,e_wallet,paid,13779384.35
1596,1596,2025-03-15 07:00:00,credit_card,failed,6584807.6
1597,1597,2025-04-21 22:00:00,bank_transfer,paid,25507334.53
1598,1598,2025-11-06 21:00:00,bank_transfer,paid,21605634.04
1599,1599,2025-10-31 15:00:00,credit_card,paid,35039334.42
1600,1600,2025-03-08 21:00:00,debit_card,failed,37040495.29
1601,1601,2025-08-06 10:00:00,e_wallet,failed,9341556.96
1602,1602,2025-05-12 16:00:00,credit_card,paid,17002523.45
1603,1603,2025-11-29 11:00:00,bank_transfer,paid,5358000.89
1604,1604,2025-07-25 13:00:00,credit_card,paid,7425628.98
1605,1605,2025-05-12 21:00:00,debit_card,paid,5434396.71
1606,1606,2025-12-23 22:00:00,bank_transfer,refunded,12886013.01
1607,1607,2025-04-16 01:00:00,debit_card,pending,31021971.56
1608,1608,2025-05-19 06:00:00,debit_card,pending,12471815.39
1609,1609,2025-11-27 08:00:00,e_wallet,pending,52147441.45
1610,1610,2025-07-10 12:00:00,e_wallet,pending,30308126.34
1611,1611,2025-11-29 23:00:00,credit_card,failed,19035031.16
1612,1612,2025-11-06 14:00:00,debit_card,paid,24288525.16
1613,1613,2025-03-20 13:00:00,bank_transfer,failed,38632447.99
1614,1614,2025-08-12 09:00:00,bank_transfer,paid,25503434.19
1615,1615,2025-11-06 05:00:00,credit_card,paid,8702628.33
1616,1616,2025-05-20 16:00:00,bank_transfer,refunded,13055241.14
1617,1617,2025-02-27 19:00:00,e_wallet,failed,90893.2
1618,1618,2025-07-29 06:00:00,debit_card,paid,586613.11
1619,1619,2025-11-25 23:00:00,e_wallet,paid,4731931.46
1620,1620,2025-06-21 13:00:00,debit_card,paid,43285061.19
1621,1621,2025-03-17 15:00:00,bank_transfer,failed,16693123.48
1622,1622,2025-04-27 08:00:00,bank_transfer,paid,43992967.58
1623,1623,2025-02-20 23:00:00,credit_card,paid,1018775.0
1624,1624,2025-07-14 13:00:00,debit_card,paid,22302760.42
1625,1625,2025-03-06 23:00:00,e_wallet,failed,13455368.44
1626,1626,2025-06-06 18:00:00,credit_card,failed,9881411.05
1627,1627,2025-09-08 05:00:00,e_wallet,refunded,24204032.73
1628,1628,2025-06-29 02:00:00,e_wallet,refunded,28852224.82
1629,1629,2025-05-25 01:00:00,debit_card,paid,18132442.09
1630,1630,2025-11-09 22:00:00,e_wallet,paid,19329055.19
1631,1631,2025-03-29 10:00:00,bank_transfer,failed,8339418.68
1632,1632,2025-07-20 02:00:00,e_wallet,paid,43427447.8
1633,1633,2025-12-15 04:00:00,credit_card,failed,15059088.9
1634,1634,2025-09-30 11:00:00,bank_transfer,refunded,21075669.26
1635,1635,2025-07-27 23:00:00,debit_card,failed,5937325.15
1636,1636,2025-03-07 14:00:00,debit_card,paid,36069178.0
1637,1637,2025-12-18 02:00:00,credit_card,pending,4105817.09
1638,1638,2025-03-22 11:00:00,credit_card,paid,15777544.95
1639,1639,2025-03-16 02:00:00,debit_card,failed,13007929.57
1640,1640,2025-05-17 03:00:00,debit_card,pending,13058814.0
1641,1641,2025-11-25 13:00:00,debit_card,paid,16165114.27
1642,1642,2025-12-30 17:00:00,bank_transfer,paid,12299478.36
1643,1643,2025-12-15 17:00:00,debit_card,paid,28164737.5
1644,1644,2025-12-29 09:00:00,e_wallet,paid,30360281.35
1645,1645,2025-08-13 15:00:00,debit_card,failed,11930415.8
1646,1646,2025-08-28 08:00:00,credit_card,paid,14346041.07
1647,1647,2025-05-23 07:00:00,debit_card,paid,17375021.69
1648,1648,2025-09-24 06:00:00,debit_card,pending,31315278.74
1649,1649,2025-04-29 17:00:00,e_wallet,pending,55033848.5
1650,1650,2025-02-14 15:00:00,e_wallet,paid,6628030.82
1651,1651,2025-07-28 23:00:00,bank_transfer,paid,43568096.45
1652,1652,2025-02-17 11:00:00,bank_transfer,paid,29581658.75
1653,1653,2025-02-09 10:00:00,debit_card,paid,18963547.06
1654,1654,2025-02-18 07:00:00,debit_card,refunded,7885060.14
1655,1655,2025-01-30 01:00:00,credit_card,pending,27121612.83
1656,1656,2025-05-28 16:00:00,e_wallet,paid,33456758.18
1657,1657,2025-01-06 02:00:00,bank_transfer,paid,20781192.48
1658,1658,2025-12-13 09:00:00,e_wallet,pending,17760425.91
1659,1659,2025-03-11 17:00:00,credit_card,paid,38052513.16
1660,1660,2025-09-22 04:00:00,debit_card,pending,40587283.55
1661,1661,2025-10-01 08:00:00,e_wallet,paid,30183172.15
1662,1662,2025-07-28 17:00:00,e_wallet,refunded,11374384.92
1663,1663,2025-04-08 21:00:00,credit_card,failed,9273506.4
1664,1664,2025-01-04 11:00:00,bank_transfer,paid,23936946.94
1665,1665,2025-12-26 23:00:00,bank_transfer,pending,18450929.66
1666,1666,2025-06-26 06:00:00,credit_card,pending,36524339.53
1667,1667,2025-12-05 02:00:00,bank_transfer,failed,12941810.67
1668,1668,2025-09-28 03:00:00,credit_card,refunded,5734878.38
1669,1669,2025-01-23 16:00:00,bank_transfer,paid,14374892.4
1670,1670,2025-03-29 21:00:00,bank_transfer,failed,17399191.19
1671,1671,2025-09-27 22:00:00,debit_card,paid,16888573.0
1672,1672,2025-03-31 09:00:00,e_wallet,paid,33372190.41
1673,1673,2025-03-10 12:00:00,debit_card,paid,7205153.8
1674,1674,2025-01-28 21:00:00,credit_card,paid,1022763.67
1675,1675,2025-07-14 01:00:00,debit_card,paid,13786216.88
1676,1676,2025-02-28 03:00:00,credit_card,pending,13955813.4
1677,1677,2025-05-08 09:00:00,debit_card,failed,8624935.44
1678,1678,2025-03-02 16:00:00,bank_transfer,paid,18440847.35
1679,1679,2025-09-05 03:00:00,debit_card,paid,19863597.85
1680,1680,2025-04-22 00:00:00,debit_card,pending,26261968.82
1681,1681,2025-11-20 01:00:00,debit_card,paid,15261480.0
1682,1682,2025-04-23 19:00:00,bank_transfer,paid,10910759.64
1683,1683,2025-11-27 20:00:00,debit_card,failed,29826476.98
1684,1684,2025-01-20 17:00:00,bank_transfer,paid,13877199.07
1685,1685,2025-11-13 13:00:00,e_wallet,paid,15845130.64
1686,1686,2025-01-30 22:00:00,debit_card,paid,33346465.26
1687,1687,2025-11-13 13:00:00,credit_card,paid,17563549.03
1688,1688,2025-06-03 04:00:00,debit_card,paid,8586668.32
1689,1689,2025-01-04 12:00:00,credit_card,pending,27288554.11
1690,1690,2025-04-07 15:00:00,credit_card,paid,15636844.01
1691,1691,2025-01-06 03:00:00,e_wallet,paid,2671585.4
1692,1692,2025-09-09 15:00:00,credit_card,paid,16348826.01
1693,1693,2025-09-29 04:00:00,e_wallet,paid,19154566.58
1694,1694,2025-07-31 16:00:00,e_wallet,paid,745252.5
1695,1695,2025-01-05 12:00:00,e_wallet,failed,8211634.18
1696,1696,2025-12-04 23:00:00,bank_transfer,paid,21411702.17
1697,1697,2025-08-29 01:00:00,debit_card,paid,22115802.27
1698,1698,2025-06-03 14:00:00,credit_card,paid,26727634.78
1699,1699,2025-04-04 17:00:00,bank_transfer,failed,21451225.71
1700,1700,2025-05-18 18:00:00,bank_transfer,paid,19728042.54
1701,1701,2025-12-03 05:00:00,credit_card,paid,17317219.38
1702,1702,2025-03-25 01:00:00,credit_card,paid,4870111.36
1703,1703,2025-08-12 04:00:00,e_wallet,paid,4931268.06
1704,1704,2025-12-30 17:00:00,e_wallet,paid,8586668.32
1705,1705,2025-04-08 01:00:00,credit_card,paid,32940171.01
1706,1706,2025-03-11 20:00:00,bank_transfer,paid,18258494.66
1707,1707,2025-06-19 19:00:00,bank_transfer,paid,2968781.15
1708,1708,2025-03-25 12:00:00,credit_card,paid,15568364.56
1709,1709,2025-09-03 07:00:00,bank_transfer,pending,21730107.7
1710,1710,2025-05-18 23:00:00,credit_card,paid,6727684.22
1711,1711,2025-09-09 08:00:00,e_wallet,paid,6149739.18
1712,1712,2025-12-16 20:00:00,debit_card,paid,17951286.52
1713,1713,2025-06-17 14:00:00,e_wallet,failed,48300813.81
1714,1714,2025-07-25 21:00:00,debit_card,pending,19803970.97
1715,1715,2025-07-20 10:00:00,credit_card,paid,13807365.51
1716,1716,2025-02-26 14:00:00,debit_card,paid,4908943.72
1717,1717,2025-03-06 19:00:00,credit_card,paid,26518446.28
1718,1718,2025-09-14 08:00:00,bank_transfer,failed,12102201.15
1719,1719,2025-12-17 01:00:00,bank_transfer,paid,2375024.92
1720,1720,2025-12-14 02:00:00,e_wallet,paid,29580872.19
1721,1721,2025-08-08 07:00:00,debit_card,failed,20875979.12
1722,1722,2025-01-05 08:00:00,bank_transfer,paid,32222770.37
1723,1723,2025-05-29 11:00:00,bank_transfer,paid,12413644.31
1724,1724,2025-02-13 00:00:00,debit_card,paid,4179651.04
1725,1725,2025-05-08 21:00:00,debit_card,paid,28886094.71
1726,1726,2025-09-20 21:00:00,debit_card,paid,45221859.58
1727,1727,2025-05-24 09:00:00,credit_card,paid,40909819.69
1728,1728,2025-05-15 21:00:00,debit_card,paid,32112408.67
1729,1729,2025-12-09 06:00:00,e_wallet,paid,25276544.09
1730,1730,2025-04-13 17:00:00,bank_transfer,pending,26236040.92
1731,1731,2025-02-22 16:00:00,bank_transfer,pending,7766555.44
1732,1732,2025-09-15 18:00:00,credit_card,paid,16604378.05
1733,1733,2025-04-08 08:00:00,e_wallet,failed,24242889.85
1734,1734,2025-11-19 12:00:00,bank_transfer,paid,21188514.41
1735,1735,2025-04-30 00:00:00,debit_card,paid,34695833.92
1736,1736,2025-07-26 15:00:00,bank_transfer,paid,8183547.7
1737,1737,2025-04-09 03:00:00,credit_card,paid,10585425.1
1738,1738,2025-08-07 08:00:00,bank_transfer,refunded,8549077.29
1739,1739,2025-04-13 11:00:00,bank_transfer,failed,17983759.19
1740,1740,2025-01-27 21:00:00,e_wallet,paid,10281791.89
1741,1741,2025-09-26 12:00:00,e_wallet,pending,23677706.11
1742,1742,2025-11-22 05:00:00,debit_card,paid,22659103.32
1743,1743,2025-06-23 02:00:00,credit_card,paid,9004018.29
1744,1744,2025-02-01 15:00:00,credit_card,paid,19050771.65
1745,1745,2025-11-27 05:00:00,bank_transfer,paid,8325410.14
1746,1746,2025-02-27 11:00:00,credit_card,paid,2257766.32
1747,1747,2025-05-24 16:00:00,credit_card,paid,1616560.2
1748,1748,2025-12-31 17:00:00,bank_transfer,paid,19442471.96
1749,1749,2025-06-14 11:00:00,credit_card,paid,1772049.4
1750,1750,2025-04-05 22:00:00,e_wallet,paid,12234878.54
1751,1751,2025-01-27 08:00:00,e_wallet,pending,10088183.2
1752,1752,2025-06-14 05:00:00,bank_transfer,paid,15675959.8
1753,1753,2025-08-30 12:00:00,debit_card,refunded,8868970.95
1754,1754,2025-02-22 00:00:00,bank_transfer,paid,16913984.67
1755,1755,2025-05-11 21:00:00,bank_transfer,paid,15896897.78
1756,1756,2025-07-07 19:00:00,bank_transfer,paid,28490404.64
1757,1757,2025-02-28 15:00:00,debit_card,pending,18164712.79
1758,1758,2025-01-07 21:00:00,bank_transfer,refunded,15990925.25
1759,1759,2025-03-09 13:00:00,e_wallet,paid,14263369.98
1760,1760,2025-07-06 05:00:00,bank_transfer,failed,22801873.88
1761,1761,2025-10-30 08:00:00,credit_card,failed,34732923.3
1762,1762,2025-07-10 07:00:00,debit_card,pending,11374384.92
1763,1763,2025-05-23 14:00:00,debit_card,failed,6824351.74
1764,1764,2025-07-16 02:00:00,bank_transfer,paid,33501919.44
1765,1765,2025-03-08 22:00:00,e_wallet,pending,12134019.05
1766,1766,2025-11-06 03:00:00,debit_card,paid,12219318.83
1767,1767,2025-10-29 05:00:00,bank_transfer,pending,14671607.95
1768,1768,2025-04-08 21:00:00,credit_card,pending,8035144.55
1769,1769,2025-08-17 06:00:00,e_wallet,paid,1145211.64
1770,1770,2025-02-09 12:00:00,bank_transfer,refunded,24796342.98
1771,1771,2025-11-14 10:00:00,e_wallet,paid,7690297.78
1772,1772,2025-08-31 03:00:00,credit_card,paid,3828840.32
1773,1773,2025-10-01 23:00:00,debit_card,paid,17099302.8
1774,1774,2025-01-23 12:00:00,credit_card,paid,18760178.75
1775,1775,2025-08-03 14:00:00,debit_card,pending,30068906.11
1776,1776,2025-05-11 01:00:00,e_wallet,failed,5576820.6
1777,1777,2025-10-14 04:00:00,credit_card,paid,116781.96
1778,1778,2025-07-08 09:00:00,debit_card,pending,18216652.13
1779,1779,2025-03-02 18:00:00,e_wallet,paid,27306430.75
1780,1780,2025-02-05 04:00:00,credit_card,paid,16878957.28
1781,1781,2025-09-27 19:00:00,debit_card,refunded,14473860.0
1782,1782,2025-01-13 20:00:00,e_wallet,refunded,9303154.48
1783,1783,2025-05-21 18:00:00,e_wallet,paid,4305605.65
1784,1784,2025-05-31 00:00:00,credit_card,refunded,10155448.75
1785,1785,2025-02-03 00:00:00,debit_card,pending,29482941.9
1786,1786,2025-04-09 23:00:00,e_wallet,failed,29270619.12
1787,1787,2025-07-24 13:00:00,debit_card,pending,169238.61
1788,1788,2025-09-30 07:00:00,bank_transfer,failed,24780354.35
1789,1789,2025-02-09 21:00:00,e_wallet,paid,5468042.46
1790,1790,2025-09-18 15:00:00,debit_card,refunded,19564817.42
1791,1791,2025-07-21 00:00:00,bank_transfer,failed,8792873.96
1792,1792,2025-05-20 10:00:00,bank_transfer,paid,5349639.42
1793,1793,2025-01-03 09:00:00,credit_card,failed,23895951.62
1794,1794,2025-04-23 11:00:00,bank_transfer,pending,16324328.39
1795,1795,2025-01-05 16:00:00,e_wallet,failed,16260092.23
1796,1796,2025-09-21 21:00:00,debit_card,failed,33529413.83
1797,1797,2025-12-30 22:00:00,credit_card,refunded,36520780.41
1798,1798,2025-05-14 18:00:00,credit_card,failed,9333261.22
1799,1799,2025-04-24 07:00:00,debit_card,pending,4093562.94
1800,1800,2025-05-19 08:00:00,bank_transfer,paid,14745265.4
1801,1801,2025-03-30 16:00:00,bank_transfer,paid,3698089.8
1802,1802,2025-10-01 18:00:00,bank_transfer,paid,9274698.42
1803,1803,2025-01-22 06:00:00,bank_transfer,paid,23775416.96
1804,1804,2025-05-23 20:00:00,bank_transfer,paid,3125661.2
1805,1805,2025-05-19 08:00:00,credit_card,failed,12622503.58
1806,1806,2025-01-28 05:00:00,e_wallet,paid,4151550.91
1807,1807,2025-04-19 14:00:00,debit_card,paid,7312408.83
1808,1808,2025-01-03 00:00:00,e_wallet,paid,3958217.64
1809,1809,2025-11-20 09:00:00,e_wallet,paid,12341102.22
1810,1810,2025-06-17 17:00:00,bank_transfer,pending,8236505.55
1811,1811,2025-10-09 19:00:00,debit_card,pending,2729041.96
1812,1812,2025-03-11 05:00:00,bank_transfer,failed,4565760.2
1813,1813,2025-06-01 13:00:00,credit_card,paid,34250985.18
1814,1814,2025-11-18 21:00:00,e_wallet,paid,19975504.84
1815,1815,2025-07-02 02:00:00,bank_transfer,pending,42165412.12
1816,1816,2025-05-24 16:00:00,bank_transfer,paid,9738465.68
1817,1817,2025-01-10 14:00:00,debit_card,pending,19297060.89
1818,1818,2025-10-27 16:00:00,bank_transfer,pending,5080681.28
1819,1819,2025-12-20 17:00:00,credit_card,pending,3125661.2
1820,1820,2025-05-13 06:00:00,e_wallet,pending,12680898.17
1821,1821,2025-11-22 09:00:00,bank_transfer,failed,13904612.89
1822,1822,2025-04-17 05:00:00,debit_card,paid,4127098.95
1823,1823,2025-04-24 20:00:00,e_wallet,paid,6372590.32
1824,1824,2025-04-15 22:00:00,e_wallet,pending,12900325.81
1825,1825,2025-07-23 19:00:00,credit_card,paid,23078184.68
1826,1826,2025-04-30 01:00:00,e_wallet,pending,6406565.98
1827,1827,2025-08-12 10:00:00,bank_transfer,paid,28197792.45
1828,1828,2025-09-03 14:00:00,bank_transfer,paid,20753233.62
1829,1829,2025-04-04 20:00:00,credit_card,paid,27806994.49
1830,1830,2025-04-02 21:00:00,debit_card,failed,3791461.64
1831,1831,2025-09-09 04:00:00,e_wallet,pending,6508404.07
1832,1832,2025-04-04 18:00:00,credit_card,paid,3166147.76
1833,1833,2025-01-12 20:00:00,e_wallet,paid,47742185.35
1834,1834,2025-04-02 06:00:00,e_wallet,paid,29013731.22
1835,1835,2025-12-18 07:00:00,debit_card,paid,37768472.76
1836,1836,2025-02-05 21:00:00,credit_card,paid,7315345.42
1837,1837,2025-08-08 18:00:00,credit_card,paid,26038399.55
1838,1838,2025-11-28 08:00:00,debit_card,paid,19882307.76
1839,1839,2025-02-22 14:00:00,debit_card,failed,14200882.64
1840,1840,2025-03-12 10:00:00,debit_card,failed,9636308.64
1841,1841,2025-01-07 13:00:00,bank_transfer,paid,25400236.03
1842,1842,2025-07-13 19:00:00,credit_card,paid,20637455.7
1843,1843,2025-02-26 16:00:00,debit_card,paid,11240615.47
1844,1844,2025-11-27 03:00:00,bank_transfer,paid,20017773.18
1845,1845,2025-03-09 09:00:00,bank_transfer,failed,1781268.69
1846,1846,2025-02-13 20:00:00,credit_card,paid,6406565.98
1847,1847,2025-11-19 23:00:00,debit_card,paid,2084854.67
1848,1848,2025-01-05 15:00:00,credit_card,failed,18208421.4
1849,1849,2025-02-24 09:00:00,e_wallet,pending,55134523.46
1850,1850,2025-06-23 21:00:00,debit_card,pending,1208788.51
1851,1851,2025-02-13 11:00:00,e_wallet,paid,22261647.5
1852,1852,2025-09-03 21:00:00,bank_transfer,refunded,1063229.64
1853,1853,2025-08-16 08:00:00,bank_transfer,paid,4951689.05
1854,1854,2025-06-08 16:00:00,e_wallet,paid,3713610.1
1855,1855,2025-03-21 10:00:00,bank_transfer,paid,24696675.44
1856,1856,2025-10-07 15:00:00,credit_card,paid,13256338.4
1857,1857,2025-11-18 13:00:00,debit_card,paid,21217540.56
1858,1858,2025-01-11 09:00:00,debit_card,paid,21251560.84
1859,1859,2025-02-22 18:00:00,e_wallet,paid,36895585.96
1860,1860,2025-02-23 08:00:00,credit_card,failed,4759383.54
1861,1861,2025-08-01 19:00:00,e_wallet,paid,12820183.82
1862,1862,2025-04-26 16:00:00,bank_transfer,paid,537087.75
1863,1863,2025-08-07 03:00:00,debit_card,paid,20779559.61
1864,1864,2025-07-01 22:00:00,bank_transfer,paid,15476884.81
1865,1865,2025-04-26 21:00:00,bank_transfer,pending,23473207.82
1866,1866,2025-07-16 23:00:00,e_wallet,pending,41424244.9
1867,1867,2025-02-27 03:00:00,debit_card,paid,30708192.6
1868,1868,2025-02-26 03:00:00,credit_card,paid,5095688.6
1869,1869,2025-05-26 03:00:00,credit_card,paid,13367637.99
1870,1870,2025-11-13 07:00:00,bank_transfer,paid,8868970.95
1871,1871,2025-07-04 05:00:00,debit_card,paid,30977466.99
1872,1872,2025-01-24 03:00:00,bank_transfer,paid,19754077.87
1873,1873,2025-04-03 00:00:00,bank_transfer,failed,11221929.34
1874,1874,2025-06-22 07:00:00,e_wallet,paid,29751556.65
1875,1875,2025-12-14 08:00:00,debit_card,paid,7882699.21
1876,1876,2025-12-08 07:00:00,debit_card,paid,14337195.95
1877,1877,2025-11-17 19:00:00,credit_card,paid,5745342.68
1878,1878,2025-06-29 17:00:00,debit_card,paid,2044205.32
1879,1879,2025-05-20 07:00:00,credit_card,paid,4788507.82
1880,1880,2025-12-06 03:00:00,bank_transfer,paid,18657498.32
1881,1881,2025-12-31 02:00:00,e_wallet,paid,8339418.68
1882,1882,2025-01-04 00:00:00,e_wallet,paid,24867147.01
1883,1883,2025-12-02 07:00:00,debit_card,paid,42939217.96
1884,1884,2025-03-17 11:00:00,debit_card,paid,42929566.75
1885,1885,2025-09-03 11:00:00,debit_card,paid,41728363.37
1886,1886,2025-02-28 18:00:00,credit_card,paid,765891.32
1887,1887,2025-05-24 00:00:00,e_wallet,paid,27187397.27
1888,1888,2025-06-15 19:00:00,bank_transfer,paid,37412564.94
1889,1889,2025-07-18 03:00:00,bank_transfer,paid,23306371.15
1890,1890,2025-09-11 16:00:00,credit_card,paid,18684792.96
1891,1891,2025-12-22 17:00:00,bank_transfer,paid,31663686.81
1892,1892,2025-11-06 00:00:00,bank_transfer,pending,25021918.48
1893,1893,2025-06-20 22:00:00,bank_transfer,failed,16195596.84
1894,1894,2025-12-01 04:00:00,debit_card,paid,31647344.95
1895,1895,2025-07-16 14:00:00,bank_transfer,failed,20324410.38
1896,1896,2025-09-12 01:00:00,e_wallet,failed,23469799.55
1897,1897,2025-09-11 08:00:00,bank_transfer,failed,2590672.0
1898,1898,2025-04-28 14:00:00,debit_card,paid,8709263.48
1899,1899,2025-10-26 18:00:00,debit_card,paid,37575536.9
1900,1900,2025-09-28 08:00:00,e_wallet,failed,37205627.29
1901,1901,2025-12-22 13:00:00,credit_card,pending,2346452.44
1902,1902,2025-04-23 17:00:00,e_wallet,paid,40727064.94
1903,1903,2025-05-01 03:00:00,credit_card,paid,24584175.78
1904,1904,2025-04-16 10:00:00,debit_card,paid,18144837.47
1905,1905,2025-07-06 21:00:00,debit_card,paid,24817380.79
1906,1906,2025-03-11 02:00:00,e_wallet,paid,23779687.24
1907,1907,2025-02-01 23:00:00,debit_card,paid,26570634.38
1908,1908,2025-07-05 04:00:00,credit_card,failed,30080000.85
1909,1909,2025-03-13 12:00:00,debit_card,paid,13723077.15
1910,1910,2025-03-15 10:00:00,credit_card,failed,5114297.59
1911,1911,2025-10-11 13:00:00,e_wallet,paid,26226648.75
1912,1912,2025-05-06 00:00:00,bank_transfer,failed,7291248.34
1913,1913,2025-04-26 20:00:00,credit_card,pending,11312737.84
1914,1914,2025-03-13 02:00:00,credit_card,pending,21163435.8
1915,1915,2025-12-28 06:00:00,credit_card,paid,29951092.13
1916,1916,2025-01-15 04:00:00,e_wallet,paid,5229748.24
1917,1917,2025-07-10 02:00:00,credit_card,pending,6213002.38
1918,1918,2025-02-25 20:00:00,credit_card,failed,9749878.44
1919,1919,2025-02-07 12:00:00,credit_card,failed,3840987.19
1920,1920,2025-11-01 04:00:00,debit_card,paid,17770996.72
1921,1921,2025-01-17 14:00:00,debit_card,paid,12364406.36
1922,1922,2025-03-14 17:00:00,bank_transfer,paid,20298300.1
1923,1923,2025-02-10 06:00:00,e_wallet,refunded,26146128.84
1924,1924,2025-08-03 15:00:00,e_wallet,failed,11140830.3
1925,1925,2025-04-04 11:00:00,credit_card,pending,16719516.73
1926,1926,2025-03-13 12:00:00,credit_card,failed,9562066.29
1927,1927,2025-12-25 12:00:00,debit_card,paid,24380033.55
1928,1928,2025-08-30 20:00:00,debit_card,pending,17072695.98
1929,1929,2025-06-23 20:00:00,debit_card,failed,7010334.36
1930,1930,2025-11-28 14:00:00,credit_card,paid,15573651.76
1931,1931,2025-05-29 00:00:00,debit_card,paid,20991957.55
1932,1932,2025-02-01 13:00:00,e_wallet,pending,18081624.04
1933,1933,2025-01-18 18:00:00,debit_card,failed,36426627.45
1934,1934,2025-03-30 08:00:00,credit_card,paid,12345417.39
1935,1935,2025-01-06 22:00:00,debit_card,failed,13058814.0
1936,1936,2025-08-05 02:00:00,e_wallet,paid,11092748.11
1937,1937,2025-10-11 06:00:00,debit_card,failed,14549370.76
1938,1938,2025-05-14 03:00:00,credit_card,refunded,20047790.92
1939,1939,2025-09-14 04:00:00,debit_card,pending,11392738.7
1940,1940,2025-04-27 10:00:00,debit_card,paid,23887896.02
1941,1941,2025-05-21 18:00:00,e_wallet,paid,37258229.11
1942,1942,2025-09-26 05:00:00,bank_transfer,paid,11132780.21
1943,1943,2025-04-20 06:00:00,credit_card,refunded,9201499.53
1944,1944,2025-01-29 21:00:00,bank_transfer,paid,8250380.21
1945,1945,2025-04-06 16:00:00,bank_transfer,pending,5346144.26
1946,1946,2025-10-15 08:00:00,e_wallet,failed,15570743.69
1947,1947,2025-02-09 11:00:00,debit_card,pending,15837981.52
1948,1948,2025-08-28 04:00:00,e_wallet,paid,21851111.8
1949,1949,2025-12-01 13:00:00,debit_card,paid,16436384.12
1950,1950,2025-07-14 11:00:00,credit_card,paid,7832949.52
1951,1951,2025-07-10 06:00:00,debit_card,paid,4988437.26
1952,1952,2025-04-11 03:00:00,credit_card,paid,15640161.98
1953,1953,2025-02-23 19:00:00,bank_transfer,paid,1901606.8
1954,1954,2025-11-06 03:00:00,e_wallet,failed,42699350.48
1955,1955,2025-06-22 00:00:00,bank_transfer,paid,9628631.15
1956,1956,2025-05-27 00:00:00,bank_transfer,refunded,7874371.44
1957,1957,2025-02-25 08:00:00,e_wallet,paid,3967343.92
1958,1958,2025-11-02 01:00:00,e_wallet,failed,3334418.49
1959,1959,2025-06-09 18:00:00,e_wallet,refunded,24093882.72
1960,1960,2025-04-14 17:00:00,e_wallet,paid,2148351.0
1961,1961,2025-05-04 10:00:00,bank_transfer,paid,5861771.47
1962,1962,2025-10-19 22:00:00,debit_card,paid,12328109.87
1963,1963,2025-10-17 00:00:00,e_wallet,paid,24279949.21
1964,1964,2025-01-24 14:00:00,e_wallet,paid,5160158.82
1965,1965,2025-02-18 12:00:00,e_wallet,paid,22432910.05
1966,1966,2025-01-06 21:00:00,bank_transfer,failed,20475380.84
1967,1967,2025-05-26 07:00:00,e_wallet,paid,27721790.49
1968,1968,2025-09-15 12:00:00,bank_transfer,paid,12893375.66
1969,1969,2025-07-20 01:00:00,e_wallet,paid,15584761.58
1970,1970,2025-03-08 01:00:00,bank_transfer,pending,14127162.6
1971,1971,2025-02-20 03:00:00,bank_transfer,paid,6575024.08
1972,1972,2025-09-16 06:00:00,e_wallet,failed,11011596.78
1973,1973,2025-03-19 04:00:00,credit_card,refunded,2673072.13
1974,1974,2025-07-16 16:00:00,e_wallet,refunded,30105054.02
1975,1975,2025-01-20 10:00:00,bank_transfer,paid,12251729.95
1976,1976,2025-03-19 10:00:00,e_wallet,paid,13739074.9
1977,1977,2025-02-11 10:00:00,credit_card,pending,15362406.57
1978,1978,2025-02-18 15:00:00,debit_card,pending,54893976.95
1979,1979,2025-04-30 09:00:00,debit_card,paid,26236049.55
1980,1980,2025-12-16 02:00:00,credit_card,paid,16815257.48
1981,1981,2025-03-24 17:00:00,credit_card,failed,5645740.27
1982,1982,2025-09-22 02:00:00,credit_card,failed,41255076.76
1983,1983,2025-11-30 22:00:00,debit_card,failed,7163176.18
1984,1984,2025-06-25 08:00:00,credit_card,failed,34959550.05
1985,1985,2025-03-10 18:00:00,e_wallet,paid,15444790.47
1986,1986,2025-07-04 03:00:00,bank_transfer,failed,50609670.38
1987,1987,2025-08-10 01:00:00,e_wallet,pending,26060020.42
1988,1988,2025-12-17 11:00:00,credit_card,paid,23056653.19
1989,1989,2025-04-17 05:00:00,e_wallet,refunded,5618020.88
1990,1990,2025-02-09 01:00:00,bank_transfer,paid,32553412.16
1991,1991,2025-10-19 07:00:00,bank_transfer,paid,23589035.75
1992,1992,2025-02-20 17:00:00,credit_card,paid,29507232.02
1993,1993,2025-03-15 10:00:00,e_wallet,failed,23780979.38
1994,1994,2025-06-09 14:00:00,debit_card,failed,2325788.62
1995,1995,2025-02-14 08:00:00,debit_card,paid,33662806.83
1996,1996,2025-08-21 17:00:00,debit_card,paid,45649400.22
1997,1997,2025-06-02 12:00:00,bank_transfer,paid,12926861.94
1998,1998,2025-05-24 16:00:00,bank_transfer,paid,15933324.67
1999,1999,2025-07-01 20:00:00,bank_transfer,paid,16016414.95
2000,2000,2025-04-02 06:00:00,e_wallet,failed,10689978.5
2001,2001,2025-08-24 02:00:00,credit_card,paid,13748733.57
2002,2002,2025-05-13 13:00:00,credit_card,paid,16199052.69
2003,2003,2025-11-30 16:00:00,bank_transfer,paid,8339418.68
2004,2004,2025-03-06 10:00:00,e_wallet,refunded,5162908.68
2005,2005,2025-09-07 01:00:00,credit_card,paid,21117128.45
2006,2006,2025-05-28 07:00:00,credit_card,paid,18647365.69
2007,2007,2025-11-15 21:00:00,e_wallet,pending,12667209.1
2008,2008,2025-03-09 08:00:00,credit_card,paid,7069989.12
2009,2009,2025-09-20 11:00:00,credit_card,failed,7843165.16
2010,2010,2025-06-11 07:00:00,e_wallet,paid,22815823.22
2011,2011,2025-12-17 23:00:00,credit_card,refunded,7832949.52
2012,2012,2025-08-20 07:00:00,bank_transfer,pending,26297889.89
2013,2013,2025-01-22 04:00:00,bank_transfer,pending,26159746.91
2014,2014,2025-01-30 15:00:00,debit_card,failed,28765731.8
2015,2015,2025-05-07 04:00:00,bank_transfer,failed,25061174.16
2016,2016,2025-10-16 23:00:00,e_wallet,paid,6174943.06
2017,2017,2025-02-24 15:00:00,e_wallet,paid,20696994.2
2018,2018,2025-03-24 05:00:00,debit_card,paid,30472197.08
2019,2019,2025-02-08 18:00:00,bank_transfer,paid,21350020.9
2020,2020,2025-08-26 03:00:00,credit_card,paid,31102144.63
2021,2021,2025-06-29 19:00:00,credit_card,paid,41520162.82
2022,2022,2025-11-25 21:00:00,credit_card,failed,24452476.98
2023,2023,2025-08-27 06:00:00,credit_card,paid,3333562.77
2024,2024,2025-04-04 13:00:00,credit_card,paid,9825358.54
2025,2025,2025-07-23 04:00:00,e_wallet,paid,4961568.03
2026,2026,2025-04-13 04:00:00,credit_card,paid,8802276.42
2027,2027,2025-02-04 08:00:00,bank_transfer,paid,9105808.32
2028,2028,2025-11-06 02:00:00,debit_card,paid,9241488.58
2029,2029,2025-12-26 01:00:00,bank_transfer,paid,15778719.44
2030,2030,2025-02-28 04:00:00,debit_card,paid,15987344.58
2031,2031,2025-01-20 23:00:00,bank_transfer,paid,13935033.05
2032,2032,2025-08-30 13:00:00,e_wallet,pending,16976299.81
2033,2033,2025-04-21 20:00:00,debit_card,refunded,43326495.75
2034,2034,2025-01-18 22:00:00,debit_card,failed,9535538.06
2035,2035,2025-07-14 03:00:00,credit_card,failed,19451073.12
2036,2036,2025-07-05 01:00:00,debit_card,paid,53278029.49
2037,2037,2025-09-01 16:00:00,e_wallet,paid,12623031.87
2038,2038,2025-04-20 00:00:00,e_wallet,paid,33589852.69
2039,2039,2025-12-17 18:00:00,e_wallet,paid,11151662.23
2040,2040,2025-05-11 20:00:00,bank_transfer,paid,4977491.23
2041,2041,2025-02-13 17:00:00,debit_card,paid,15647668.26
2042,2042,2025-05-22 15:00:00,e_wallet,paid,32906292.28
2043,2043,2025-06-02 21:00:00,e_wallet,pending,18630683.52
2044,2044,2025-08-22 00:00:00,bank_transfer,paid,39603525.75
2045,2045,2025-09-26 17:00:00,debit_card,pending,10832251.86
2046,2046,2025-05-13 23:00:00,debit_card,failed,20249079.13
2047,2047,2025-01-29 01:00:00,bank_transfer,paid,52316498.43
2048,2048,2025-06-26 19:00:00,debit_card,failed,45783660.0
2049,2049,2025-06-02 04:00:00,bank_transfer,paid,14332026.39
2050,2050,2025-06-28 06:00:00,e_wallet,paid,9983782.01
2051,2051,2025-09-04 08:00:00,bank_transfer,failed,6642991.96
2052,2052,2025-12-20 23:00:00,debit_card,paid,11497612.88
2053,2053,2025-12-24 05:00:00,bank_transfer,paid,13561270.53
2054,2054,2025-12-21 03:00:00,bank_transfer,paid,25795958.89
2055,2055,2025-01-06 06:00:00,debit_card,failed,52316755.14
2056,2056,2025-11-02 16:00:00,e_wallet,paid,6642079.63
2057,2057,2025-12-09 05:00:00,e_wallet,refunded,15617311.4
2058,2058,2025-03-17 02:00:00,e_wallet,pending,2649463.24
2059,2059,2025-06-13 01:00:00,credit_card,paid,12251729.95
2060,2060,2025-08-25 00:00:00,e_wallet,paid,29553814.36
2061,2061,2025-09-13 01:00:00,bank_transfer,paid,6779892.6
2062,2062,2025-02-28 22:00:00,e_wallet,pending,15449670.21
2063,2063,2025-07-29 06:00:00,bank_transfer,refunded,42695986.99
2064,2064,2025-01-03 15:00:00,credit_card,failed,26100090.87
2065,2065,2025-03-07 00:00:00,bank_transfer,paid,40247927.6
2066,2066,2025-11-25 10:00:00,credit_card,failed,11219615.69
2067,2067,2025-02-19 18:00:00,bank_transfer,paid,30388535.68
2068,2068,2025-04-08 14:00:00,credit_card,pending,21319924.52
2069,2069,2025-10-08 09:00:00,credit_card,paid,15121822.06
2070,2070,2025-11-04 14:00:00,bank_transfer,paid,7796344.98
2071,2071,2025-06-29 09:00:00,e_wallet,paid,23624129.16
2072,2072,2025-12-14 11:00:00,bank_transfer,paid,29773368.65
2073,2073,2025-07-11 00:00:00,credit_card,paid,1583073.88
2074,2074,2025-01-10 20:00:00,bank_transfer,paid,29371319.24
2075,2075,2025-09-16 05:00:00,bank_transfer,failed,14274038.61
2076,2076,2025-03-05 17:00:00,bank_transfer,paid,11589687.35
2077,2077,2025-11-29 02:00:00,e_wallet,paid,9273506.4
2078,2078,2025-07-30 14:00:00,debit_card,paid,11140830.3
2079,2079,2025-10-06 00:00:00,debit_card,failed,5533390.2
2080,2080,2025-06-21 21:00:00,debit_card,paid,3550220.66
2081,2081,2025-08-24 05:00:00,credit_card,paid,16760883.15
2082,2082,2025-04-01 08:00:00,credit_card,refunded,21147371.76
2083,2083,2025-03-26 21:00:00,credit_card,paid,20822063.9
2084,2084,2025-07-16 21:00:00,bank_transfer,failed,20673323.28
2085,2085,2025-12-05 21:00:00,credit_card,pending,6149739.18
2086,2086,2025-08-13 11:00:00,bank_transfer,paid,37400995.13
2087,2087,2025-12-27 03:00:00,e_wallet,failed,43952086.55
2088,2088,2025-02-21 09:00:00,bank_transfer,failed,15543380.64
2089,2089,2025-02-24 15:00:00,debit_card,pending,10875260.88
2090,2090,2025-01-09 11:00:00,credit_card,paid,15964480.39
2091,2091,2025-02-23 16:00:00,bank_transfer,pending,8314062.1
2092,2092,2025-11-16 08:00:00,debit_card,failed,27682114.5
2093,2093,2025-02-21 04:00:00,e_wallet,paid,25191753.13
2094,2094,2025-09-16 23:00:00,debit_card,failed,24199653.98
2095,2095,2025-01-18 18:00:00,bank_transfer,paid,34902902.43
2096,2096,2025-08-05 21:00:00,credit_card,paid,14075140.28
2097,2097,2025-08-21 03:00:00,debit_card,paid,6955247.39
2098,2098,2025-02-28 10:00:00,e_wallet,failed,26985540.54
2099,2099,2025-08-29 17:00:00,debit_card,paid,31611101.57
2100,2100,2025-06-29 23:00:00,e_wallet,failed,4644124.89
2101,2101,2025-08-27 19:00:00,debit_card,failed,2155413.6
2102,2102,2025-11-27 01:00:00,bank_transfer,failed,26458621.73
2103,2103,2025-07-22 22:00:00,bank_transfer,paid,31360840.67
2104,2104,2025-04-26 11:00:00,debit_card,paid,447151.5
2105,2105,2025-05-19 13:00:00,e_wallet,pending,22039553.12
2106,2106,2025-05-17 12:00:00,credit_card,failed,29043197.05
2107,2107,2025-08-02 22:00:00,debit_card,paid,33750993.88
2108,2108,2025-01-03 05:00:00,bank_transfer,paid,30075817.39
2109,2109,2025-01-18 07:00:00,bank_transfer,paid,22497745.28
2110,2110,2025-03-21 15:00:00,bank_transfer,paid,13194106.75
2111,2111,2025-09-24 05:00:00,bank_transfer,pending,13829537.78
2112,2112,2025-11-05 01:00:00,credit_card,paid,34302053.15
2113,2113,2025-03-29 12:00:00,debit_card,failed,33611252.8
2114,2114,2025-08-09 07:00:00,e_wallet,failed,42781173.07
2115,2115,2025-07-21 20:00:00,e_wallet,failed,28619651.73
2116,2116,2025-11-26 12:00:00,credit_card,failed,25271882.54
2117,2117,2025-01-28 04:00:00,credit_card,failed,4169709.34
2118,2118,2025-08-09 06:00:00,debit_card,pending,11160030.34
2119,2119,2025-07-20 08:00:00,bank_transfer,paid,26171716.86
2120,2120,2025-07-27 11:00:00,credit_card,paid,24659820.65
2121,2121,2025-09-22 18:00:00,bank_transfer,paid,9585065.64
2122,2122,2025-04-29 10:00:00,debit_card,pending,25280468.42
2123,2123,2025-03-07 04:00:00,e_wallet,paid,26982831.8
2124,2124,2025-11-21 04:00:00,e_wallet,failed,13848299.14
2125,2125,2025-07-21 14:00:00,e_wallet,failed,17279036.07
2126,2126,2025-11-19 07:00:00,bank_transfer,paid,51228577.49
2127,2127,2025-10-11 19:00:00,bank_transfer,paid,12349886.12
2128,2128,2025-04-15 22:00:00,bank_transfer,paid,8143558.9
2129,2129,2025-01-15 05:00:00,bank_transfer,paid,27222797.1
2130,2130,2025-11-18 16:00:00,bank_transfer,refunded,39755066.19
2131,2131,2025-03-20 08:00:00,debit_card,refunded,17032350.35
2132,2132,2025-12-30 23:00:00,debit_card,paid,25929783.71
2133,2133,2025-10-21 03:00:00,credit_card,paid,8961873.96
2134,2134,2025-03-09 21:00:00,bank_transfer,pending,7728274.71
2135,2135,2025-11-21 15:00:00,e_wallet,paid,37984439.1
2136,2136,2025-04-06 12:00:00,e_wallet,pending,13058814.0
2137,2137,2025-04-24 22:00:00,credit_card,paid,26984353.24
2138,2138,2025-10-03 21:00:00,debit_card,paid,17178383.34
2139,2139,2025-07-13 17:00:00,e_wallet,paid,15592689.96
2140,2140,2025-12-04 16:00:00,credit_card,paid,22665608.86
2141,2141,2025-02-12 08:00:00,debit_card,paid,11432154.95
2142,2142,2025-11-18 18:00:00,bank_transfer,pending,16164113.96
2143,2143,2025-10-24 19:00:00,e_wallet,paid,10057689.41
2144,2144,2025-02-27 04:00:00,bank_transfer,refunded,7489839.43
2145,2145,2025-03-05 03:00:00,credit_card,paid,38008688.14
2146,2146,2025-05-25 05:00:00,bank_transfer,paid,9004018.29
2147,2147,2025-02-18 03:00:00,e_wallet,paid,4750407.4
2148,2148,2025-07-05 09:00:00,debit_card,failed,6712340.66
2149,2149,2025-04-18 21:00:00,debit_card,paid,7447535.6
2150,2150,2025-09-09 04:00:00,e_wallet,paid,9114190.96
2151,2151,2025-07-31 02:00:00,e_wallet,paid,19304449.28
2152,2152,2025-11-17 22:00:00,bank_transfer,paid,17851960.72
2153,2153,2025-12-19 10:00:00,credit_card,paid,27505861.91
2154,2154,2025-06-10 21:00:00,debit_card,paid,23535948.69
2155,2155,2025-03-24 07:00:00,e_wallet,paid,3461337.56
2156,2156,2025-01-06 03:00:00,debit_card,paid,32715421.36
2157,2157,2025-12-05 22:00:00,debit_card,pending,4452329.5
2158,2158,2025-11-08 05:00:00,bank_transfer,paid,58726725.56
2159,2159,2025-03-02 16:00:00,debit_card,paid,10130480.07
2160,2160,2025-06-27 14:00:00,e_wallet,refunded,14250290.64
2161,2161,2025-11-05 20:00:00,debit_card,paid,13582981.2
2162,2162,2025-03-24 18:00:00,e_wallet,pending,145977.45
2163,2163,2025-05-11 05:00:00,e_wallet,paid,2853745.65
2164,2164,2025-04-10 17:00:00,debit_card,paid,6426726.5
2165,2165,2025-10-02 20:00:00,e_wallet,failed,47530696.07
2166,2166,2025-09-20 23:00:00,e_wallet,paid,6149739.18
2167,2167,2025-04-21 13:00:00,credit_card,paid,23589035.75
2168,2168,2025-02-28 07:00:00,debit_card,paid,693030.3
2169,2169,2025-01-17 17:00:00,credit_card,paid,223926.27
2170,2170,2025-04-23 14:00:00,credit_card,pending,25939385.19
2171,2171,2025-12-22 08:00:00,debit_card,paid,12603605.75
2172,2172,2025-05-19 12:00:00,e_wallet,paid,4213515.66
2173,2173,2025-04-14 11:00:00,credit_card,paid,20985392.94
2174,2174,2025-06-29 03:00:00,credit_card,failed,37744359.89
2175,2175,2025-11-30 21:00:00,bank_transfer,paid,24181986.39
2176,2176,2025-09-12 16:00:00,bank_transfer,failed,50002929.61
2177,2177,2025-07-25 09:00:00,e_wallet,paid,15151214.12
2178,2178,2025-05-10 01:00:00,debit_card,paid,12758243.69
2179,2179,2025-12-18 23:00:00,e_wallet,pending,45601026.41
2180,2180,2025-05-24 21:00:00,bank_transfer,paid,23768412.85
2181,2181,2025-02-22 06:00:00,credit_card,failed,16333435.3
2182,2182,2025-10-28 11:00:00,debit_card,paid,27773750.27
2183,2183,2025-04-16 22:00:00,debit_card,pending,40368984.74
2184,2184,2025-09-07 05:00:00,debit_card,paid,5315616.36
2185,2185,2025-08-06 19:00:00,e_wallet,pending,38115410.34
2186,2186,2025-05-21 04:00:00,credit_card,paid,9425674.41
2187,2187,2025-11-16 16:00:00,bank_transfer,failed,13465200.45
2188,2188,2025-07-17 01:00:00,bank_transfer,paid,17015423.7
2189,2189,2025-10-18 12:00:00,debit_card,paid,26186737.64
2190,2190,2025-11-21 21:00:00,bank_transfer,paid,50424448.4
2191,2191,2025-08-20 05:00:00,credit_card,paid,23544022.65
2192,2192,2025-09-19 10:00:00,credit_card,failed,19950168.25
2193,2193,2025-07-29 06:00:00,debit_card,refunded,53801236.84
2194,2194,2025-11-28 16:00:00,e_wallet,refunded,15189652.39
2195,2195,2025-06-30 06:00:00,debit_card,paid,45899127.48
2196,2196,2025-02-28 14:00:00,debit_card,failed,29002541.98
2197,2197,2025-06-15 02:00:00,debit_card,failed,8026568.44
2198,2198,2025-04-07 04:00:00,e_wallet,paid,7319002.85
2199,2199,2025-02-08 10:00:00,e_wallet,pending,13699459.53
2200,2200,2025-07-10 19:00:00,debit_card,paid,19128054.76
2201,2201,2025-06-11 05:00:00,e_wallet,paid,16233080.25
2202,2202,2025-06-14 11:00:00,e_wallet,paid,8256949.93
2203,2203,2025-06-18 09:00:00,e_wallet,paid,684196.5
2204,2204,2025-10-19 11:00:00,bank_transfer,paid,21565758.13
2205,2205,2025-04-30 12:00:00,e_wallet,paid,36040546.15
2206,2206,2025-07-18 10:00:00,e_wallet,refunded,10095309.8
2207,2207,2025-04-21 00:00:00,e_wallet,paid,16292469.34
2208,2208,2025-02-22 02:00:00,debit_card,paid,20896997.64
2209,2209,2025-11-08 10:00:00,credit_card,failed,858908.73
2210,2210,2025-12-11 05:00:00,debit_card,failed,16593884.16
2211,2211,2025-11-27 18:00:00,e_wallet,pending,22051683.31
2212,2212,2025-08-11 06:00:00,credit_card,failed,30106101.09
2213,2213,2025-06-14 03:00:00,debit_card,paid,42581108.56
2214,2214,2025-01-27 19:00:00,debit_card,paid,37735258.11
2215,2215,2025-09-13 15:00:00,bank_transfer,paid,8571586.2
2216,2216,2025-08-05 17:00:00,bank_transfer,paid,15237308.27
2217,2217,2025-08-21 07:00:00,debit_card,failed,29934583.49
2218,2218,2025-06-17 22:00:00,e_wallet,paid,24019253.57
2219,2219,2025-05-02 12:00:00,debit_card,paid,25377370.08
2220,2220,2025-05-27 18:00:00,debit_card,pending,2649463.24
2221,2221,2025-10-23 05:00:00,e_wallet,paid,19015110.33
2222,2222,2025-05-27 18:00:00,credit_card,failed,39576784.73
2223,2223,2025-07-26 17:00:00,bank_transfer,refunded,40880356.08
2224,2224,2025-09-28 14:00:00,bank_transfer,paid,1163607.22
2225,2225,2025-11-28 10:00:00,bank_transfer,paid,5112732.52
2226,2226,2025-08-30 22:00:00,e_wallet,failed,23406384.07
2227,2227,2025-08-01 14:00:00,credit_card,paid,18305048.15
2228,2228,2025-05-21 09:00:00,e_wallet,failed,33511984.4
2229,2229,2025-06-27 15:00:00,debit_card,paid,2987831.86
2230,2230,2025-10-12 11:00:00,bank_transfer,paid,35429065.61
2231,2231,2025-09-11 05:00:00,credit_card,paid,6584807.6
2232,2232,2025-07-21 20:00:00,debit_card,pending,15701423.51
2233,2233,2025-08-21 17:00:00,credit_card,failed,2862125.13
2234,2234,2025-11-26 23:00:00,debit_card,paid,33121153.7
2235,2235,2025-07-11 22:00:00,bank_transfer,failed,18281053.5
2236,2236,2025-02-22 19:00:00,e_wallet,paid,21520285.86
2237,2237,2025-01-26 10:00:00,debit_card,paid,8080097.45
2238,2238,2025-03-14 14:00:00,e_wallet,paid,30845262.71
2239,2239,2025-12-20 06:00:00,credit_card,paid,20908770.17
2240,2240,2025-04-26 19:00:00,credit_card,paid,16606203.64
2241,2241,2025-04-08 07:00:00,e_wallet,failed,21856161.39
2242,2242,2025-07-09 12:00:00,credit_card,failed,19052526.77
2243,2243,2025-01-04 00:00:00,e_wallet,pending,9450902.36
2244,2244,2025-01-28 17:00:00,bank_transfer,failed,26282531.33
2245,2245,2025-01-24 02:00:00,e_wallet,paid,30151785.22
2246,2246,2025-06-05 15:00:00,e_wallet,paid,48515767.6
2247,2247,2025-06-19 01:00:00,credit_card,failed,10528123.31
2248,2248,2025-07-14 20:00:00,bank_transfer,pending,6358665.39
2249,2249,2025-03-30 09:00:00,bank_transfer,paid,16028536.12
2250,2250,2025-10-28 00:00:00,e_wallet,paid,41894442.1
2251,2251,2025-03-07 08:00:00,debit_card,failed,3440105.88
2252,2252,2025-03-17 12:00:00,debit_card,refunded,19610241.17
2253,2253,2025-08-01 16:00:00,credit_card,paid,5019926.06
2254,2254,2025-12-09 19:00:00,bank_transfer,refunded,25613508.91
2255,2255,2025-09-29 11:00:00,e_wallet,failed,16375533.51
2256,2256,2025-09-03 21:00:00,e_wallet,paid,11087097.82
2257,2257,2025-05-24 02:00:00,credit_card,failed,18265946.04
2258,2258,2025-09-06 19:00:00,e_wallet,paid,1476353.95
2259,2259,2025-05-16 11:00:00,debit_card,paid,19491598.36
2260,2260,2026-01-01 20:00:00,bank_transfer,paid,44085884.48
2261,2261,2025-10-13 21:00:00,bank_transfer,failed,21468577.09
2262,2262,2025-05-05 11:00:00,e_wallet,pending,26600804.23
2263,2263,2025-04-16 18:00:00,credit_card,paid,10692288.52
2264,2264,2025-02-09 08:00:00,e_wallet,paid,15764492.72
2265,2265,2025-01-31 02:00:00,bank_transfer,paid,8502351.18
2266,2266,2025-12-10 14:00:00,credit_card,paid,13604727.92
2267,2267,2025-07-17 06:00:00,debit_card,paid,12981225.02
2268,2268,2025-02-24 22:00:00,credit_card,paid,18996706.21
2269,2269,2025-10-30 16:00:00,credit_card,refunded,6127946.72
2270,2270,2025-09-22 21:00:00,credit_card,paid,5687516.06
2271,2271,2025-06-09 16:00:00,e_wallet,paid,22608497.53
2272,2272,2025-12-02 06:00:00,e_wallet,failed,19234048.88
2273,2273,2025-09-16 10:00:00,debit_card,paid,17751103.3
2274,2274,2025-04-23 16:00:00,bank_transfer,paid,35601034.85
2275,2275,2025-07-18 04:00:00,credit_card,paid,15762757.7
2276,2276,2025-11-14 21:00:00,credit_card,paid,26120198.12
2277,2277,2025-07-24 03:00:00,credit_card,paid,2874978.48
2278,2278,2025-05-23 08:00:00,bank_transfer,paid,22413040.55
2279,2279,2025-12-18 14:00:00,debit_card,failed,25080122.23
2280,2280,2025-10-24 06:00:00,bank_transfer,paid,10439945.11
2281,2281,2025-03-17 13:00:00,bank_transfer,paid,27260443.29
2282,2282,2025-02-27 02:00:00,e_wallet,paid,58390.98
2283,2283,2025-08-24 02:00:00,debit_card,paid,15497744.72
2284,2284,2025-01-16 17:00:00,e_wallet,pending,21243175.69
2285,2285,2025-09-30 08:00:00,debit_card,paid,14150312.38
2286,2286,2025-05-16 05:00:00,bank_transfer,failed,26774668.38
2287,2287,2025-02-14 01:00:00,bank_transfer,paid,2282996.52
2288,2288,2025-04-20 15:00:00,e_wallet,paid,12128360.6
2289,2289,2025-09-16 06:00:00,bank_transfer,failed,19634810.15
2290,2290,2025-06-20 23:00:00,e_wallet,paid,16915930.71
2291,2291,2025-05-20 22:00:00,bank_transfer,paid,6605473.86
2292,2292,2025-01-27 16:00:00,bank_transfer,paid,39088170.67
2293,2293,2025-08-06 00:00:00,credit_card,paid,12487965.78
2294,2294,2025-04-07 22:00:00,bank_transfer,paid,24713068.91
2295,2295,2025-11-02 21:00:00,e_wallet,refunded,57904522.15
2296,2296,2025-11-09 13:00:00,credit_card,refunded,7875422.93
2297,2297,2025-08-11 05:00:00,credit_card,pending,44381994.54
2298,2298,2025-01-26 20:00:00,bank_transfer,paid,16638326.96
2299,2299,2025-02-26 19:00:00,credit_card,paid,24350311.03
2300,2300,2025-01-29 12:00:00,debit_card,paid,37653476.67
2301,2301,2025-10-23 16:00:00,bank_transfer,paid,46663525.69
2302,2302,2025-02-03 11:00:00,bank_transfer,paid,17168855.6
2303,2303,2025-05-24 00:00:00,bank_transfer,refunded,16457003.33
2304,2304,2025-12-25 10:00:00,credit_card,paid,15155398.22
2305,2305,2025-07-21 06:00:00,debit_card,paid,9182870.32
2306,2306,2025-04-23 05:00:00,e_wallet,failed,9144192.02
2307,2307,2025-12-22 18:00:00,bank_transfer,paid,8720593.62
2308,2308,2025-04-16 07:00:00,credit_card,failed,1394205.15
2309,2309,2025-04-16 16:00:00,debit_card,pending,33250396.49
2310,2310,2025-05-28 20:00:00,bank_transfer,refunded,16564047.08
2311,2311,2025-05-29 08:00:00,bank_transfer,paid,34903431.05
2312,2312,2025-02-18 21:00:00,debit_card,failed,22181891.2
2313,2313,2025-12-25 04:00:00,debit_card,paid,25575040.99
2314,2314,2025-06-06 03:00:00,debit_card,pending,2884285.56
2315,2315,2025-05-04 07:00:00,e_wallet,paid,25510472.09
2316,2316,2025-12-16 16:00:00,bank_transfer,paid,2149591.69
2317,2317,2025-04-07 06:00:00,debit_card,paid,15800697.74
2318,2318,2025-03-14 02:00:00,debit_card,paid,25407459.16
2319,2319,2025-12-08 20:00:00,credit_card,paid,8141921.55
2320,2320,2025-06-21 13:00:00,bank_transfer,paid,11448500.52
2321,2321,2025-05-17 20:00:00,debit_card,paid,20309411.37
2322,2322,2025-03-29 12:00:00,credit_card,failed,11264371.41
2323,2323,2025-01-05 11:00:00,bank_transfer,paid,13542588.59
2324,2324,2025-08-31 19:00:00,credit_card,paid,3468801.92
2325,2325,2025-09-10 00:00:00,debit_card,paid,35387768.69
2326,2326,2025-08-31 14:00:00,debit_card,paid,33541657.56
2327,2327,2025-01-10 04:00:00,debit_card,pending,11815218.57
2328,2328,2025-05-29 19:00:00,credit_card,paid,13767770.28
2329,2329,2025-09-27 13:00:00,bank_transfer,paid,16154362.13
2330,2330,2025-03-17 06:00:00,debit_card,paid,35232896.71
2331,2331,2025-02-22 22:00:00,credit_card,failed,23068141.93
2332,2332,2025-06-22 12:00:00,credit_card,paid,28947501.31
2333,2333,2025-06-30 00:00:00,debit_card,paid,18455853.93
2334,2334,2025-12-06 23:00:00,e_wallet,paid,16521496.55
2335,2335,2025-07-07 13:00:00,bank_transfer,paid,23218007.05
2336,2336,2025-07-01 14:00:00,credit_card,pending,24703260.75
2337,2337,2025-06-20 19:00:00,e_wallet,refunded,24341799.45
2338,2338,2025-12-07 15:00:00,bank_transfer,failed,1295336.0
2339,2339,2025-11-02 06:00:00,debit_card,paid,23987714.42
2340,2340,2025-05-19 10:00:00,bank_transfer,refunded,4220465.41
2341,2341,2025-11-24 20:00:00,e_wallet,paid,12018892.94
2342,2342,2025-07-30 01:00:00,credit_card,paid,4201427.86
2343,2343,2025-12-05 12:00:00,credit_card,paid,66786303.28
2344,2344,2025-09-12 08:00:00,debit_card,paid,26041743.16
2345,2345,2025-10-23 20:00:00,debit_card,pending,23473001.9
2346,2346,2025-08-09 17:00:00,bank_transfer,paid,14806536.6
2347,2347,2025-02-16 07:00:00,credit_card,paid,25334168.72
2348,2348,2025-11-24 13:00:00,debit_card,paid,29444147.55
2349,2349,2025-11-18 21:00:00,debit_card,failed,40070841.08
2350,2350,2025-08-20 04:00:00,e_wallet,failed,22267172.24
2351,2351,2025-03-31 06:00:00,debit_card,pending,1181083.16
2352,2352,2025-06-29 08:00:00,debit_card,paid,5476999.25
2353,2353,2025-07-20 19:00:00,debit_card,paid,2557907.2
2354,2354,2025-05-22 08:00:00,credit_card,paid,31805678.32
2355,2355,2025-01-22 02:00:00,debit_card,refunded,22868468.42
2356,2356,2025-12-27 16:00:00,credit_card,failed,14849276.78
2357,2357,2025-11-11 21:00:00,debit_card,paid,22375290.82
2358,2358,2025-08-22 09:00:00,credit_card,failed,44362600.71
2359,2359,2025-06-27 15:00:00,credit_card,paid,33717651.55
2360,2360,2025-01-05 06:00:00,bank_transfer,pending,26626362.42
2361,2361,2025-03-18 14:00:00,bank_transfer,pending,24095448.42
2362,2362,2025-03-19 12:00:00,credit_card,paid,25778925.55
2363,2363,2025-11-16 11:00:00,credit_card,pending,13211846.98
2364,2364,2025-03-26 12:00:00,credit_card,paid,14292082.95
2365,2365,2025-05-29 14:00:00,e_wallet,failed,6429112.91
2366,2366,2025-06-01 20:00:00,e_wallet,paid,8703812.11
2367,2367,2025-01-21 20:00:00,bank_transfer,paid,10218762.52
2368,2368,2025-10-31 11:00:00,debit_card,paid,24137078.69
2369,2369,2025-09-08 08:00:00,credit_card,paid,64378009.31
2370,2370,2025-08-10 20:00:00,credit_card,pending,25182085.6
2371,2371,2025-01-02 09:00:00,debit_card,paid,37666287.17
2372,2372,2025-03-12 05:00:00,debit_card,paid,11847522.18
2373,2373,2025-09-15 13:00:00,bank_transfer,failed,9751001.52
2374,2374,2025-10-16 02:00:00,debit_card,paid,23224333.59
2375,2375,2025-05-19 07:00:00,e_wallet,pending,3836860.8
2376,2376,2025-04-11 15:00:00,e_wallet,refunded,14021220.8
2377,2377,2025-02-12 17:00:00,e_wallet,paid,14134797.08
2378,2378,2025-01-18 08:00:00,credit_card,paid,3957684.7
2379,2379,2025-05-08 20:00:00,credit_card,pending,9701786.78
2380,2380,2025-11-24 07:00:00,credit_card,paid,34167899.92
2381,2381,2025-07-24 01:00:00,debit_card,paid,7039860.81
2382,2382,2025-05-15 21:00:00,credit_card,paid,4792532.82
2383,2383,2025-11-03 16:00:00,credit_card,paid,45369747.47
2384,2384,2025-10-17 09:00:00,e_wallet,pending,28175069.5
2385,2385,2025-06-15 03:00:00,bank_transfer,failed,7058341.1
2386,2386,2025-03-13 02:00:00,credit_card,failed,20998288.25
2387,2387,2025-04-13 16:00:00,debit_card,paid,7267875.42
2388,2388,2025-08-02 11:00:00,credit_card,paid,14333932.91
2389,2389,2025-06-04 16:00:00,bank_transfer,paid,14403727.82
2390,2390,2025-06-02 17:00:00,bank_transfer,pending,26636324.21
2391,2391,2025-08-26 04:00:00,credit_card,paid,23735656.41
2392,2392,2025-07-13 08:00:00,credit_card,failed,3538354.15
2393,2393,2025-08-12 17:00:00,e_wallet,paid,20103185.6
2394,2394,2025-09-28 02:00:00,bank_transfer,pending,35303186.96
2395,2395,2025-06-10 04:00:00,e_wallet,pending,58390.98
2396,2396,2026-01-01 06:00:00,bank_transfer,paid,3397179.24
2397,2397,2025-07-02 22:00:00,debit_card,paid,27111297.28
2398,2398,2025-08-04 23:00:00,e_wallet,paid,23936381.29
2399,2399,2025-08-25 15:00:00,credit_card,refunded,17143172.4
2400,2400,2025-01-15 01:00:00,debit_card,failed,15551396.53
2401,2401,2025-08-04 08:00:00,e_wallet,failed,18448065.7
2402,2402,2025-03-13 02:00:00,debit_card,paid,17209802.35
2403,2403,2025-05-06 18:00:00,credit_card,failed,9974687.62
2404,2404,2025-07-12 18:00:00,credit_card,refunded,46827764.37
2405,2405,2025-10-07 21:00:00,e_wallet,failed,14374892.4
2406,2406,2025-05-31 02:00:00,debit_card,failed,34400652.94
2407,2407,2025-07-22 13:00:00,e_wallet,paid,39504070.5
2408,2408,2025-12-10 14:00:00,credit_card,paid,24609012.4
2409,2409,2025-09-24 04:00:00,e_wallet,failed,8303101.82
2410,2410,2025-01-29 06:00:00,credit_card,paid,38271488.92
2411,2411,2025-05-19 01:00:00,bank_transfer,pending,13186872.95
2412,2412,2025-02-25 02:00:00,e_wallet,failed,27468691.89
2413,2413,2025-02-20 02:00:00,debit_card,paid,18431430.91
2414,2414,2025-10-18 22:00:00,debit_card,pending,15690951.57
2415,2415,2025-06-19 16:00:00,debit_card,paid,16098464.39
2416,2416,2025-03-04 04:00:00,credit_card,failed,28439453.5
2417,2417,2025-12-13 08:00:00,credit_card,pending,12094275.46
2418,2418,2025-01-30 00:00:00,bank_transfer,paid,48080865.5
2419,2419,2025-09-22 02:00:00,e_wallet,refunded,22801941.42
2420,2420,2025-09-11 05:00:00,bank_transfer,paid,16658603.39
2421,2421,2025-12-13 18:00:00,credit_card,failed,12520555.3
2422,2422,2025-03-22 12:00:00,e_wallet,pending,60456519.08
2423,2423,2025-06-09 13:00:00,debit_card,paid,21906243.84
2424,2424,2025-09-06 12:00:00,debit_card,pending,12698061.48
2425,2425,2025-04-13 20:00:00,debit_card,paid,14907883.41
2426,2426,2025-01-02 02:00:00,bank_transfer,refunded,4037589.45
2427,2427,2025-03-04 11:00:00,e_wallet,paid,29078114.95
2428,2428,2025-05-07 19:00:00,bank_transfer,paid,28325695.82
2429,2429,2025-09-01 21:00:00,debit_card,failed,18211616.64
2430,2430,2025-09-17 16:00:00,debit_card,paid,18563908.7
2431,2431,2025-01-29 16:00:00,e_wallet,paid,31204153.42
2432,2432,2025-06-03 22:00:00,credit_card,paid,25793908.92
2433,2433,2025-04-06 13:00:00,e_wallet,paid,11252268.56
2434,2434,2025-10-07 12:00:00,debit_card,failed,7706784.28
2435,2435,2025-11-11 10:00:00,bank_transfer,paid,5940309.81
2436,2436,2025-12-04 11:00:00,debit_card,paid,16607479.9
2437,2437,2025-08-11 20:00:00,bank_transfer,pending,37810581.28
2438,2438,2025-01-13 12:00:00,bank_transfer,paid,14630690.84
2439,2439,2025-12-05 00:00:00,bank_transfer,paid,31758332.25
2440,2440,2025-09-19 23:00:00,bank_transfer,pending,10095309.8
2441,2441,2025-10-07 08:00:00,debit_card,paid,14586711.28
2442,2442,2025-09-04 16:00:00,credit_card,paid,28316538.85
2443,2443,2025-12-08 02:00:00,debit_card,failed,10925052.84
2444,2444,2025-09-10 20:00:00,debit_card,pending,25712384.36
2445,2445,2025-05-21 16:00:00,e_wallet,paid,47483695.66
2446,2446,2025-12-25 08:00:00,debit_card,paid,19634810.15
2447,2447,2025-08-27 12:00:00,e_wallet,failed,11850378.53
2448,2448,2025-08-06 13:00:00,e_wallet,paid,570749.13
2449,2449,2025-05-27 13:00:00,debit_card,paid,25964743.02
2450,2450,2025-10-16 10:00:00,debit_card,paid,17469245.42
2451,2451,2025-10-26 11:00:00,credit_card,paid,19829760.02
2452,2452,2025-11-27 03:00:00,bank_transfer,pending,14210988.4
2453,2453,2025-11-15 21:00:00,debit_card,paid,2809010.44
2454,2454,2025-07-02 03:00:00,bank_transfer,paid,17629875.01
2455,2455,2025-08-29 05:00:00,bank_transfer,pending,14333245.14
2456,2456,2025-08-24 10:00:00,bank_transfer,paid,22471076.01
2457,2457,2025-03-24 03:00:00,bank_transfer,failed,5749956.96
2458,2458,2025-09-16 10:00:00,e_wallet,paid,26709541.42
2459,2459,2025-12-30 00:00:00,e_wallet,paid,30952563.77
2460,2460,2025-09-21 22:00:00,bank_transfer,paid,1914420.16
2461,2461,2025-12-02 07:00:00,e_wallet,paid,17644814.09
2462,2462,2025-12-03 08:00:00,credit_card,refunded,2581454.34
2463,2463,2025-06-23 09:00:00,credit_card,pending,20123062.67
2464,2464,2025-03-14 02:00:00,debit_card,failed,12502644.8
2465,2465,2025-12-04 07:00:00,e_wallet,paid,7934687.84
2466,2466,2025-02-04 22:00:00,bank_transfer,failed,26301875.76
2467,2467,2025-11-27 11:00:00,e_wallet,paid,3945384.01
2468,2468,2025-08-31 07:00:00,e_wallet,pending,21695324.77
2469,2469,2025-04-03 03:00:00,credit_card,pending,14566737.12
2470,2470,2025-09-17 17:00:00,bank_transfer,pending,20720706.2
2471,2471,2025-09-28 09:00:00,bank_transfer,paid,8027041.47
2472,2472,2025-12-25 09:00:00,credit_card,refunded,19418838.43
2473,2473,2025-10-27 00:00:00,bank_transfer,refunded,17539806.29
2474,2474,2025-11-13 17:00:00,credit_card,paid,28746422.78
2475,2475,2025-02-05 00:00:00,e_wallet,paid,11066308.29
2476,2476,2025-03-23 12:00:00,credit_card,paid,36188534.79
2477,2477,2025-12-08 22:00:00,bank_transfer,paid,23659008.59
2478,2478,2025-12-15 22:00:00,debit_card,paid,9496955.12
2479,2479,2025-04-30 21:00:00,e_wallet,failed,16975497.73
2480,2480,2025-05-02 05:00:00,credit_card,paid,35019520.66
2481,2481,2025-07-17 03:00:00,e_wallet,paid,10419175.17
2482,2482,2025-02-02 07:00:00,bank_transfer,refunded,34027690.36
2483,2483,2025-05-10 01:00:00,credit_card,paid,4676116.46
2484,2484,2025-02-07 13:00:00,e_wallet,failed,15532505.95
2485,2485,2025-07-11 05:00:00,credit_card,pending,14936611.78
2486,2486,2025-01-17 10:00:00,debit_card,paid,24609983.58
2487,2487,2025-06-15 02:00:00,credit_card,pending,3967343.92
2488,2488,2025-08-19 22:00:00,bank_transfer,paid,338477.22
2489,2489,2025-11-24 22:00:00,bank_transfer,failed,26616481.9
2490,2490,2025-04-14 01:00:00,bank_transfer,paid,14566737.12
2491,2491,2025-09-09 17:00:00,debit_card,pending,12376048.3
2492,2492,2025-05-29 00:00:00,e_wallet,paid,14313191.36
2493,2493,2025-03-25 09:00:00,debit_card,failed,15335832.55
2494,2494,2025-09-29 01:00:00,bank_transfer,failed,5502798.6
2495,2495,2025-04-10 08:00:00,e_wallet,refunded,4733128.9
2496,2496,2025-01-13 06:00:00,bank_transfer,pending,30430782.49
2497,2497,2025-02-19 02:00:00,debit_card,paid,1226160.98
2498,2498,2025-03-13 19:00:00,bank_transfer,paid,7248625.93
2499,2499,2025-07-05 17:00:00,bank_transfer,paid,14949591.9
2500,2500,2025-10-18 18:00:00,bank_transfer,failed,6267191.36
2501,2501,2025-02-07 13:00:00,bank_transfer,paid,35246253.77
2502,2502,2025-12-17 20:00:00,e_wallet,pending,3032090.15
2503,2503,2025-11-26 04:00:00,credit_card,paid,9906212.82
2504,2504,2025-04-08 01:00:00,debit_card,paid,18378182.28
2505,2505,2025-10-20 01:00:00,credit_card,paid,4600671.26
2506,2506,2025-09-14 06:00:00,e_wallet,paid,1466093.49
2507,2507,2025-11-13 10:00:00,e_wallet,refunded,10819124.25
2508,2508,2025-03-12 10:00:00,debit_card,paid,27919169.42
2509,2509,2025-08-14 10:00:00,e_wallet,pending,1518912.87
2510,2510,2025-07-13 14:00:00,e_wallet,paid,9452304.24
2511,2511,2025-10-19 18:00:00,debit_card,paid,7629290.76
2512,2512,2025-09-23 21:00:00,credit_card,paid,20967884.82
2513,2513,2025-03-03 18:00:00,e_wallet,paid,2045527.34
2514,2514,2025-01-28 01:00:00,debit_card,refunded,9107755.02
2515,2515,2025-06-20 11:00:00,bank_transfer,paid,37531023.06
2516,2516,2025-05-30 19:00:00,credit_card,failed,23965998.01
2517,2517,2025-05-10 14:00:00,bank_transfer,pending,21035667.99
2518,2518,2025-07-04 20:00:00,e_wallet,failed,39180364.8
2519,2519,2025-03-22 02:00:00,debit_card,paid,26507755.29
2520,2520,2025-02-08 02:00:00,credit_card,failed,6227704.64
2521,2521,2025-05-05 20:00:00,bank_transfer,failed,32218748.14
2522,2522,2025-11-09 03:00:00,credit_card,paid,17721068.23
2523,2523,2025-07-24 05:00:00,debit_card,paid,36404585.84
2524,2524,2025-10-08 03:00:00,bank_transfer,paid,40117745.59
2525,2525,2025-10-26 02:00:00,debit_card,paid,19196873.05
2526,2526,2025-12-01 18:00:00,bank_transfer,paid,52100497.13
2527,2527,2025-06-24 12:00:00,bank_transfer,paid,28725442.52
2528,2528,2025-04-13 13:00:00,e_wallet,failed,29699482.9
2529,2529,2025-02-01 06:00:00,credit_card,paid,7546892.24
2530,2530,2025-10-08 01:00:00,e_wallet,pending,32169778.38
2531,2531,2025-06-18 12:00:00,e_wallet,failed,39814825.09
2532,2532,2025-12-07 13:00:00,bank_transfer,paid,4241992.81
2533,2533,2025-05-02 22:00:00,bank_transfer,paid,45780996.36
2534,2534,2025-10-16 20:00:00,debit_card,refunded,1861883.9
2535,2535,2025-12-27 15:00:00,bank_transfer,failed,17547468.07
2536,2536,2025-01-19 17:00:00,bank_transfer,paid,6153683.89
2537,2537,2025-08-03 16:00:00,e_wallet,pending,1903448.56
2538,2538,2025-11-11 04:00:00,bank_transfer,paid,19335555.9
2539,2539,2025-10-10 19:00:00,debit_card,paid,13748733.57
2540,2540,2025-05-19 06:00:00,e_wallet,paid,25993569.34
2541,2541,2025-02-24 21:00:00,bank_transfer,paid,12323227.68
2542,2542,2025-09-18 04:00:00,debit_card,pending,24956621.54
2543,2543,2025-06-30 07:00:00,bank_transfer,paid,22759668.76
2544,2544,2025-06-05 11:00:00,credit_card,failed,31017788.31
2545,2545,2025-04-27 01:00:00,credit_card,paid,35140963.16
2546,2546,2025-01-15 03:00:00,credit_card,failed,24811624.56
2547,2547,2025-04-11 14:00:00,bank_transfer,failed,40441921.38
2548,2548,2025-07-14 20:00:00,e_wallet,pending,21209964.05
2549,2549,2025-01-11 14:00:00,bank_transfer,paid,15441454.06
2550,2550,2025-01-28 21:00:00,bank_transfer,failed,2638821.35
2551,2551,2025-07-14 14:00:00,debit_card,paid,26624258.03
2552,2552,2025-08-09 15:00:00,bank_transfer,paid,22560181.22
2553,2553,2025-10-10 20:00:00,credit_card,paid,1111472.83
2554,2554,2025-08-14 22:00:00,debit_card,failed,4028579.25
2555,2555,2025-07-09 12:00:00,debit_card,paid,21778705.8
2556,2556,2025-06-25 11:00:00,e_wallet,paid,5405008.43
2557,2557,2025-05-02 18:00:00,e_wallet,paid,9735889.97
2558,2558,2025-10-30 22:00:00,credit_card,paid,8180049.84
2559,2559,2025-08-01 20:00:00,credit_card,failed,20365683.48
2560,2560,2025-10-02 04:00:00,credit_card,paid,17851960.72
2561,2561,2025-01-09 05:00:00,credit_card,pending,11829828.65
2562,2562,2025-05-09 06:00:00,credit_card,paid,2867439.19
2563,2563,2025-02-09 09:00:00,bank_transfer,paid,8465374.32
2564,2564,2025-08-14 17:00:00,bank_transfer,paid,20757754.55
2565,2565,2025-01-24 05:00:00,e_wallet,paid,33809647.97
2566,2566,2025-11-05 05:00:00,debit_card,paid,8143113.24
2567,2567,2025-05-30 18:00:00,bank_transfer,refunded,9311137.33
2568,2568,2025-07-24 12:00:00,bank_transfer,pending,9524579.51
2569,2569,2025-03-04 06:00:00,bank_transfer,paid,10612513.65
2570,2570,2025-02-10 17:00:00,debit_card,refunded,15163759.8
2571,2571,2025-04-16 21:00:00,bank_transfer,pending,684196.5
2572,2572,2025-07-02 10:00:00,debit_card,failed,14303302.93
2573,2573,2025-04-24 17:00:00,debit_card,pending,18695578.33
2574,2574,2025-06-05 07:00:00,debit_card,paid,10133824.9
2575,2575,2025-10-11 20:00:00,e_wallet,failed,4566486.51
2576,2576,2025-12-02 02:00:00,e_wallet,failed,15709457.35
2577,2577,2025-05-18 13:00:00,credit_card,pending,13298893.09
2578,2578,2025-10-06 19:00:00,debit_card,paid,43956719.33
2579,2579,2025-01-28 04:00:00,debit_card,paid,23589035.75
2580,2580,2025-12-28 21:00:00,e_wallet,failed,18549396.84
2581,2581,2025-09-06 18:00:00,e_wallet,paid,16933014.57
2582,2582,2025-04-16 22:00:00,e_wallet,paid,18211241.17
2583,2583,2025-09-24 07:00:00,credit_card,paid,21476733.49
2584,2584,2025-10-11 22:00:00,debit_card,paid,11141650.29
2585,2585,2025-07-11 23:00:00,credit_card,failed,19916399.67
2586,2586,2025-03-15 10:00:00,e_wallet,paid,9203702.01
2587,2587,2025-12-24 03:00:00,bank_transfer,pending,10601097.81
2588,2588,2025-08-21 05:00:00,credit_card,paid,32623070.04
2589,2589,2025-01-12 08:00:00,credit_card,failed,26183640.43
2590,2590,2025-01-18 08:00:00,e_wallet,paid,13890300.02
2591,2591,2025-10-29 08:00:00,credit_card,paid,21853307.98
2592,2592,2025-02-13 20:00:00,e_wallet,paid,33686059.66
2593,2593,2025-11-09 17:00:00,bank_transfer,paid,16979169.66
2594,2594,2025-01-11 01:00:00,credit_card,paid,26800339.65
2595,2595,2025-07-16 07:00:00,debit_card,paid,9284436.64
2596,2596,2025-04-25 04:00:00,e_wallet,paid,29132383.32
2597,2597,2025-04-06 00:00:00,bank_transfer,paid,36526582.9
2598,2598,2025-09-30 12:00:00,bank_transfer,pending,17418526.96
2599,2599,2025-06-06 14:00:00,bank_transfer,failed,21652278.45
2600,2600,2025-06-29 22:00:00,debit_card,paid,25823007.2
2601,2601,2025-11-08 16:00:00,e_wallet,paid,4817135.95
2602,2602,2025-05-16 23:00:00,e_wallet,failed,30189292.81
2603,2603,2025-10-30 19:00:00,e_wallet,failed,27913484.27
2604,2604,2025-01-16 06:00:00,credit_card,pending,15395513.41
2605,2605,2025-11-15 04:00:00,e_wallet,failed,21818718.4
2606,2606,2025-08-08 12:00:00,credit_card,pending,8823460.44
2607,2607,2025-01-31 17:00:00,debit_card,paid,21725189.81
2608,2608,2025-10-11 22:00:00,debit_card,pending,8143113.24
2609,2609,2025-12-14 12:00:00,bank_transfer,failed,355064.55
2610,2610,2025-10-01 07:00:00,debit_card,paid,8694361.06
2611,2611,2025-10-22 18:00:00,credit_card,refunded,25883927.35
2612,2612,2025-09-24 12:00:00,debit_card,paid,14706408.69
2613,2613,2025-07-15 11:00:00,e_wallet,pending,45741842.42
2614,2614,2025-05-03 07:00:00,credit_card,paid,14955635.74
2615,2615,2025-05-25 16:00:00,e_wallet,pending,14808799.77
2616,2616,2025-05-22 19:00:00,e_wallet,paid,858908.73
2617,2617,2025-10-06 03:00:00,credit_card,paid,14774328.71
2618,2618,2025-10-20 10:00:00,e_wallet,paid,14346041.07
2619,2619,2025-11-13 00:00:00,debit_card,paid,32641559.58
2620,2620,2025-05-19 12:00:00,debit_card,paid,3668894.31
2621,2621,2025-12-02 13:00:00,bank_transfer,failed,7973200.46
2622,2622,2025-11-09 06:00:00,credit_card,paid,72760539.73
2623,2623,2025-06-08 03:00:00,bank_transfer,pending,4638030.5
2624,2624,2025-06-15 02:00:00,debit_card,paid,16819210.55
2625,2625,2025-04-02 07:00:00,credit_card,paid,40575641.25
2626,2626,2025-01-09 01:00:00,debit_card,paid,25895629.33
2627,2627,2025-08-28 20:00:00,e_wallet,paid,18286623.39
2628,2628,2025-09-03 01:00:00,credit_card,failed,145977.45
2629,2629,2025-10-13 05:00:00,credit_card,paid,36654329.41
2630,2630,2025-01-30 16:00:00,e_wallet,paid,17683238.63
2631,2631,2025-05-23 10:00:00,e_wallet,refunded,36270189.51
2632,2632,2025-10-11 22:00:00,e_wallet,paid,13783636.71
2633,2633,2025-08-15 14:00:00,debit_card,paid,4685196.32
2634,2634,2025-05-22 11:00:00,credit_card,failed,34702514.53
2635,2635,2025-09-12 08:00:00,credit_card,paid,25115017.27
2636,2636,2025-11-20 13:00:00,debit_card,paid,51321690.53
2637,2637,2025-11-13 18:00:00,bank_transfer,paid,2029296.46
2638,2638,2025-05-01 15:00:00,debit_card,pending,17796557.51
2639,2639,2025-01-21 20:00:00,e_wallet,pending,4788404.22
2640,2640,2025-09-18 08:00:00,bank_transfer,paid,14046858.38
2641,2641,2025-10-25 11:00:00,e_wallet,paid,19901011.17
2642,2642,2025-10-12 03:00:00,debit_card,paid,25365693.21
2643,2643,2025-02-02 16:00:00,e_wallet,pending,2217799.2
2644,2644,2025-05-13 23:00:00,credit_card,paid,2122852.23
2645,2645,2025-01-10 07:00:00,bank_transfer,failed,9435614.3
2646,2646,2025-07-01 20:00:00,bank_transfer,pending,12584413.2
2647,2647,2025-01-23 22:00:00,e_wallet,paid,29758384.17
2648,2648,2025-06-29 21:00:00,e_wallet,paid,9944008.03
2649,2649,2025-09-17 09:00:00,e_wallet,paid,22385575.28
2650,2650,2025-09-20 07:00:00,e_wallet,paid,1922857.04
2651,2651,2025-04-16 20:00:00,bank_transfer,failed,9098255.88
2652,2652,2025-07-10 06:00:00,debit_card,failed,6995036.83
2653,2653,2025-12-16 09:00:00,credit_card,paid,31831897.68
2654,2654,2025-11-26 05:00:00,bank_transfer,paid,25192257.74
2655,2655,2025-03-16 08:00:00,e_wallet,paid,20943575.62
2656,2656,2025-11-08 13:00:00,bank_transfer,paid,9443999.74
2657,2657,2025-06-21 01:00:00,credit_card,paid,2671585.4
2658,2658,2025-11-30 13:00:00,bank_transfer,paid,22971420.25
2659,2659,2025-05-31 22:00:00,debit_card,paid,12555239.8
2660,2660,2025-03-24 10:00:00,credit_card,paid,11628943.1
2661,2661,2025-05-29 12:00:00,e_wallet,paid,11907143.14
2662,2662,2025-10-30 12:00:00,e_wallet,paid,19939229.22
2663,2663,2025-11-09 16:00:00,debit_card,failed,4105817.09
2664,2664,2025-06-10 04:00:00,debit_card,pending,5229029.35
2665,2665,2025-09-20 00:00:00,e_wallet,refunded,12537967.88
2666,2666,2026-01-01 19:00:00,bank_transfer,paid,36319414.59
2667,2667,2025-07-13 11:00:00,bank_transfer,failed,48615196.37
2668,2668,2025-01-18 05:00:00,debit_card,pending,26695049.73
2669,2669,2025-03-18 16:00:00,credit_card,failed,6693558.51
2670,2670,2025-11-30 16:00:00,credit_card,paid,25407851.68
2671,2671,2025-04-25 17:00:00,credit_card,failed,16171703.44
2672,2672,2025-10-22 15:00:00,bank_transfer,failed,3222036.96
2673,2673,2025-08-03 06:00:00,e_wallet,pending,7562683.19
2674,2674,2025-03-04 10:00:00,debit_card,failed,14744249.61
2675,2675,2025-01-27 18:00:00,e_wallet,paid,30319676.31
2676,2676,2025-12-06 00:00:00,e_wallet,failed,27769048.64
2677,2677,2025-08-15 00:00:00,credit_card,paid,1201908.64
2678,2678,2025-04-10 22:00:00,debit_card,refunded,37457326.15
2679,2679,2025-06-01 07:00:00,credit_card,paid,7981890.64
2680,2680,2025-06-18 04:00:00,bank_transfer,failed,15674811.13
2681,2681,2025-07-05 14:00:00,e_wallet,paid,26108942.53
2682,2682,2025-06-12 23:00:00,e_wallet,paid,30283492.94
2683,2683,2025-12-22 15:00:00,debit_card,paid,5169821.67
2684,2684,2025-07-29 13:00:00,debit_card,paid,11772662.06
2685,2685,2025-07-01 04:00:00,debit_card,failed,4299183.38
2686,2686,2025-02-09 14:00:00,bank_transfer,paid,45522620.03
2687,2687,2025-12-01 10:00:00,bank_transfer,refunded,6406565.98
2688,2688,2025-04-29 21:00:00,e_wallet,failed,32855585.54
2689,2689,2025-08-04 10:00:00,debit_card,refunded,27443447.38
2690,2690,2025-03-06 09:00:00,debit_card,failed,21189246.7
2691,2691,2025-05-07 08:00:00,debit_card,paid,17225039.53
2692,2692,2025-12-12 12:00:00,bank_transfer,pending,3440105.88
2693,2693,2025-03-13 14:00:00,debit_card,paid,16359269.93
2694,2694,2025-05-27 07:00:00,credit_card,paid,9262414.59
2695,2695,2025-03-02 15:00:00,debit_card,paid,22600704.74
2696,2696,2025-08-05 22:00:00,e_wallet,paid,9155167.88
2697,2697,2025-10-23 23:00:00,credit_card,pending,5502798.6
2698,2698,2025-04-12 01:00:00,bank_transfer,paid,7590830.53
2699,2699,2025-08-21 10:00:00,debit_card,paid,19655794.34
2700,2700,2025-03-03 17:00:00,credit_card,paid,50902318.01
2701,2701,2025-10-11 14:00:00,e_wallet,paid,8010409.24
2702,2702,2025-02-21 01:00:00,bank_transfer,failed,25730550.52
2703,2703,2025-01-18 13:00:00,debit_card,paid,7737803.88
2704,2704,2025-01-13 15:00:00,debit_card,paid,14905975.24
2705,2705,2025-02-08 17:00:00,debit_card,refunded,23867386.72
2706,2706,2025-09-30 11:00:00,bank_transfer,paid,23981767.51
2707,2707,2025-08-06 00:00:00,e_wallet,paid,9801383.96
2708,2708,2025-07-25 09:00:00,bank_transfer,refunded,29131618.19
2709,2709,2025-05-05 18:00:00,e_wallet,paid,37936952.32
2710,2710,2025-03-03 12:00:00,credit_card,failed,25778426.83
2711,2711,2025-06-23 06:00:00,debit_card,failed,26509601.6
2712,2712,2025-11-13 05:00:00,credit_card,pending,39525556.03
2713,2713,2025-01-25 14:00:00,bank_transfer,pending,3745081.7
2714,2714,2025-07-02 20:00:00,credit_card,paid,17472631.16
2715,2715,2025-07-30 07:00:00,e_wallet,paid,40631201.52
2716,2716,2025-08-13 13:00:00,e_wallet,failed,5724250.26
2717,2717,2025-09-03 11:00:00,credit_card,paid,30282811.74
2718,2718,2025-04-05 18:00:00,e_wallet,failed,162407.82
2719,2719,2025-10-29 19:00:00,bank_transfer,failed,35331994.93
2720,2720,2025-09-19 22:00:00,bank_transfer,paid,27551806.73
2721,2721,2025-01-04 20:00:00,debit_card,failed,22803120.89
2722,2722,2025-07-09 07:00:00,bank_transfer,pending,7315345.42
2723,2723,2025-08-22 08:00:00,debit_card,paid,18784920.15
2724,2724,2025-08-14 16:00:00,debit_card,failed,27200665.31
2725,2725,2025-10-30 04:00:00,bank_transfer,failed,31005825.77
2726,2726,2025-02-19 02:00:00,bank_transfer,paid,12731717.84
2727,2727,2025-09-10 14:00:00,debit_card,paid,24423461.82
2728,2728,2025-10-16 13:00:00,e_wallet,failed,20649685.62
2729,2729,2025-10-25 10:00:00,bank_transfer,failed,27168417.01
2730,2730,2025-08-08 16:00:00,debit_card,paid,13365360.65
2731,2731,2025-07-16 17:00:00,debit_card,failed,12926861.94
2732,2732,2025-04-03 10:00:00,debit_card,paid,6254564.01
2733,2733,2025-01-23 17:00:00,credit_card,pending,831528.8
2734,2734,2025-04-19 15:00:00,e_wallet,refunded,10936084.92
2735,2735,2025-05-24 20:00:00,debit_card,failed,18068586.63
2736,2736,2025-06-11 20:00:00,debit_card,paid,14248758.9
2737,2737,2025-05-26 06:00:00,bank_transfer,paid,21238142.72
2738,2738,2025-05-28 02:00:00,debit_card,paid,24243865.12
2739,2739,2025-08-13 11:00:00,credit_card,paid,24758445.25
2740,2740,2025-05-29 15:00:00,bank_transfer,paid,30070582.04
2741,2741,2025-11-08 14:00:00,e_wallet,paid,28063860.75
2742,2742,2025-04-29 23:00:00,bank_transfer,paid,24758445.25
2743,2743,2025-03-14 06:00:00,credit_card,paid,20807383.75
2744,2744,2025-10-10 22:00:00,credit_card,refunded,6977365.86
2745,2745,2025-03-29 04:00:00,e_wallet,failed,48727092.87
2746,2746,2025-01-22 17:00:00,credit_card,failed,19786138.35
2747,2747,2025-10-04 02:00:00,e_wallet,paid,25823198.2
2748,2748,2025-01-04 15:00:00,bank_transfer,failed,10821322.14
2749,2749,2025-01-15 08:00:00,e_wallet,paid,9912897.93
2750,2750,2025-05-25 06:00:00,bank_transfer,failed,49349346.46
2751,2751,2025-08-08 13:00:00,e_wallet,paid,32139905.9
2752,2752,2025-09-24 16:00:00,debit_card,failed,17010755.16
2753,2753,2025-08-22 12:00:00,bank_transfer,paid,20454657.25
2754,2754,2025-12-29 23:00:00,credit_card,failed,243611.73
2755,2755,2025-03-04 23:00:00,credit_card,paid,15542989.18
2756,2756,2025-09-10 15:00:00,bank_transfer,paid,236709.7
2757,2757,2025-03-12 12:00:00,bank_transfer,pending,20757754.55
2758,2758,2025-12-09 10:00:00,e_wallet,paid,27322573.88
2759,2759,2025-02-11 01:00:00,debit_card,failed,29613995.38
2760,2760,2025-04-24 10:00:00,credit_card,paid,447151.5
2761,2761,2025-06-17 23:00:00,e_wallet,failed,25362346.22
2762,2762,2025-06-21 16:00:00,e_wallet,paid,4717807.15
2763,2763,2025-11-19 14:00:00,e_wallet,failed,24637066.79
2764,2764,2025-12-11 15:00:00,bank_transfer,paid,23680389.4
2765,2765,2025-12-29 16:00:00,bank_transfer,paid,17941226.77
2766,2766,2025-01-21 15:00:00,bank_transfer,paid,23186737.45
2767,2767,2025-12-28 13:00:00,bank_transfer,refunded,21868785.59
2768,2768,2025-06-12 21:00:00,bank_transfer,failed,13232116.32
2769,2769,2025-10-14 03:00:00,bank_transfer,failed,14158670.76
2770,2770,2025-11-18 04:00:00,bank_transfer,pending,7202874.13
2771,2771,2025-11-18 13:00:00,credit_card,paid,26763764.16
2772,2772,2025-03-13 07:00:00,credit_card,paid,33378119.28
2773,2773,2025-04-24 09:00:00,e_wallet,paid,35690754.2
2774,2774,2025-05-16 14:00:00,credit_card,paid,4445293.78
2775,2775,2025-09-06 04:00:00,debit_card,paid,3222036.96
2776,2776,2025-09-14 00:00:00,credit_card,paid,18601733.68
2777,2777,2025-04-12 02:00:00,debit_card,paid,16444351.74
2778,2778,2025-09-24 00:00:00,e_wallet,pending,15305243.08
2779,2779,2025-04-20 14:00:00,e_wallet,paid,14476997.51
2780,2780,2025-02-04 15:00:00,debit_card,failed,4931268.06
2781,2781,2025-11-09 23:00:00,e_wallet,pending,24177373.7
2782,2782,2025-04-03 19:00:00,e_wallet,paid,5169821.67
2783,2783,2025-12-20 23:00:00,debit_card,refunded,4779138.35
2784,2784,2025-07-15 23:00:00,debit_card,refunded,324815.64
2785,2785,2025-05-01 19:00:00,e_wallet,paid,11865764.49
2786,2786,2025-09-05 18:00:00,debit_card,pending,3828840.32
2787,2787,2025-04-04 15:00:00,credit_card,paid,29865806.24
2788,2788,2025-04-30 04:00:00,e_wallet,paid,13472333.6
2789,2789,2025-12-09 01:00:00,credit_card,paid,33376915.67
2790,2790,2025-11-19 03:00:00,credit_card,refunded,3461337.56
2791,2791,2025-07-02 20:00:00,e_wallet,paid,11829828.65
2792,2792,2025-06-02 02:00:00,credit_card,paid,44506331.19
2793,2793,2025-03-01 00:00:00,e_wallet,failed,20800306.02
2794,2794,2025-05-28 14:00:00,debit_card,paid,15967350.93
2795,2795,2025-06-17 03:00:00,bank_transfer,pending,19902998.56
2796,2796,2025-08-06 20:00:00,e_wallet,paid,27762939.68
2797,2797,2025-08-27 12:00:00,debit_card,paid,2610536.36
2798,2798,2025-12-06 19:00:00,e_wallet,paid,3133467.59
2799,2799,2025-12-24 09:00:00,bank_transfer,pending,9801383.96
2800,2800,2025-03-08 16:00:00,bank_transfer,paid,537087.75
2801,2801,2025-09-09 17:00:00,bank_transfer,paid,12147769.5
2802,2802,2025-12-18 06:00:00,e_wallet,paid,11435123.55
2803,2803,2025-05-29 04:00:00,credit_card,failed,6801009.38
2804,2804,2025-04-22 15:00:00,debit_card,failed,1190957.46
2805,2805,2025-07-29 07:00:00,e_wallet,failed,5827225.2
2806,2806,2025-06-15 19:00:00,bank_transfer,pending,3304299.31
2807,2807,2025-06-13 17:00:00,credit_card,paid,12905035.41
2808,2808,2025-08-15 01:00:00,bank_transfer,paid,3468801.92
2809,2809,2025-05-14 23:00:00,e_wallet,paid,35447964.7
2810,2810,2025-05-18 16:00:00,bank_transfer,pending,24584805.89
2811,2811,2025-04-24 03:00:00,e_wallet,pending,572605.82
2812,2812,2025-01-25 13:00:00,bank_transfer,paid,6182337.6
2813,2813,2025-07-30 08:00:00,debit_card,failed,22444822.68
2814,2814,2025-03-28 21:00:00,debit_card,paid,2338058.23
2815,2815,2025-11-18 12:00:00,credit_card,failed,27193611.08
2816,2816,2025-11-11 00:00:00,bank_transfer,paid,13670106.15
2817,2817,2025-11-06 09:00:00,credit_card,paid,15891034.44
2818,2818,2025-01-12 19:00:00,bank_transfer,paid,11718631.73
2819,2819,2025-02-17 01:00:00,e_wallet,pending,8496530.63
2820,2820,2025-06-20 23:00:00,credit_card,paid,31402859.07
2821,2821,2025-10-12 12:00:00,debit_card,pending,14374892.4
2822,2822,2025-01-27 05:00:00,bank_transfer,paid,6650579.37
2823,2823,2025-07-07 00:00:00,e_wallet,paid,12736574.51
2824,2824,2025-03-22 06:00:00,debit_card,failed,20349459.75
2825,2825,2025-07-23 05:00:00,bank_transfer,pending,32632364.34
2826,2826,2025-04-28 16:00:00,bank_transfer,failed,26059136.74
2827,2827,2025-03-24 23:00:00,credit_card,paid,41949099.6
2828,2828,2025-06-20 15:00:00,e_wallet,paid,31704619.44
2829,2829,2025-10-12 09:00:00,bank_transfer,paid,5080681.28
2830,2830,2025-01-08 16:00:00,debit_card,failed,43453203.45
2831,2831,2025-01-12 02:00:00,debit_card,refunded,14626502.28
2832,2832,2025-02-24 00:00:00,bank_transfer,paid,4137346.63
2833,2833,2025-09-06 04:00:00,debit_card,paid,15111221.26
2834,2834,2025-05-25 16:00:00,credit_card,paid,33263213.33
2835,2835,2025-04-29 09:00:00,e_wallet,failed,7283368.56
2836,2836,2025-12-19 18:00:00,e_wallet,paid,14709151.22
2837,2837,2025-05-21 15:00:00,debit_card,paid,21786793.47
2838,2838,2025-07-13 17:00:00,debit_card,paid,23039479.34
2839,2839,2025-03-09 20:00:00,debit_card,pending,35206197.62
2840,2840,2025-05-19 23:00:00,bank_transfer,paid,12138891.07
2841,2841,2025-02-10 15:00:00,bank_transfer,failed,27209571.45
2842,2842,2025-12-27 12:00:00,credit_card,pending,37324779.02
2843,2843,2025-08-01 12:00:00,credit_card,paid,1777800.47
2844,2844,2025-10-06 20:00:00,bank_transfer,paid,21394732.62
2845,2845,2025-02-18 03:00:00,debit_card,failed,14103992.28
2846,2846,2025-07-21 09:00:00,e_wallet,failed,17368149.02
2847,2847,2025-11-07 05:00:00,credit_card,paid,34504821.69
2848,2848,2025-06-15 14:00:00,bank_transfer,refunded,6651249.68
2849,2849,2025-01-12 20:00:00,e_wallet,paid,3620756.02
2850,2850,2025-08-24 16:00:00,bank_transfer,paid,35841222.33
2851,2851,2025-05-17 01:00:00,e_wallet,pending,14816223.56
2852,2852,2025-10-23 01:00:00,bank_transfer,paid,26108068.99
2853,2853,2025-05-31 14:00:00,credit_card,paid,17137573.06
2854,2854,2025-04-24 14:00:00,e_wallet,paid,23349589.34
2855,2855,2025-10-16 02:00:00,bank_transfer,paid,30121186.56
2856,2856,2025-05-27 05:00:00,bank_transfer,pending,31978057.88
2857,2857,2025-10-02 06:00:00,e_wallet,paid,19762663.92
2858,2858,2025-07-17 00:00:00,credit_card,paid,9181851.72
2859,2859,2025-07-22 19:00:00,credit_card,paid,43350266.82
2860,2860,2025-10-08 04:00:00,credit_card,paid,52155601.38
2861,2861,2025-08-20 12:00:00,credit_card,refunded,21884088.19
2862,2862,2025-01-13 22:00:00,credit_card,failed,6602551.05
2863,2863,2025-04-29 16:00:00,e_wallet,paid,26750333.08
2864,2864,2025-09-03 21:00:00,bank_transfer,paid,593756.23
2865,2865,2025-11-26 23:00:00,e_wallet,paid,14248873.14
2866,2866,2025-03-16 22:00:00,credit_card,pending,10066248.33
2867,2867,2025-02-12 03:00:00,bank_transfer,refunded,9882205.67
2868,2868,2025-03-28 08:00:00,bank_transfer,failed,12426004.76
2869,2869,2025-09-09 10:00:00,debit_card,paid,46678023.21
2870,2870,2025-02-12 14:00:00,debit_card,paid,23589035.75
2871,2871,2025-11-13 00:00:00,debit_card,paid,11252268.56
2872,2872,2025-09-26 11:00:00,e_wallet,failed,13390813.46
2873,2873,2025-10-19 22:00:00,e_wallet,paid,18813575.79
2874,2874,2025-01-31 01:00:00,credit_card,paid,3382925.7
2875,2875,2025-05-10 15:00:00,bank_transfer,paid,8465374.32
2876,2876,2025-06-22 21:00:00,credit_card,paid,43836564.79
2877,2877,2025-01-19 02:00:00,debit_card,pending,18540430.08
2878,2878,2025-10-18 14:00:00,bank_transfer,paid,8364929.16
2879,2879,2025-01-04 07:00:00,debit_card,pending,11778810.23
2880,2880,2025-04-18 07:00:00,credit_card,refunded,20457551.97
2881,2881,2025-09-08 05:00:00,debit_card,paid,5412238.4
2882,2882,2025-06-10 19:00:00,bank_transfer,pending,27185126.55
2883,2883,2025-05-02 06:00:00,credit_card,paid,15510687.75
2884,2884,2025-12-30 00:00:00,credit_card,refunded,24420658.48
2885,2885,2025-10-13 01:00:00,credit_card,pending,9105808.32
2886,2886,2025-02-12 15:00:00,bank_transfer,paid,31676756.07
2887,2887,2025-08-07 15:00:00,credit_card,paid,16224186.09
2888,2888,2025-07-12 13:00:00,e_wallet,failed,16674111.87
2889,2889,2025-01-07 03:00:00,bank_transfer,failed,17175815.5
2890,2890,2025-03-04 22:00:00,credit_card,paid,6957045.75
2891,2891,2025-08-14 13:00:00,credit_card,paid,14011975.32
2892,2892,2025-01-21 19:00:00,debit_card,paid,5914997.53
2893,2893,2025-09-12 13:00:00,e_wallet,pending,32618631.5
2894,2894,2025-09-27 11:00:00,e_wallet,paid,16521496.55
2895,2895,2025-10-08 06:00:00,e_wallet,paid,2853745.65
2896,2896,2025-01-06 19:00:00,e_wallet,paid,12868759.28
2897,2897,2025-08-11 05:00:00,e_wallet,pending,13790470.7
2898,2898,2025-12-14 11:00:00,credit_card,refunded,21545336.19
2899,2899,2025-06-16 18:00:00,bank_transfer,paid,39742232.95
2900,2900,2025-10-17 16:00:00,debit_card,paid,23164778.72
2901,2901,2025-03-15 22:00:00,debit_card,refunded,8007915.24
2902,2902,2025-12-18 12:00:00,bank_transfer,failed,27629307.94
2903,2903,2025-11-11 02:00:00,e_wallet,pending,22622576.88
2904,2904,2025-07-11 15:00:00,e_wallet,refunded,21082628.66
2905,2905,2025-05-09 06:00:00,debit_card,paid,17346014.4
2906,2906,2025-04-19 14:00:00,debit_card,paid,12406108.02
2907,2907,2025-03-11 09:00:00,credit_card,refunded,19540259.14
2908,2908,2025-08-31 13:00:00,bank_transfer,paid,12538953.12
2909,2909,2025-08-03 13:00:00,bank_transfer,paid,23216714.21
2910,2910,2025-08-29 11:00:00,debit_card,paid,4750893.14
2911,2911,2025-06-09 03:00:00,bank_transfer,paid,13307150.48
2912,2912,2025-04-13 03:00:00,credit_card,paid,1022102.66
2913,2913,2025-10-03 14:00:00,e_wallet,paid,30620558.95
2914,2914,2025-02-19 07:00:00,e_wallet,refunded,22374271.9
2915,2915,2025-08-29 00:00:00,bank_transfer,paid,22567916.97
2916,2916,2025-02-05 01:00:00,debit_card,pending,19199626.22
2917,2917,2025-10-15 22:00:00,e_wallet,paid,1585063.65
2918,2918,2025-06-26 17:00:00,credit_card,paid,23229205.84
2919,2919,2025-04-10 01:00:00,e_wallet,paid,21586854.44
2920,2920,2025-08-07 07:00:00,credit_card,pending,2867439.19
2921,2921,2025-06-07 03:00:00,debit_card,refunded,22280486.83
2922,2922,2025-07-27 23:00:00,credit_card,paid,44411972.17
2923,2923,2025-10-16 18:00:00,debit_card,pending,1655959.26
2924,2924,2025-12-04 04:00:00,e_wallet,paid,20880818.97
2925,2925,2025-11-01 14:00:00,bank_transfer,paid,27068887.4
2926,2926,2025-04-21 05:00:00,e_wallet,paid,3068291.01
2927,2927,2025-05-15 21:00:00,e_wallet,paid,24789278.65
2928,2928,2025-03-06 11:00:00,credit_card,refunded,27038539.58
2929,2929,2025-10-28 08:00:00,e_wallet,failed,10864557.13
2930,2930,2025-07-17 18:00:00,credit_card,refunded,15252911.52
2931,2931,2025-11-01 11:00:00,credit_card,paid,2475209.66
2932,2932,2025-11-12 08:00:00,debit_card,paid,16559429.56
2933,2933,2025-04-19 19:00:00,debit_card,paid,7422402.17
2934,2934,2025-04-30 20:00:00,debit_card,paid,4017255.41
2935,2935,2025-11-11 13:00:00,credit_card,paid,2575059.33
2936,2936,2025-03-26 12:00:00,bank_transfer,failed,12363185.09
2937,2937,2025-01-01 23:00:00,e_wallet,paid,6045606.18
2938,2938,2025-01-27 04:00:00,e_wallet,refunded,5732049.57
2939,2939,2025-08-14 10:00:00,debit_card,pending,12811732.12
2940,2940,2025-08-30 08:00:00,bank_transfer,paid,15560336.8
2941,2941,2025-09-15 19:00:00,bank_transfer,paid,2037550.0
2942,2942,2025-05-05 15:00:00,e_wallet,paid,10813987.74
2943,2943,2025-07-14 12:00:00,credit_card,paid,40770891.29
2944,2944,2025-12-28 02:00:00,e_wallet,paid,10306818.74
2945,2945,2025-06-10 13:00:00,e_wallet,refunded,4392973.61
2946,2946,2025-06-13 12:00:00,credit_card,paid,26883788.93
2947,2947,2025-11-06 19:00:00,bank_transfer,paid,23910068.45
2948,2948,2025-03-27 02:00:00,bank_transfer,pending,35332460.5
2949,2949,2025-05-23 11:00:00,credit_card,paid,44668422.03
2950,2950,2025-08-12 05:00:00,debit_card,paid,27839858.26
2951,2951,2025-09-08 04:00:00,debit_card,failed,30920083.51
2952,2952,2025-05-10 04:00:00,credit_card,paid,3967446.02
2953,2953,2025-10-14 10:00:00,credit_card,paid,24339947.46
2954,2954,2025-12-01 02:00:00,bank_transfer,paid,26434162.02
2955,2955,2025-01-13 07:00:00,credit_card,paid,26211131.8
2956,2956,2025-08-27 17:00:00,bank_transfer,pending,21424223.81
2957,2957,2025-06-29 00:00:00,e_wallet,paid,13584960.23
2958,2958,2025-04-21 11:00:00,credit_card,refunded,21073458.52
2959,2959,2025-04-09 21:00:00,e_wallet,paid,7351037.97
2960,2960,2025-04-02 07:00:00,bank_transfer,pending,18426247.09
2961,2961,2025-01-06 03:00:00,debit_card,paid,5162908.68
2962,2962,2025-07-04 18:00:00,e_wallet,paid,20560423.36
2963,2963,2025-01-04 13:00:00,bank_transfer,paid,58356750.03
2964,2964,2025-06-18 17:00:00,bank_transfer,paid,27558670.82
2965,2965,2025-05-11 13:00:00,bank_transfer,paid,24422061.14
2966,2966,2025-11-07 02:00:00,e_wallet,paid,16870410.36
2967,2967,2025-11-28 01:00:00,bank_transfer,pending,23489070.32
2968,2968,2025-09-04 09:00:00,credit_card,paid,45598632.62
2969,2969,2025-12-24 03:00:00,debit_card,paid,2590672.0
2970,2970,2025-05-22 21:00:00,e_wallet,paid,17973184.3
2971,2971,2025-10-20 17:00:00,bank_transfer,paid,14256588.17
2972,2972,2025-08-31 02:00:00,e_wallet,pending,3433412.44
2973,2973,2025-08-22 15:00:00,debit_card,paid,15429529.27
2974,2974,2025-09-01 20:00:00,bank_transfer,failed,24936618.46
2975,2975,2025-11-29 08:00:00,bank_transfer,refunded,31347315.6
2976,2976,2025-02-23 10:00:00,bank_transfer,paid,27109990.22
2977,2977,2025-01-15 06:00:00,bank_transfer,pending,6064180.3
2978,2978,2025-03-20 10:00:00,credit_card,pending,6563637.96
2979,2979,2025-04-01 19:00:00,bank_transfer,failed,28204173.57
2980,2980,2025-03-10 06:00:00,e_wallet,paid,1652766.85
2981,2981,2025-03-04 04:00:00,debit_card,paid,9469255.2
2982,2982,2025-11-23 21:00:00,debit_card,paid,2729041.96
2983,2983,2025-06-11 20:00:00,bank_transfer,failed,18605763.23
2984,2984,2025-10-07 06:00:00,e_wallet,failed,21938911.11
2985,2985,2025-04-11 15:00:00,credit_card,failed,43891742.22
2986,2986,2025-01-10 15:00:00,bank_transfer,failed,35571397.19
2987,2987,2025-12-11 13:00:00,credit_card,paid,5240834.35
2988,2988,2025-12-31 02:00:00,bank_transfer,refunded,10206942.51
2989,2989,2025-07-08 08:00:00,debit_card,paid,191472.83
2990,2990,2025-12-08 10:00:00,e_wallet,paid,21601379.19
2991,2991,2025-12-08 08:00:00,e_wallet,paid,2955944.25
2992,2992,2025-02-03 19:00:00,e_wallet,failed,23092713.36
2993,2993,2025-09-15 10:00:00,bank_transfer,pending,3508372.0
2994,2994,2025-05-18 14:00:00,credit_card,paid,6973275.03
2995,2995,2025-08-16 09:00:00,e_wallet,paid,24344512.64
2996,2996,2025-11-08 09:00:00,e_wallet,pending,10549498.36
2997,2997,2025-09-17 01:00:00,credit_card,paid,16920138.96
2998,2998,2025-11-22 08:00:00,e_wallet,failed,19761695.47
2999,2999,2025-01-03 01:00:00,debit_card,paid,13699611.2
3000,3000,2025-10-16 23:00:00,e_wallet,paid,11746924.54
